2026-09-17 06:41:03.411899 (MainThread): Running with dbt=0.21.1
2026-09-17 06:41:03.521096 (MainThread): running dbt with arguments Namespace(cls=<class 'dbt.task.run.RunTask'>, debug=False, defer=None, exclude=None, fail_fast=False, full_refresh=False, log_cache_events=False, log_format='default', partial_parse=None, profile=None, profiles_dir='/home/learn/.dbt', project_dir=None, record_timing_info=None, rpc_method='run', select=None, selector_name=None, single_threaded=False, state=None, strict=False, target=None, test_new_parser=False, threads=None, use_cache=True, use_colors=None, use_experimental_parser=False, vars='{}', version_check=True, warn_error=False, which='run', write_json=True)
2026-09-17 06:41:03.522151 (MainThread): Tracking: tracking
2026-09-17 06:41:03.523414 (MainThread): Sending event: {'category': 'dbt', 'action': 'invocation', 'label': 'start', 'context': [<snowplow_tracker.self_describing_json.SelfDescribingJson object at 0x7f5e88b74ba8>, <snowplow_tracker.self_describing_json.SelfDescribingJson object at 0x7f5e88b74dd8>, <snowplow_tracker.self_describing_json.SelfDescribingJson object at 0x7f5e88b74ac8>]}
2026-09-17 06:41:03.541422 (MainThread): Partial parsing not enabled
2026-09-17 06:41:03.552981 (MainThread): Parsing macros/adapters.sql
2026-09-17 06:41:03.591550 (MainThread): Parsing macros/catalog.sql
2026-09-17 06:41:03.594645 (MainThread): Parsing macros/relations.sql
2026-09-17 06:41:03.596088 (MainThread): Parsing macros/materializations/snapshot_merge.sql
2026-09-17 06:41:03.597998 (MainThread): Parsing macros/core.sql
2026-09-17 06:41:03.602000 (MainThread): Parsing macros/adapters/common.sql
2026-09-17 06:41:03.654509 (MainThread): Parsing macros/etc/datetime.sql
2026-09-17 06:41:03.663043 (MainThread): Parsing macros/etc/get_custom_alias.sql
2026-09-17 06:41:03.665899 (MainThread): Parsing macros/etc/get_custom_database.sql
2026-09-17 06:41:03.667607 (MainThread): Parsing macros/etc/get_custom_schema.sql
2026-09-17 06:41:03.669856 (MainThread): Parsing macros/etc/is_incremental.sql
2026-09-17 06:41:03.671243 (MainThread): Parsing macros/etc/query.sql
2026-09-17 06:41:03.672047 (MainThread): Parsing macros/etc/where_subquery.sql
2026-09-17 06:41:03.673819 (MainThread): Parsing macros/materializations/helpers.sql
2026-09-17 06:41:03.682082 (MainThread): Parsing macros/materializations/test.sql
2026-09-17 06:41:03.688493 (MainThread): Parsing macros/materializations/common/merge.sql
2026-09-17 06:41:03.700561 (MainThread): Parsing macros/materializations/incremental/helpers.sql
2026-09-17 06:41:03.702107 (MainThread): Parsing macros/materializations/incremental/incremental.sql
2026-09-17 06:41:03.711414 (MainThread): Parsing macros/materializations/incremental/on_schema_change.sql
2026-09-17 06:41:03.728014 (MainThread): Parsing macros/materializations/seed/seed.sql
2026-09-17 06:41:03.748587 (MainThread): Parsing macros/materializations/snapshot/snapshot.sql
2026-09-17 06:41:03.775900 (MainThread): Parsing macros/materializations/snapshot/snapshot_merge.sql
2026-09-17 06:41:03.777487 (MainThread): Parsing macros/materializations/snapshot/strategies.sql
2026-09-17 06:41:03.792044 (MainThread): Parsing macros/materializations/table/table.sql
2026-09-17 06:41:03.798168 (MainThread): Parsing macros/materializations/view/create_or_replace_view.sql
2026-09-17 06:41:03.801374 (MainThread): Parsing macros/materializations/view/view.sql
2026-09-17 06:41:03.807408 (MainThread): Parsing macros/schema_tests/accepted_values.sql
2026-09-17 06:41:03.809361 (MainThread): Parsing macros/schema_tests/not_null.sql
2026-09-17 06:41:03.810265 (MainThread): Parsing macros/schema_tests/relationships.sql
2026-09-17 06:41:03.811743 (MainThread): Parsing macros/schema_tests/unique.sql
2026-09-17 06:41:03.976644 (MainThread): Acquiring new postgres connection "model.dbt_project.my_first_model".
2026-09-17 06:41:04.004650 (MainThread): Sending event: {'category': 'dbt', 'action': 'load_project', 'label': '90d1a397-dfbd-469e-b78f-7735b068660b', 'context': [<snowplow_tracker.self_describing_json.SelfDescribingJson object at 0x7f5e88a2d748>]}
2026-09-17 06:41:04.007937 (MainThread): Sending event: {'category': 'dbt', 'action': 'resource_counts', 'label': '90d1a397-dfbd-469e-b78f-7735b068660b', 'context': [<snowplow_tracker.self_describing_json.SelfDescribingJson object at 0x7f5e88a2da90>]}
2026-09-17 06:41:04.008210 (MainThread): Found 1 model, 0 tests, 0 snapshots, 0 analyses, 162 macros, 0 operations, 0 seed files, 0 sources, 0 exposures
2026-09-17 06:41:04.008938 (MainThread): 
2026-09-17 06:41:04.009325 (MainThread): Acquiring new postgres connection "master".
2026-09-17 06:41:04.010534 (ThreadPoolExecutor-0_0): Acquiring new postgres connection "list_postgres".
2026-09-17 06:41:04.019689 (ThreadPoolExecutor-0_0): Using postgres connection "list_postgres".
2026-09-17 06:41:04.019877 (ThreadPoolExecutor-0_0): On list_postgres: /* {"app": "dbt", "dbt_version": "0.21.1", "profile_name": "dbt-project", "target_name": "dev", "connection_name": "list_postgres"} */

    select distinct nspname from pg_namespace
  
2026-09-17 06:41:04.019988 (ThreadPoolExecutor-0_0): Opening a new connection, currently in state init
2026-09-17 06:41:04.038344 (ThreadPoolExecutor-0_0): SQL status: SELECT 4 in 0.02 seconds
2026-09-17 06:41:04.040250 (ThreadPoolExecutor-0_0): On list_postgres: Close
2026-09-17 06:41:04.041884 (ThreadPoolExecutor-1_0): Acquiring new postgres connection "list_postgres_public".
2026-09-17 06:41:04.047865 (ThreadPoolExecutor-1_0): Using postgres connection "list_postgres_public".
2026-09-17 06:41:04.048005 (ThreadPoolExecutor-1_0): On list_postgres_public: BEGIN
2026-09-17 06:41:04.048105 (ThreadPoolExecutor-1_0): Opening a new connection, currently in state closed
2026-09-17 06:41:04.054168 (ThreadPoolExecutor-1_0): SQL status: BEGIN in 0.01 seconds
2026-09-17 06:41:04.054400 (ThreadPoolExecutor-1_0): Using postgres connection "list_postgres_public".
2026-09-17 06:41:04.054488 (ThreadPoolExecutor-1_0): On list_postgres_public: /* {"app": "dbt", "dbt_version": "0.21.1", "profile_name": "dbt-project", "target_name": "dev", "connection_name": "list_postgres_public"} */
select
      'postgres' as database,
      tablename as name,
      schemaname as schema,
      'table' as type
    from pg_tables
    where schemaname ilike 'public'
    union all
    select
      'postgres' as database,
      viewname as name,
      schemaname as schema,
      'view' as type
    from pg_views
    where schemaname ilike 'public'
  
2026-09-17 06:41:04.065272 (ThreadPoolExecutor-1_0): SQL status: SELECT 0 in 0.01 seconds
2026-09-17 06:41:04.066892 (ThreadPoolExecutor-1_0): On list_postgres_public: ROLLBACK
2026-09-17 06:41:04.067525 (ThreadPoolExecutor-1_0): On list_postgres_public: Close
2026-09-17 06:41:04.072048 (MainThread): Using postgres connection "master".
2026-09-17 06:41:04.072181 (MainThread): On master: BEGIN
2026-09-17 06:41:04.072264 (MainThread): Opening a new connection, currently in state init
2026-09-17 06:41:04.077474 (MainThread): SQL status: BEGIN in 0.01 seconds
2026-09-17 06:41:04.077602 (MainThread): Using postgres connection "master".
2026-09-17 06:41:04.077699 (MainThread): On master: /* {"app": "dbt", "dbt_version": "0.21.1", "profile_name": "dbt-project", "target_name": "dev", "connection_name": "master"} */
with relation as (
        select
            pg_rewrite.ev_class as class,
            pg_rewrite.oid as id
        from pg_rewrite
    ),
    class as (
        select
            oid as id,
            relname as name,
            relnamespace as schema,
            relkind as kind
        from pg_class
    ),
    dependency as (
        select
            pg_depend.objid as id,
            pg_depend.refobjid as ref
        from pg_depend
    ),
    schema as (
        select
            pg_namespace.oid as id,
            pg_namespace.nspname as name
        from pg_namespace
        where nspname != 'information_schema' and nspname not like 'pg\_%'
    ),
    referenced as (
        select
            relation.id AS id,
            referenced_class.name ,
            referenced_class.schema ,
            referenced_class.kind
        from relation
        join class as referenced_class on relation.class=referenced_class.id
        where referenced_class.kind in ('r', 'v')
    ),
    relationships as (
        select
            referenced.name as referenced_name,
            referenced.schema as referenced_schema_id,
            dependent_class.name as dependent_name,
            dependent_class.schema as dependent_schema_id,
            referenced.kind as kind
        from referenced
        join dependency on referenced.id=dependency.id
        join class as dependent_class on dependency.ref=dependent_class.id
        where
            (referenced.name != dependent_class.name or
             referenced.schema != dependent_class.schema)
    )

    select
        referenced_schema.name as referenced_schema,
        relationships.referenced_name as referenced_name,
        dependent_schema.name as dependent_schema,
        relationships.dependent_name as dependent_name
    from relationships
    join schema as dependent_schema on relationships.dependent_schema_id=dependent_schema.id
    join schema as referenced_schema on relationships.referenced_schema_id=referenced_schema.id
    group by referenced_schema, referenced_name, dependent_schema, dependent_name
    order by referenced_schema, referenced_name, dependent_schema, dependent_name;
2026-09-17 06:41:04.086376 (MainThread): SQL status: SELECT 0 in 0.01 seconds
2026-09-17 06:41:04.087702 (MainThread): On master: ROLLBACK
2026-09-17 06:41:04.088066 (MainThread): Using postgres connection "master".
2026-09-17 06:41:04.088192 (MainThread): On master: BEGIN
2026-09-17 06:41:04.088948 (MainThread): SQL status: BEGIN in 0.00 seconds
2026-09-17 06:41:04.089183 (MainThread): On master: COMMIT
2026-09-17 06:41:04.089292 (MainThread): Using postgres connection "master".
2026-09-17 06:41:04.089380 (MainThread): On master: COMMIT
2026-09-17 06:41:04.089750 (MainThread): SQL status: COMMIT in 0.00 seconds
2026-09-17 06:41:04.089868 (MainThread): On master: Close
2026-09-17 06:41:04.090324 (MainThread): 23:41:04 | Concurrency: 1 threads (target='dev')
2026-09-17 06:41:04.090493 (MainThread): 23:41:04 | 
2026-09-17 06:41:04.093724 (Thread-1): Began running node model.dbt_project.my_first_model
2026-09-17 06:41:04.094230 (Thread-1): 23:41:04 | 1 of 1 START view model public.my_first_model........................ [RUN]
2026-09-17 06:41:04.094626 (Thread-1): Acquiring new postgres connection "model.dbt_project.my_first_model".
2026-09-17 06:41:04.094792 (Thread-1): Compiling model.dbt_project.my_first_model
2026-09-17 06:41:04.096272 (Thread-1): Writing injected SQL for node "model.dbt_project.my_first_model"
2026-09-17 06:41:04.096818 (Thread-1): finished collecting timing info
2026-09-17 06:41:04.120161 (Thread-1): Writing runtime SQL for node "model.dbt_project.my_first_model"
2026-09-17 06:41:04.120711 (Thread-1): Using postgres connection "model.dbt_project.my_first_model".
2026-09-17 06:41:04.120815 (Thread-1): On model.dbt_project.my_first_model: BEGIN
2026-09-17 06:41:04.120909 (Thread-1): Opening a new connection, currently in state closed
2026-09-17 06:41:04.126094 (Thread-1): SQL status: BEGIN in 0.01 seconds
2026-09-17 06:41:04.126271 (Thread-1): Using postgres connection "model.dbt_project.my_first_model".
2026-09-17 06:41:04.126377 (Thread-1): On model.dbt_project.my_first_model: /* {"app": "dbt", "dbt_version": "0.21.1", "profile_name": "dbt-project", "target_name": "dev", "node_id": "model.dbt_project.my_first_model"} */

  create view "postgres"."public"."my_first_model__dbt_tmp" as (
    select 
    1 as id,
    'Airflow & dbt Integration' as title,
    current_timestamp as created_at
  );

2026-09-17 06:41:04.144657 (Thread-1): SQL status: CREATE VIEW in 0.02 seconds
2026-09-17 06:41:04.151190 (Thread-1): Using postgres connection "model.dbt_project.my_first_model".
2026-09-17 06:41:04.151348 (Thread-1): On model.dbt_project.my_first_model: /* {"app": "dbt", "dbt_version": "0.21.1", "profile_name": "dbt-project", "target_name": "dev", "node_id": "model.dbt_project.my_first_model"} */
alter table "postgres"."public"."my_first_model__dbt_tmp" rename to "my_first_model"
2026-09-17 06:41:04.152909 (Thread-1): SQL status: ALTER TABLE in 0.00 seconds
2026-09-17 06:41:04.160446 (Thread-1): On model.dbt_project.my_first_model: COMMIT
2026-09-17 06:41:04.160618 (Thread-1): Using postgres connection "model.dbt_project.my_first_model".
2026-09-17 06:41:04.160708 (Thread-1): On model.dbt_project.my_first_model: COMMIT
2026-09-17 06:41:04.161828 (Thread-1): SQL status: COMMIT in 0.00 seconds
2026-09-17 06:41:04.165755 (Thread-1): Using postgres connection "model.dbt_project.my_first_model".
2026-09-17 06:41:04.165860 (Thread-1): On model.dbt_project.my_first_model: /* {"app": "dbt", "dbt_version": "0.21.1", "profile_name": "dbt-project", "target_name": "dev", "node_id": "model.dbt_project.my_first_model"} */
drop view if exists "postgres"."public"."my_first_model__dbt_backup" cascade
2026-09-17 06:41:04.168649 (Thread-1): SQL status: DROP VIEW in 0.00 seconds
2026-09-17 06:41:04.169662 (Thread-1): finished collecting timing info
2026-09-17 06:41:04.169900 (Thread-1): On model.dbt_project.my_first_model: Close
2026-09-17 06:41:04.170488 (Thread-1): Sending event: {'category': 'dbt', 'action': 'run_model', 'label': '90d1a397-dfbd-469e-b78f-7735b068660b', 'context': [<snowplow_tracker.self_describing_json.SelfDescribingJson object at 0x7f5e88a719e8>]}
2026-09-17 06:41:04.170805 (Thread-1): 23:41:04 | 1 of 1 OK created view model public.my_first_model................... [CREATE VIEW in 0.08s]
2026-09-17 06:41:04.171025 (Thread-1): Finished running node model.dbt_project.my_first_model
2026-09-17 06:41:04.194534 (MainThread): Acquiring new postgres connection "master".
2026-09-17 06:41:04.194964 (MainThread): Using postgres connection "master".
2026-09-17 06:41:04.195086 (MainThread): On master: BEGIN
2026-09-17 06:41:04.195169 (MainThread): Opening a new connection, currently in state closed
2026-09-17 06:41:04.200571 (MainThread): SQL status: BEGIN in 0.01 seconds
2026-09-17 06:41:04.200739 (MainThread): On master: COMMIT
2026-09-17 06:41:04.200851 (MainThread): Using postgres connection "master".
2026-09-17 06:41:04.200985 (MainThread): On master: COMMIT
2026-09-17 06:41:04.201654 (MainThread): SQL status: COMMIT in 0.00 seconds
2026-09-17 06:41:04.201843 (MainThread): On master: Close
2026-09-17 06:41:04.202488 (MainThread): 23:41:04 | 
2026-09-17 06:41:04.202687 (MainThread): 23:41:04 | Finished running 1 view model in 0.19s.
2026-09-17 06:41:04.202821 (MainThread): Connection 'master' was properly closed.
2026-09-17 06:41:04.202913 (MainThread): Connection 'model.dbt_project.my_first_model' was properly closed.
2026-09-17 06:41:04.208327 (MainThread): 
2026-09-17 06:41:04.208587 (MainThread): Completed successfully
2026-09-17 06:41:04.208778 (MainThread): 
Done. PASS=1 WARN=0 ERROR=0 SKIP=0 TOTAL=1
2026-09-17 06:41:04.209046 (MainThread): Sending event: {'category': 'dbt', 'action': 'invocation', 'label': 'end', 'context': [<snowplow_tracker.self_describing_json.SelfDescribingJson object at 0x7f5e88aaacf8>, <snowplow_tracker.self_describing_json.SelfDescribingJson object at 0x7f5e88b262b0>, <snowplow_tracker.self_describing_json.SelfDescribingJson object at 0x7f5e88a0c7b8>]}
2026-09-17 06:41:04.209605 (MainThread): Flushing usage events
2026-09-17 06:41:19.147976 (MainThread): Running with dbt=0.21.1
2026-09-17 06:41:19.249390 (MainThread): running dbt with arguments Namespace(cls=<class 'dbt.task.run.RunTask'>, debug=False, defer=None, exclude=None, fail_fast=False, full_refresh=False, log_cache_events=False, log_format='default', partial_parse=None, profile=None, profiles_dir='/home/learn/.dbt', project_dir=None, record_timing_info=None, rpc_method='run', select=['my_first_model'], selector_name=None, single_threaded=False, state=None, strict=False, target=None, test_new_parser=False, threads=None, use_cache=True, use_colors=None, use_experimental_parser=False, vars='{}', version_check=True, warn_error=False, which='run', write_json=True)
2026-09-17 06:41:19.250191 (MainThread): Tracking: tracking
2026-09-17 06:41:19.251361 (MainThread): Sending event: {'category': 'dbt', 'action': 'invocation', 'label': 'start', 'context': [<snowplow_tracker.self_describing_json.SelfDescribingJson object at 0x7fedda1c8a20>, <snowplow_tracker.self_describing_json.SelfDescribingJson object at 0x7fedda1c8d68>, <snowplow_tracker.self_describing_json.SelfDescribingJson object at 0x7fedda1c87f0>]}
2026-09-17 06:41:19.261930 (MainThread): Partial parsing not enabled
2026-09-17 06:41:19.268720 (MainThread): Parsing macros/adapters.sql
2026-09-17 06:41:19.290032 (MainThread): Parsing macros/catalog.sql
2026-09-17 06:41:19.291980 (MainThread): Parsing macros/relations.sql
2026-09-17 06:41:19.293083 (MainThread): Parsing macros/materializations/snapshot_merge.sql
2026-09-17 06:41:19.294599 (MainThread): Parsing macros/core.sql
2026-09-17 06:41:19.297721 (MainThread): Parsing macros/adapters/common.sql
2026-09-17 06:41:19.340580 (MainThread): Parsing macros/etc/datetime.sql
2026-09-17 06:41:19.347932 (MainThread): Parsing macros/etc/get_custom_alias.sql
2026-09-17 06:41:19.349269 (MainThread): Parsing macros/etc/get_custom_database.sql
2026-09-17 06:41:19.350694 (MainThread): Parsing macros/etc/get_custom_schema.sql
2026-09-17 06:41:19.352845 (MainThread): Parsing macros/etc/is_incremental.sql
2026-09-17 06:41:19.354027 (MainThread): Parsing macros/etc/query.sql
2026-09-17 06:41:19.354925 (MainThread): Parsing macros/etc/where_subquery.sql
2026-09-17 06:41:19.356471 (MainThread): Parsing macros/materializations/helpers.sql
2026-09-17 06:41:19.364681 (MainThread): Parsing macros/materializations/test.sql
2026-09-17 06:41:19.370032 (MainThread): Parsing macros/materializations/common/merge.sql
2026-09-17 06:41:19.381579 (MainThread): Parsing macros/materializations/incremental/helpers.sql
2026-09-17 06:41:19.382987 (MainThread): Parsing macros/materializations/incremental/incremental.sql
2026-09-17 06:41:19.391540 (MainThread): Parsing macros/materializations/incremental/on_schema_change.sql
2026-09-17 06:41:19.407151 (MainThread): Parsing macros/materializations/seed/seed.sql
2026-09-17 06:41:19.427202 (MainThread): Parsing macros/materializations/snapshot/snapshot.sql
2026-09-17 06:41:19.452349 (MainThread): Parsing macros/materializations/snapshot/snapshot_merge.sql
2026-09-17 06:41:19.454008 (MainThread): Parsing macros/materializations/snapshot/strategies.sql
2026-09-17 06:41:19.469222 (MainThread): Parsing macros/materializations/table/table.sql
2026-09-17 06:41:19.475152 (MainThread): Parsing macros/materializations/view/create_or_replace_view.sql
2026-09-17 06:41:19.478568 (MainThread): Parsing macros/materializations/view/view.sql
2026-09-17 06:41:19.484522 (MainThread): Parsing macros/schema_tests/accepted_values.sql
2026-09-17 06:41:19.486596 (MainThread): Parsing macros/schema_tests/not_null.sql
2026-09-17 06:41:19.487624 (MainThread): Parsing macros/schema_tests/relationships.sql
2026-09-17 06:41:19.489011 (MainThread): Parsing macros/schema_tests/unique.sql
2026-09-17 06:41:19.658012 (MainThread): Acquiring new postgres connection "model.dbt_project.my_first_model".
2026-09-17 06:41:19.685268 (MainThread): Sending event: {'category': 'dbt', 'action': 'load_project', 'label': '8fa7b40c-3fdc-4ee5-a9c7-26a818d49edc', 'context': [<snowplow_tracker.self_describing_json.SelfDescribingJson object at 0x7fedda085668>]}
2026-09-17 06:41:19.688516 (MainThread): Sending event: {'category': 'dbt', 'action': 'resource_counts', 'label': '8fa7b40c-3fdc-4ee5-a9c7-26a818d49edc', 'context': [<snowplow_tracker.self_describing_json.SelfDescribingJson object at 0x7fedda085828>]}
2026-09-17 06:41:19.688780 (MainThread): Found 1 model, 0 tests, 0 snapshots, 0 analyses, 162 macros, 0 operations, 0 seed files, 0 sources, 0 exposures
2026-09-17 06:41:19.689549 (MainThread): 
2026-09-17 06:41:19.689812 (MainThread): Acquiring new postgres connection "master".
2026-09-17 06:41:19.691352 (ThreadPoolExecutor-0_0): Acquiring new postgres connection "list_postgres".
2026-09-17 06:41:19.701755 (ThreadPoolExecutor-0_0): Using postgres connection "list_postgres".
2026-09-17 06:41:19.701905 (ThreadPoolExecutor-0_0): On list_postgres: /* {"app": "dbt", "dbt_version": "0.21.1", "profile_name": "dbt-project", "target_name": "dev", "connection_name": "list_postgres"} */

    select distinct nspname from pg_namespace
  
2026-09-17 06:41:19.702002 (ThreadPoolExecutor-0_0): Opening a new connection, currently in state init
2026-09-17 06:41:19.710870 (ThreadPoolExecutor-0_0): SQL status: SELECT 4 in 0.01 seconds
2026-09-17 06:41:19.713483 (ThreadPoolExecutor-0_0): On list_postgres: Close
2026-09-17 06:41:19.715468 (ThreadPoolExecutor-1_0): Acquiring new postgres connection "list_postgres_public".
2026-09-17 06:41:19.723900 (ThreadPoolExecutor-1_0): Using postgres connection "list_postgres_public".
2026-09-17 06:41:19.724122 (ThreadPoolExecutor-1_0): On list_postgres_public: BEGIN
2026-09-17 06:41:19.724222 (ThreadPoolExecutor-1_0): Opening a new connection, currently in state closed
2026-09-17 06:41:19.729396 (ThreadPoolExecutor-1_0): SQL status: BEGIN in 0.01 seconds
2026-09-17 06:41:19.729621 (ThreadPoolExecutor-1_0): Using postgres connection "list_postgres_public".
2026-09-17 06:41:19.729732 (ThreadPoolExecutor-1_0): On list_postgres_public: /* {"app": "dbt", "dbt_version": "0.21.1", "profile_name": "dbt-project", "target_name": "dev", "connection_name": "list_postgres_public"} */
select
      'postgres' as database,
      tablename as name,
      schemaname as schema,
      'table' as type
    from pg_tables
    where schemaname ilike 'public'
    union all
    select
      'postgres' as database,
      viewname as name,
      schemaname as schema,
      'view' as type
    from pg_views
    where schemaname ilike 'public'
  
2026-09-17 06:41:19.731973 (ThreadPoolExecutor-1_0): SQL status: SELECT 1 in 0.00 seconds
2026-09-17 06:41:19.733662 (ThreadPoolExecutor-1_0): On list_postgres_public: ROLLBACK
2026-09-17 06:41:19.734002 (ThreadPoolExecutor-1_0): On list_postgres_public: Close
2026-09-17 06:41:19.738826 (MainThread): Using postgres connection "master".
2026-09-17 06:41:19.739227 (MainThread): On master: BEGIN
2026-09-17 06:41:19.739378 (MainThread): Opening a new connection, currently in state init
2026-09-17 06:41:19.745214 (MainThread): SQL status: BEGIN in 0.01 seconds
2026-09-17 06:41:19.745463 (MainThread): Using postgres connection "master".
2026-09-17 06:41:19.745584 (MainThread): On master: /* {"app": "dbt", "dbt_version": "0.21.1", "profile_name": "dbt-project", "target_name": "dev", "connection_name": "master"} */
with relation as (
        select
            pg_rewrite.ev_class as class,
            pg_rewrite.oid as id
        from pg_rewrite
    ),
    class as (
        select
            oid as id,
            relname as name,
            relnamespace as schema,
            relkind as kind
        from pg_class
    ),
    dependency as (
        select
            pg_depend.objid as id,
            pg_depend.refobjid as ref
        from pg_depend
    ),
    schema as (
        select
            pg_namespace.oid as id,
            pg_namespace.nspname as name
        from pg_namespace
        where nspname != 'information_schema' and nspname not like 'pg\_%'
    ),
    referenced as (
        select
            relation.id AS id,
            referenced_class.name ,
            referenced_class.schema ,
            referenced_class.kind
        from relation
        join class as referenced_class on relation.class=referenced_class.id
        where referenced_class.kind in ('r', 'v')
    ),
    relationships as (
        select
            referenced.name as referenced_name,
            referenced.schema as referenced_schema_id,
            dependent_class.name as dependent_name,
            dependent_class.schema as dependent_schema_id,
            referenced.kind as kind
        from referenced
        join dependency on referenced.id=dependency.id
        join class as dependent_class on dependency.ref=dependent_class.id
        where
            (referenced.name != dependent_class.name or
             referenced.schema != dependent_class.schema)
    )

    select
        referenced_schema.name as referenced_schema,
        relationships.referenced_name as referenced_name,
        dependent_schema.name as dependent_schema,
        relationships.dependent_name as dependent_name
    from relationships
    join schema as dependent_schema on relationships.dependent_schema_id=dependent_schema.id
    join schema as referenced_schema on relationships.referenced_schema_id=referenced_schema.id
    group by referenced_schema, referenced_name, dependent_schema, dependent_name
    order by referenced_schema, referenced_name, dependent_schema, dependent_name;
2026-09-17 06:41:19.749020 (MainThread): SQL status: SELECT 0 in 0.00 seconds
2026-09-17 06:41:19.750470 (MainThread): On master: ROLLBACK
2026-09-17 06:41:19.750998 (MainThread): Using postgres connection "master".
2026-09-17 06:41:19.751141 (MainThread): On master: BEGIN
2026-09-17 06:41:19.752137 (MainThread): SQL status: BEGIN in 0.00 seconds
2026-09-17 06:41:19.752313 (MainThread): On master: COMMIT
2026-09-17 06:41:19.752409 (MainThread): Using postgres connection "master".
2026-09-17 06:41:19.752502 (MainThread): On master: COMMIT
2026-09-17 06:41:19.753154 (MainThread): SQL status: COMMIT in 0.00 seconds
2026-09-17 06:41:19.753388 (MainThread): On master: Close
2026-09-17 06:41:19.754002 (MainThread): 23:41:19 | Concurrency: 1 threads (target='dev')
2026-09-17 06:41:19.754232 (MainThread): 23:41:19 | 
2026-09-17 06:41:19.757593 (Thread-1): Began running node model.dbt_project.my_first_model
2026-09-17 06:41:19.757884 (Thread-1): 23:41:19 | 1 of 1 START view model public.my_first_model........................ [RUN]
2026-09-17 06:41:19.758312 (Thread-1): Acquiring new postgres connection "model.dbt_project.my_first_model".
2026-09-17 06:41:19.758460 (Thread-1): Compiling model.dbt_project.my_first_model
2026-09-17 06:41:19.760332 (Thread-1): Writing injected SQL for node "model.dbt_project.my_first_model"
2026-09-17 06:41:19.760782 (Thread-1): finished collecting timing info
2026-09-17 06:41:19.789719 (Thread-1): Writing runtime SQL for node "model.dbt_project.my_first_model"
2026-09-17 06:41:19.790366 (Thread-1): Using postgres connection "model.dbt_project.my_first_model".
2026-09-17 06:41:19.790564 (Thread-1): On model.dbt_project.my_first_model: BEGIN
2026-09-17 06:41:19.790669 (Thread-1): Opening a new connection, currently in state closed
2026-09-17 06:41:19.795635 (Thread-1): SQL status: BEGIN in 0.00 seconds
2026-09-17 06:41:19.795866 (Thread-1): Using postgres connection "model.dbt_project.my_first_model".
2026-09-17 06:41:19.796087 (Thread-1): On model.dbt_project.my_first_model: /* {"app": "dbt", "dbt_version": "0.21.1", "profile_name": "dbt-project", "target_name": "dev", "node_id": "model.dbt_project.my_first_model"} */

  create view "postgres"."public"."my_first_model__dbt_tmp" as (
    select 
    1 as id,
    'Airflow & dbt Integration' as title,
    current_timestamp as created_at
  );

2026-09-17 06:41:19.798767 (Thread-1): SQL status: CREATE VIEW in 0.00 seconds
2026-09-17 06:41:19.805295 (Thread-1): Using postgres connection "model.dbt_project.my_first_model".
2026-09-17 06:41:19.805438 (Thread-1): On model.dbt_project.my_first_model: /* {"app": "dbt", "dbt_version": "0.21.1", "profile_name": "dbt-project", "target_name": "dev", "node_id": "model.dbt_project.my_first_model"} */
alter table "postgres"."public"."my_first_model" rename to "my_first_model__dbt_backup"
2026-09-17 06:41:19.806065 (Thread-1): SQL status: ALTER TABLE in 0.00 seconds
2026-09-17 06:41:19.808094 (Thread-1): Using postgres connection "model.dbt_project.my_first_model".
2026-09-17 06:41:19.808216 (Thread-1): On model.dbt_project.my_first_model: /* {"app": "dbt", "dbt_version": "0.21.1", "profile_name": "dbt-project", "target_name": "dev", "node_id": "model.dbt_project.my_first_model"} */
alter table "postgres"."public"."my_first_model__dbt_tmp" rename to "my_first_model"
2026-09-17 06:41:19.808838 (Thread-1): SQL status: ALTER TABLE in 0.00 seconds
2026-09-17 06:41:19.815208 (Thread-1): On model.dbt_project.my_first_model: COMMIT
2026-09-17 06:41:19.815363 (Thread-1): Using postgres connection "model.dbt_project.my_first_model".
2026-09-17 06:41:19.815450 (Thread-1): On model.dbt_project.my_first_model: COMMIT
2026-09-17 06:41:19.816505 (Thread-1): SQL status: COMMIT in 0.00 seconds
2026-09-17 06:41:19.820596 (Thread-1): Using postgres connection "model.dbt_project.my_first_model".
2026-09-17 06:41:19.820704 (Thread-1): On model.dbt_project.my_first_model: /* {"app": "dbt", "dbt_version": "0.21.1", "profile_name": "dbt-project", "target_name": "dev", "node_id": "model.dbt_project.my_first_model"} */
drop view if exists "postgres"."public"."my_first_model__dbt_backup" cascade
2026-09-17 06:41:19.826569 (Thread-1): SQL status: DROP VIEW in 0.01 seconds
2026-09-17 06:41:19.827737 (Thread-1): finished collecting timing info
2026-09-17 06:41:19.827873 (Thread-1): On model.dbt_project.my_first_model: Close
2026-09-17 06:41:19.828459 (Thread-1): Sending event: {'category': 'dbt', 'action': 'run_model', 'label': '8fa7b40c-3fdc-4ee5-a9c7-26a818d49edc', 'context': [<snowplow_tracker.self_describing_json.SelfDescribingJson object at 0x7fedda066d30>]}
2026-09-17 06:41:19.828781 (Thread-1): 23:41:19 | 1 of 1 OK created view model public.my_first_model................... [CREATE VIEW in 0.07s]
2026-09-17 06:41:19.828960 (Thread-1): Finished running node model.dbt_project.my_first_model
2026-09-17 06:41:19.857881 (MainThread): Acquiring new postgres connection "master".
2026-09-17 06:41:19.858193 (MainThread): Using postgres connection "master".
2026-09-17 06:41:19.858298 (MainThread): On master: BEGIN
2026-09-17 06:41:19.858511 (MainThread): Opening a new connection, currently in state closed
2026-09-17 06:41:19.863857 (MainThread): SQL status: BEGIN in 0.01 seconds
2026-09-17 06:41:19.864103 (MainThread): On master: COMMIT
2026-09-17 06:41:19.864181 (MainThread): Using postgres connection "master".
2026-09-17 06:41:19.864254 (MainThread): On master: COMMIT
2026-09-17 06:41:19.864607 (MainThread): SQL status: COMMIT in 0.00 seconds
2026-09-17 06:41:19.864779 (MainThread): On master: Close
2026-09-17 06:41:19.865290 (MainThread): 23:41:19 | 
2026-09-17 06:41:19.865525 (MainThread): 23:41:19 | Finished running 1 view model in 0.18s.
2026-09-17 06:41:19.865633 (MainThread): Connection 'master' was properly closed.
2026-09-17 06:41:19.865705 (MainThread): Connection 'model.dbt_project.my_first_model' was properly closed.
2026-09-17 06:41:19.869495 (MainThread): 
2026-09-17 06:41:19.869670 (MainThread): Completed successfully
2026-09-17 06:41:19.869810 (MainThread): 
Done. PASS=1 WARN=0 ERROR=0 SKIP=0 TOTAL=1
2026-09-17 06:41:19.870083 (MainThread): Sending event: {'category': 'dbt', 'action': 'invocation', 'label': 'end', 'context': [<snowplow_tracker.self_describing_json.SelfDescribingJson object at 0x7fedda103cf8>, <snowplow_tracker.self_describing_json.SelfDescribingJson object at 0x7feddeaceef0>, <snowplow_tracker.self_describing_json.SelfDescribingJson object at 0x7fedda117780>]}
2026-09-17 06:41:19.870467 (MainThread): Flushing usage events
[0m07:34:35.378711 [debug] [MainThread]: Sending event: {'category': 'dbt', 'action': 'invocation', 'label': 'start', 'context': [<snowplow_tracker.self_describing_json.SelfDescribingJson object at 0x7ff261517800>, <snowplow_tracker.self_describing_json.SelfDescribingJson object at 0x7ff261551400>, <snowplow_tracker.self_describing_json.SelfDescribingJson object at 0x7ff26086bf80>]}


============================== 07:34:35.399308 | 875c1168-c0d9-43ae-a88b-201b04964e8a ==============================
[0m07:34:35.399308 [info ] [MainThread]: Running with dbt=1.12.5
[0m07:34:35.400834 [debug] [MainThread]: running dbt with arguments {'indirect_selection': 'eager', 'no_print': 'None', 'cache_selected_only': 'False', 'hints_enabled': 'True', 'use_colors': 'True', 'empty': 'False', 'warn_error': 'None', 'version_check': 'True', 'target_path': 'None', 'log_path': '/opt/airflow/dags/dbt-project/logs', 'maximum_seed_size_mib': '1', 'profiles_dir': '/opt/airflow/dags/dbt-project', 'partial_parse': 'True', 'quiet': 'False', 'printer_width': '80', 'warn_error_options': 'WarnErrorOptionsV2(error=[], warn=[], silence=[])', 'write_json': 'True', 'use_experimental_parser': 'False', 'log_cache_events': 'False', 'static_parser': 'True', 'invocation_command': 'dbt seed --profiles-dir /opt/airflow/dags/dbt-project', 'fail_fast': 'False', 'debug': 'False', 'log_format': 'default', 'send_anonymous_usage_stats': 'True', 'introspect': 'True'}
[0m07:34:35.406137 [error] [MainThread]: [[31mERROR[0m]: Encountered an error:
Runtime Error
  Could not find profile named 'dbt-project'
[0m07:34:35.409159 [debug] [MainThread]: Resource report: {"command_name": "seed", "command_success": false, "command_wall_clock_time": 0.1931597, "process_in_blocks": "18992", "process_kernel_time": 0.526412, "process_mem_max_rss": "115452", "process_out_blocks": "16", "process_user_time": 3.297286}
[0m07:34:35.410795 [debug] [MainThread]: Command `dbt seed` failed at 07:34:35.410402 after 0.19 seconds
[0m07:34:35.411634 [debug] [MainThread]: Sending event: {'category': 'dbt', 'action': 'invocation', 'label': 'end', 'context': [<snowplow_tracker.self_describing_json.SelfDescribingJson object at 0x7ff25f737e60>, <snowplow_tracker.self_describing_json.SelfDescribingJson object at 0x7ff25eb4b2c0>, <snowplow_tracker.self_describing_json.SelfDescribingJson object at 0x7ff25fc6a960>]}
[0m07:34:35.412462 [debug] [MainThread]: Flushing usage events
[0m07:34:36.451011 [debug] [MainThread]: An error was encountered while trying to flush usage events
[0m07:34:40.965301 [debug] [MainThread]: Sending event: {'category': 'dbt', 'action': 'invocation', 'label': 'start', 'context': [<snowplow_tracker.self_describing_json.SelfDescribingJson object at 0x7fd5d1ff31d0>, <snowplow_tracker.self_describing_json.SelfDescribingJson object at 0x7fd5d0c8fd40>, <snowplow_tracker.self_describing_json.SelfDescribingJson object at 0x7fd5d0c8d7f0>]}


============================== 07:34:40.972520 | 27bb1c5b-6663-46af-a494-65fa6fd4c8bf ==============================
[0m07:34:40.972520 [info ] [MainThread]: Running with dbt=1.12.5
[0m07:34:40.973572 [debug] [MainThread]: running dbt with arguments {'warn_error': 'None', 'log_cache_events': 'False', 'log_format': 'default', 'send_anonymous_usage_stats': 'True', 'write_json': 'True', 'use_colors': 'True', 'profiles_dir': '/opt/airflow/dags/dbt-project', 'use_experimental_parser': 'False', 'version_check': 'True', 'log_path': '/opt/airflow/dags/dbt-project/logs', 'indirect_selection': 'eager', 'hints_enabled': 'True', 'target_path': 'None', 'introspect': 'True', 'fail_fast': 'False', 'printer_width': '80', 'quiet': 'False', 'invocation_command': 'dbt seed --profiles-dir /opt/airflow/dags/dbt-project', 'static_parser': 'True', 'partial_parse': 'True', 'maximum_seed_size_mib': '1', 'debug': 'False', 'warn_error_options': 'WarnErrorOptionsV2(error=[], warn=[], silence=[])', 'no_print': 'None', 'cache_selected_only': 'False', 'empty': 'False'}
[0m07:34:40.977672 [error] [MainThread]: [[31mERROR[0m]: Encountered an error:
Runtime Error
  Could not find profile named 'dbt-project'
[0m07:34:40.979230 [debug] [MainThread]: Resource report: {"command_name": "seed", "command_success": false, "command_wall_clock_time": 0.10722655, "process_in_blocks": "3880", "process_kernel_time": 0.280422, "process_mem_max_rss": "115612", "process_out_blocks": "0", "process_user_time": 2.527596}
[0m07:34:40.979808 [debug] [MainThread]: Command `dbt seed` failed at 07:34:40.979694 after 0.11 seconds
[0m07:34:40.980361 [debug] [MainThread]: Sending event: {'category': 'dbt', 'action': 'invocation', 'label': 'end', 'context': [<snowplow_tracker.self_describing_json.SelfDescribingJson object at 0x7fd5cf646810>, <snowplow_tracker.self_describing_json.SelfDescribingJson object at 0x7fd5d11d7f80>, <snowplow_tracker.self_describing_json.SelfDescribingJson object at 0x7fd5cf5f83b0>]}
[0m07:34:40.980763 [debug] [MainThread]: Flushing usage events
[0m07:34:41.981351 [debug] [MainThread]: An error was encountered while trying to flush usage events
[0m07:34:50.996451 [debug] [MainThread]: Sending event: {'category': 'dbt', 'action': 'invocation', 'label': 'start', 'context': [<snowplow_tracker.self_describing_json.SelfDescribingJson object at 0x7f6cefcd7920>, <snowplow_tracker.self_describing_json.SelfDescribingJson object at 0x7f6cf1c9cc50>, <snowplow_tracker.self_describing_json.SelfDescribingJson object at 0x7f6cf1c3b350>]}


============================== 07:34:51.007218 | 7bd30b31-62a8-4516-99f5-bb5c096b2645 ==============================
[0m07:34:51.007218 [info ] [MainThread]: Running with dbt=1.12.5
[0m07:34:51.008081 [debug] [MainThread]: running dbt with arguments {'empty': 'False', 'maximum_seed_size_mib': '1', 'write_json': 'True', 'log_format': 'default', 'use_colors': 'True', 'fail_fast': 'False', 'printer_width': '80', 'use_experimental_parser': 'False', 'warn_error': 'None', 'send_anonymous_usage_stats': 'True', 'hints_enabled': 'True', 'introspect': 'True', 'partial_parse': 'True', 'profiles_dir': '/opt/airflow/dags/dbt-project', 'warn_error_options': 'WarnErrorOptionsV2(error=[], warn=[], silence=[])', 'target_path': 'None', 'log_path': '/opt/airflow/dags/dbt-project/logs', 'debug': 'False', 'version_check': 'True', 'log_cache_events': 'False', 'static_parser': 'True', 'quiet': 'False', 'invocation_command': 'dbt seed --profiles-dir /opt/airflow/dags/dbt-project', 'indirect_selection': 'eager', 'cache_selected_only': 'False', 'no_print': 'None'}
[0m07:34:51.012586 [error] [MainThread]: [[31mERROR[0m]: Encountered an error:
Runtime Error
  Could not find profile named 'dbt-project'
[0m07:34:51.014365 [debug] [MainThread]: Resource report: {"command_name": "seed", "command_success": false, "command_wall_clock_time": 0.15179461, "process_in_blocks": "0", "process_kernel_time": 0.339666, "process_mem_max_rss": "115516", "process_out_blocks": "8", "process_user_time": 2.975117}
[0m07:34:51.015003 [debug] [MainThread]: Command `dbt seed` failed at 07:34:51.014878 after 0.15 seconds
[0m07:34:51.015630 [debug] [MainThread]: Sending event: {'category': 'dbt', 'action': 'invocation', 'label': 'end', 'context': [<snowplow_tracker.self_describing_json.SelfDescribingJson object at 0x7f6cef31f6e0>, <snowplow_tracker.self_describing_json.SelfDescribingJson object at 0x7f6cef31dd60>, <snowplow_tracker.self_describing_json.SelfDescribingJson object at 0x7f6cf044cb30>]}
[0m07:34:51.016085 [debug] [MainThread]: Flushing usage events
[0m07:34:51.976508 [debug] [MainThread]: An error was encountered while trying to flush usage events
[0m07:34:56.967642 [debug] [MainThread]: Sending event: {'category': 'dbt', 'action': 'invocation', 'label': 'start', 'context': [<snowplow_tracker.self_describing_json.SelfDescribingJson object at 0x7fd28f4dce00>, <snowplow_tracker.self_describing_json.SelfDescribingJson object at 0x7fd28ed39880>, <snowplow_tracker.self_describing_json.SelfDescribingJson object at 0x7fd290ca9d00>]}


============================== 07:34:56.978300 | d6d3487a-67f5-4479-9258-9c6af1fb7d12 ==============================
[0m07:34:56.978300 [info ] [MainThread]: Running with dbt=1.12.5
[0m07:34:56.979849 [debug] [MainThread]: running dbt with arguments {'empty': 'False', 'version_check': 'True', 'profiles_dir': '/opt/airflow/dags/dbt-project', 'debug': 'False', 'quiet': 'False', 'log_format': 'default', 'use_experimental_parser': 'False', 'partial_parse': 'True', 'fail_fast': 'False', 'write_json': 'True', 'cache_selected_only': 'False', 'printer_width': '80', 'warn_error_options': 'WarnErrorOptionsV2(error=[], warn=[], silence=[])', 'warn_error': 'None', 'invocation_command': 'dbt seed --profiles-dir /opt/airflow/dags/dbt-project', 'introspect': 'True', 'indirect_selection': 'eager', 'log_path': '/opt/airflow/dags/dbt-project/logs', 'maximum_seed_size_mib': '1', 'send_anonymous_usage_stats': 'True', 'no_print': 'None', 'use_colors': 'True', 'log_cache_events': 'False', 'static_parser': 'True', 'hints_enabled': 'True', 'target_path': 'None'}
[0m07:34:56.984515 [error] [MainThread]: [[31mERROR[0m]: Encountered an error:
Runtime Error
  Could not find profile named 'dbt-project'
[0m07:34:56.986463 [debug] [MainThread]: Resource report: {"command_name": "seed", "command_success": false, "command_wall_clock_time": 0.13685298, "process_in_blocks": "0", "process_kernel_time": 0.327061, "process_mem_max_rss": "115460", "process_out_blocks": "0", "process_user_time": 2.725161}
[0m07:34:56.987799 [debug] [MainThread]: Command `dbt seed` failed at 07:34:56.987396 after 0.14 seconds
[0m07:34:56.988659 [debug] [MainThread]: Sending event: {'category': 'dbt', 'action': 'invocation', 'label': 'end', 'context': [<snowplow_tracker.self_describing_json.SelfDescribingJson object at 0x7fd28ed39880>, <snowplow_tracker.self_describing_json.SelfDescribingJson object at 0x7fd28e9edf40>, <snowplow_tracker.self_describing_json.SelfDescribingJson object at 0x7fd28e8b4a40>]}
[0m07:34:56.989663 [debug] [MainThread]: Flushing usage events
[0m07:34:58.025068 [debug] [MainThread]: An error was encountered while trying to flush usage events
[0m07:35:02.840849 [debug] [MainThread]: Sending event: {'category': 'dbt', 'action': 'invocation', 'label': 'start', 'context': [<snowplow_tracker.self_describing_json.SelfDescribingJson object at 0x7fcdf4f02450>, <snowplow_tracker.self_describing_json.SelfDescribingJson object at 0x7fcdf71119d0>, <snowplow_tracker.self_describing_json.SelfDescribingJson object at 0x7fcdf4e93d40>]}


============================== 07:35:02.848154 | cedd9612-d13a-47ba-bcdb-213e2edcbaba ==============================
[0m07:35:02.848154 [info ] [MainThread]: Running with dbt=1.12.5
[0m07:35:02.848880 [debug] [MainThread]: running dbt with arguments {'debug': 'False', 'log_cache_events': 'False', 'indirect_selection': 'eager', 'empty': 'False', 'partial_parse': 'True', 'no_print': 'None', 'version_check': 'True', 'printer_width': '80', 'log_path': '/opt/airflow/dags/dbt-project/logs', 'cache_selected_only': 'False', 'use_colors': 'True', 'fail_fast': 'False', 'hints_enabled': 'True', 'quiet': 'False', 'write_json': 'True', 'log_format': 'default', 'invocation_command': 'dbt seed --profiles-dir /opt/airflow/dags/dbt-project', 'static_parser': 'True', 'warn_error_options': 'WarnErrorOptionsV2(error=[], warn=[], silence=[])', 'target_path': 'None', 'use_experimental_parser': 'False', 'send_anonymous_usage_stats': 'True', 'introspect': 'True', 'profiles_dir': '/opt/airflow/dags/dbt-project', 'maximum_seed_size_mib': '1', 'warn_error': 'None'}
[0m07:35:02.852100 [error] [MainThread]: [[31mERROR[0m]: Encountered an error:
Runtime Error
  Could not find profile named 'dbt-project'
[0m07:35:02.853591 [debug] [MainThread]: Resource report: {"command_name": "seed", "command_success": false, "command_wall_clock_time": 0.11781424, "process_in_blocks": "0", "process_kernel_time": 0.345689, "process_mem_max_rss": "115512", "process_out_blocks": "0", "process_user_time": 2.77435}
[0m07:35:02.854169 [debug] [MainThread]: Command `dbt seed` failed at 07:35:02.854060 after 0.12 seconds
[0m07:35:02.854693 [debug] [MainThread]: Sending event: {'category': 'dbt', 'action': 'invocation', 'label': 'end', 'context': [<snowplow_tracker.self_describing_json.SelfDescribingJson object at 0x7fcdf59edd30>, <snowplow_tracker.self_describing_json.SelfDescribingJson object at 0x7fcdf4e44230>, <snowplow_tracker.self_describing_json.SelfDescribingJson object at 0x7fcdf5433d70>]}
[0m07:35:02.855203 [debug] [MainThread]: Flushing usage events
[0m07:35:03.798884 [debug] [MainThread]: An error was encountered while trying to flush usage events
[0m07:35:11.265016 [debug] [MainThread]: Sending event: {'category': 'dbt', 'action': 'invocation', 'label': 'start', 'context': [<snowplow_tracker.self_describing_json.SelfDescribingJson object at 0x7f7f3b94e900>, <snowplow_tracker.self_describing_json.SelfDescribingJson object at 0x7f7f39d003b0>, <snowplow_tracker.self_describing_json.SelfDescribingJson object at 0x7f7f39f7bb60>]}


============================== 07:35:11.272714 | 353cd548-80be-4bc9-a840-f0b096207c61 ==============================
[0m07:35:11.272714 [info ] [MainThread]: Running with dbt=1.12.5
[0m07:35:11.273585 [debug] [MainThread]: running dbt with arguments {'printer_width': '80', 'fail_fast': 'False', 'use_colors': 'True', 'version_check': 'True', 'indirect_selection': 'eager', 'write_json': 'True', 'warn_error': 'None', 'log_cache_events': 'False', 'hints_enabled': 'True', 'use_experimental_parser': 'False', 'invocation_command': 'dbt seed --profiles-dir /opt/airflow/dags/dbt-project', 'cache_selected_only': 'False', 'introspect': 'True', 'warn_error_options': 'WarnErrorOptionsV2(error=[], warn=[], silence=[])', 'target_path': 'None', 'log_path': '/opt/airflow/dags/dbt-project/logs', 'send_anonymous_usage_stats': 'True', 'maximum_seed_size_mib': '1', 'partial_parse': 'True', 'profiles_dir': '/opt/airflow/dags/dbt-project', 'static_parser': 'True', 'quiet': 'False', 'empty': 'False', 'log_format': 'default', 'no_print': 'None', 'debug': 'False'}
[0m07:35:11.276675 [error] [MainThread]: [[31mERROR[0m]: Encountered an error:
Runtime Error
  Could not find profile named 'dbt-project'
[0m07:35:11.277999 [debug] [MainThread]: Resource report: {"command_name": "seed", "command_success": false, "command_wall_clock_time": 0.10584401, "process_in_blocks": "0", "process_kernel_time": 0.312681, "process_mem_max_rss": "115456", "process_out_blocks": "16", "process_user_time": 2.93322}
[0m07:35:11.278747 [debug] [MainThread]: Command `dbt seed` failed at 07:35:11.278607 after 0.11 seconds
[0m07:35:11.279204 [debug] [MainThread]: Sending event: {'category': 'dbt', 'action': 'invocation', 'label': 'end', 'context': [<snowplow_tracker.self_describing_json.SelfDescribingJson object at 0x7f7f3928c1a0>, <snowplow_tracker.self_describing_json.SelfDescribingJson object at 0x7f7f39d003b0>, <snowplow_tracker.self_describing_json.SelfDescribingJson object at 0x7f7f39a25730>]}
[0m07:35:11.279743 [debug] [MainThread]: Flushing usage events
[0m07:35:12.256701 [debug] [MainThread]: An error was encountered while trying to flush usage events
[0m07:39:42.384896 [debug] [MainThread]: Sending event: {'category': 'dbt', 'action': 'invocation', 'label': 'start', 'context': [<snowplow_tracker.self_describing_json.SelfDescribingJson object at 0x7f6099fdf620>, <snowplow_tracker.self_describing_json.SelfDescribingJson object at 0x7f6099912ae0>, <snowplow_tracker.self_describing_json.SelfDescribingJson object at 0x7f609b806330>]}


============================== 07:39:42.392417 | 47fb5a15-0017-4ae1-ac77-71af1f5cced0 ==============================
[0m07:39:42.392417 [info ] [MainThread]: Running with dbt=1.12.5
[0m07:39:42.393007 [debug] [MainThread]: running dbt with arguments {'write_json': 'True', 'warn_error': 'None', 'quiet': 'False', 'maximum_seed_size_mib': '1', 'printer_width': '80', 'empty': 'False', 'introspect': 'True', 'version_check': 'True', 'log_cache_events': 'False', 'no_print': 'None', 'cache_selected_only': 'False', 'fail_fast': 'False', 'warn_error_options': 'WarnErrorOptionsV2(error=[], warn=[], silence=[])', 'log_path': '/opt/airflow/dags/dbt-project/logs', 'debug': 'False', 'static_parser': 'True', 'profiles_dir': '/opt/airflow/dags/dbt-project', 'invocation_command': 'dbt seed --profiles-dir /opt/airflow/dags/dbt-project', 'log_format': 'default', 'indirect_selection': 'eager', 'target_path': 'None', 'partial_parse': 'True', 'hints_enabled': 'True', 'send_anonymous_usage_stats': 'True', 'use_experimental_parser': 'False', 'use_colors': 'True'}
[0m07:39:42.395681 [error] [MainThread]: [[31mERROR[0m]: Encountered an error:
Runtime Error
  Could not find profile named 'dbt-project'
[0m07:39:42.396740 [debug] [MainThread]: Resource report: {"command_name": "seed", "command_success": false, "command_wall_clock_time": 0.11760443, "process_in_blocks": "0", "process_kernel_time": 0.353101, "process_mem_max_rss": "113576", "process_out_blocks": "8", "process_user_time": 3.088346}
[0m07:39:42.397353 [debug] [MainThread]: Command `dbt seed` failed at 07:39:42.397230 after 0.12 seconds
[0m07:39:42.397777 [debug] [MainThread]: Sending event: {'category': 'dbt', 'action': 'invocation', 'label': 'end', 'context': [<snowplow_tracker.self_describing_json.SelfDescribingJson object at 0x7f609a1750d0>, <snowplow_tracker.self_describing_json.SelfDescribingJson object at 0x7f6098e702c0>, <snowplow_tracker.self_describing_json.SelfDescribingJson object at 0x7f6098e70200>]}
[0m07:39:42.398374 [debug] [MainThread]: Flushing usage events
[0m07:39:43.405897 [debug] [MainThread]: An error was encountered while trying to flush usage events
[0m07:39:47.054630 [debug] [MainThread]: Sending event: {'category': 'dbt', 'action': 'invocation', 'label': 'start', 'context': [<snowplow_tracker.self_describing_json.SelfDescribingJson object at 0x7f7a1ba86720>, <snowplow_tracker.self_describing_json.SelfDescribingJson object at 0x7f7a1b114830>, <snowplow_tracker.self_describing_json.SelfDescribingJson object at 0x7f7a1aa0f2f0>]}


============================== 07:39:47.064035 | 56beb76e-99ee-4746-b49d-d18fd13dd1ad ==============================
[0m07:39:47.064035 [info ] [MainThread]: Running with dbt=1.12.5
[0m07:39:47.064999 [debug] [MainThread]: running dbt with arguments {'warn_error_options': 'WarnErrorOptionsV2(error=[], warn=[], silence=[])', 'fail_fast': 'False', 'write_json': 'True', 'maximum_seed_size_mib': '1', 'warn_error': 'None', 'cache_selected_only': 'False', 'profiles_dir': '/opt/airflow/dags/dbt-project', 'introspect': 'True', 'target_path': 'None', 'version_check': 'True', 'hints_enabled': 'True', 'quiet': 'False', 'printer_width': '80', 'no_print': 'None', 'log_path': '/opt/airflow/dags/dbt-project/logs', 'static_parser': 'True', 'use_colors': 'True', 'log_format': 'default', 'send_anonymous_usage_stats': 'True', 'partial_parse': 'True', 'use_experimental_parser': 'False', 'indirect_selection': 'eager', 'debug': 'False', 'log_cache_events': 'False', 'invocation_command': 'dbt seed --profiles-dir /opt/airflow/dags/dbt-project', 'empty': 'False'}
[0m07:39:47.068543 [error] [MainThread]: [[31mERROR[0m]: Encountered an error:
Runtime Error
  Could not find profile named 'dbt-project'
[0m07:39:47.070118 [debug] [MainThread]: Resource report: {"command_name": "seed", "command_success": false, "command_wall_clock_time": 0.118450284, "process_in_blocks": "0", "process_kernel_time": 0.309131, "process_mem_max_rss": "115512", "process_out_blocks": "8", "process_user_time": 2.56263}
[0m07:39:47.070741 [debug] [MainThread]: Command `dbt seed` failed at 07:39:47.070616 after 0.12 seconds
[0m07:39:47.071369 [debug] [MainThread]: Sending event: {'category': 'dbt', 'action': 'invocation', 'label': 'end', 'context': [<snowplow_tracker.self_describing_json.SelfDescribingJson object at 0x7f7a1ba86720>, <snowplow_tracker.self_describing_json.SelfDescribingJson object at 0x7f7a19e60230>, <snowplow_tracker.self_describing_json.SelfDescribingJson object at 0x7f7a1a0add60>]}
[0m07:39:47.071891 [debug] [MainThread]: Flushing usage events
[0m07:39:48.135526 [debug] [MainThread]: An error was encountered while trying to flush usage events
[0m07:39:57.072963 [debug] [MainThread]: Sending event: {'category': 'dbt', 'action': 'invocation', 'label': 'start', 'context': [<snowplow_tracker.self_describing_json.SelfDescribingJson object at 0x7f8fbaaabb00>, <snowplow_tracker.self_describing_json.SelfDescribingJson object at 0x7f8fb92f9010>, <snowplow_tracker.self_describing_json.SelfDescribingJson object at 0x7f8fb981ffb0>]}


============================== 07:39:57.081398 | 9d2b3f15-e0ce-460a-81b1-855dcb3c519e ==============================
[0m07:39:57.081398 [info ] [MainThread]: Running with dbt=1.12.5
[0m07:39:57.082030 [debug] [MainThread]: running dbt with arguments {'log_path': '/opt/airflow/dags/dbt-project/logs', 'warn_error': 'None', 'version_check': 'True', 'use_colors': 'True', 'write_json': 'True', 'maximum_seed_size_mib': '1', 'log_cache_events': 'False', 'partial_parse': 'True', 'fail_fast': 'False', 'introspect': 'True', 'profiles_dir': '/opt/airflow/dags/dbt-project', 'debug': 'False', 'invocation_command': 'dbt seed --profiles-dir /opt/airflow/dags/dbt-project', 'cache_selected_only': 'False', 'log_format': 'default', 'use_experimental_parser': 'False', 'no_print': 'None', 'hints_enabled': 'True', 'empty': 'False', 'warn_error_options': 'WarnErrorOptionsV2(error=[], warn=[], silence=[])', 'static_parser': 'True', 'printer_width': '80', 'send_anonymous_usage_stats': 'True', 'indirect_selection': 'eager', 'target_path': 'None', 'quiet': 'False'}
[0m07:39:57.084573 [error] [MainThread]: [[31mERROR[0m]: Encountered an error:
Runtime Error
  Could not find profile named 'dbt-project'
[0m07:39:57.085687 [debug] [MainThread]: Resource report: {"command_name": "seed", "command_success": false, "command_wall_clock_time": 0.10856759, "process_in_blocks": "0", "process_kernel_time": 0.300605, "process_mem_max_rss": "115496", "process_out_blocks": "16", "process_user_time": 2.580959}
[0m07:39:57.086186 [debug] [MainThread]: Command `dbt seed` failed at 07:39:57.086086 after 0.11 seconds
[0m07:39:57.086680 [debug] [MainThread]: Sending event: {'category': 'dbt', 'action': 'invocation', 'label': 'end', 'context': [<snowplow_tracker.self_describing_json.SelfDescribingJson object at 0x7f8fbaaaae10>, <snowplow_tracker.self_describing_json.SelfDescribingJson object at 0x7f8fb8810230>, <snowplow_tracker.self_describing_json.SelfDescribingJson object at 0x7f8fb887ed80>]}
[0m07:39:57.087087 [debug] [MainThread]: Flushing usage events
[0m07:39:58.042629 [debug] [MainThread]: An error was encountered while trying to flush usage events
[0m07:40:02.572148 [debug] [MainThread]: Sending event: {'category': 'dbt', 'action': 'invocation', 'label': 'start', 'context': [<snowplow_tracker.self_describing_json.SelfDescribingJson object at 0x7f9531a14b00>, <snowplow_tracker.self_describing_json.SelfDescribingJson object at 0x7f95319b2c60>, <snowplow_tracker.self_describing_json.SelfDescribingJson object at 0x7f9530636180>]}


============================== 07:40:02.579335 | 5f1b84d8-a517-4ebe-ac5b-61bbb43cd4f5 ==============================
[0m07:40:02.579335 [info ] [MainThread]: Running with dbt=1.12.5
[0m07:40:02.580004 [debug] [MainThread]: running dbt with arguments {'use_experimental_parser': 'False', 'printer_width': '80', 'target_path': 'None', 'empty': 'False', 'warn_error_options': 'WarnErrorOptionsV2(error=[], warn=[], silence=[])', 'debug': 'False', 'profiles_dir': '/opt/airflow/dags/dbt-project', 'maximum_seed_size_mib': '1', 'introspect': 'True', 'no_print': 'None', 'cache_selected_only': 'False', 'write_json': 'True', 'static_parser': 'True', 'version_check': 'True', 'warn_error': 'None', 'log_format': 'default', 'fail_fast': 'False', 'hints_enabled': 'True', 'partial_parse': 'True', 'indirect_selection': 'eager', 'invocation_command': 'dbt seed --profiles-dir /opt/airflow/dags/dbt-project', 'use_colors': 'True', 'quiet': 'False', 'log_cache_events': 'False', 'send_anonymous_usage_stats': 'True', 'log_path': '/opt/airflow/dags/dbt-project/logs'}
[0m07:40:02.582576 [error] [MainThread]: [[31mERROR[0m]: Encountered an error:
Runtime Error
  Could not find profile named 'dbt-project'
[0m07:40:02.583702 [debug] [MainThread]: Resource report: {"command_name": "seed", "command_success": false, "command_wall_clock_time": 0.10734781, "process_in_blocks": "0", "process_kernel_time": 0.29688, "process_mem_max_rss": "115588", "process_out_blocks": "0", "process_user_time": 2.486505}
[0m07:40:02.584179 [debug] [MainThread]: Command `dbt seed` failed at 07:40:02.584088 after 0.11 seconds
[0m07:40:02.585347 [debug] [MainThread]: Sending event: {'category': 'dbt', 'action': 'invocation', 'label': 'end', 'context': [<snowplow_tracker.self_describing_json.SelfDescribingJson object at 0x7f952efe61b0>, <snowplow_tracker.self_describing_json.SelfDescribingJson object at 0x7f953011f9b0>, <snowplow_tracker.self_describing_json.SelfDescribingJson object at 0x7f95302f7560>]}
[0m07:40:02.586386 [debug] [MainThread]: Flushing usage events
[0m07:40:03.602072 [debug] [MainThread]: An error was encountered while trying to flush usage events
[0m07:40:18.182768 [debug] [MainThread]: Sending event: {'category': 'dbt', 'action': 'invocation', 'label': 'start', 'context': [<snowplow_tracker.self_describing_json.SelfDescribingJson object at 0x7f655fad24e0>, <snowplow_tracker.self_describing_json.SelfDescribingJson object at 0x7f6561cc1a30>, <snowplow_tracker.self_describing_json.SelfDescribingJson object at 0x7f655fad0c80>]}


============================== 07:40:18.191006 | d7b41a92-5449-4cb9-9985-a461d7b5de2b ==============================
[0m07:40:18.191006 [info ] [MainThread]: Running with dbt=1.12.5
[0m07:40:18.191861 [debug] [MainThread]: running dbt with arguments {'printer_width': '80', 'quiet': 'False', 'version_check': 'True', 'indirect_selection': 'eager', 'warn_error_options': 'WarnErrorOptionsV2(error=[], warn=[], silence=[])', 'invocation_command': 'dbt seed --profiles-dir /opt/airflow/dags/dbt-project', 'debug': 'False', 'hints_enabled': 'True', 'introspect': 'True', 'static_parser': 'True', 'use_colors': 'True', 'profiles_dir': '/opt/airflow/dags/dbt-project', 'partial_parse': 'True', 'no_print': 'None', 'empty': 'False', 'send_anonymous_usage_stats': 'True', 'cache_selected_only': 'False', 'log_cache_events': 'False', 'write_json': 'True', 'fail_fast': 'False', 'log_format': 'default', 'use_experimental_parser': 'False', 'log_path': '/opt/airflow/dags/dbt-project/logs', 'target_path': 'None', 'maximum_seed_size_mib': '1', 'warn_error': 'None'}
[0m07:40:18.194846 [error] [MainThread]: [[31mERROR[0m]: Encountered an error:
Runtime Error
  Could not find profile named 'dbt-project'
[0m07:40:18.196266 [debug] [MainThread]: Resource report: {"command_name": "seed", "command_success": false, "command_wall_clock_time": 0.12433448, "process_in_blocks": "0", "process_kernel_time": 0.376122, "process_mem_max_rss": "113440", "process_out_blocks": "8", "process_user_time": 3.140991}
[0m07:40:18.197098 [debug] [MainThread]: Command `dbt seed` failed at 07:40:18.196842 after 0.13 seconds
[0m07:40:18.197666 [debug] [MainThread]: Sending event: {'category': 'dbt', 'action': 'invocation', 'label': 'end', 'context': [<snowplow_tracker.self_describing_json.SelfDescribingJson object at 0x7f6563ecf140>, <snowplow_tracker.self_describing_json.SelfDescribingJson object at 0x7f655fb05df0>, <snowplow_tracker.self_describing_json.SelfDescribingJson object at 0x7f6561c07f50>]}
[0m07:40:18.198409 [debug] [MainThread]: Flushing usage events
[0m07:40:19.155131 [debug] [MainThread]: An error was encountered while trying to flush usage events
[0m07:40:19.993756 [debug] [MainThread]: Sending event: {'category': 'dbt', 'action': 'invocation', 'label': 'start', 'context': [<snowplow_tracker.self_describing_json.SelfDescribingJson object at 0x7f6208ba5610>, <snowplow_tracker.self_describing_json.SelfDescribingJson object at 0x7f62060d9430>, <snowplow_tracker.self_describing_json.SelfDescribingJson object at 0x7f6206991ee0>]}


============================== 07:40:20.000908 | b46bf599-2e32-417c-8b51-260ecb1097bc ==============================
[0m07:40:20.000908 [info ] [MainThread]: Running with dbt=1.12.5
[0m07:40:20.001674 [debug] [MainThread]: running dbt with arguments {'partial_parse': 'True', 'debug': 'False', 'no_print': 'None', 'profiles_dir': '/opt/airflow/dags/dbt-project', 'hints_enabled': 'True', 'log_cache_events': 'False', 'log_format': 'default', 'indirect_selection': 'eager', 'quiet': 'False', 'target_path': 'None', 'empty': 'False', 'send_anonymous_usage_stats': 'True', 'maximum_seed_size_mib': '1', 'warn_error': 'None', 'use_colors': 'True', 'introspect': 'True', 'log_path': '/opt/airflow/dags/dbt-project/logs', 'invocation_command': 'dbt seed --profiles-dir /opt/airflow/dags/dbt-project', 'version_check': 'True', 'static_parser': 'True', 'printer_width': '80', 'write_json': 'True', 'warn_error_options': 'WarnErrorOptionsV2(error=[], warn=[], silence=[])', 'use_experimental_parser': 'False', 'fail_fast': 'False', 'cache_selected_only': 'False'}
[0m07:40:20.004942 [error] [MainThread]: [[31mERROR[0m]: Encountered an error:
Runtime Error
  Could not find profile named 'dbt-project'
[0m07:40:20.006277 [debug] [MainThread]: Resource report: {"command_name": "seed", "command_success": false, "command_wall_clock_time": 0.10558098, "process_in_blocks": "0", "process_kernel_time": 0.319025, "process_mem_max_rss": "115496", "process_out_blocks": "0", "process_user_time": 2.71412}
[0m07:40:20.006956 [debug] [MainThread]: Command `dbt seed` failed at 07:40:20.006834 after 0.11 seconds
[0m07:40:20.007480 [debug] [MainThread]: Sending event: {'category': 'dbt', 'action': 'invocation', 'label': 'end', 'context': [<snowplow_tracker.self_describing_json.SelfDescribingJson object at 0x7f6208ba5610>, <snowplow_tracker.self_describing_json.SelfDescribingJson object at 0x7f6205b102f0>, <snowplow_tracker.self_describing_json.SelfDescribingJson object at 0x7f6207269e80>]}
[0m07:40:20.007903 [debug] [MainThread]: Flushing usage events
[0m07:40:21.010158 [debug] [MainThread]: An error was encountered while trying to flush usage events
[0m07:44:24.717416 [debug] [MainThread]: Sending event: {'category': 'dbt', 'action': 'invocation', 'label': 'start', 'context': [<snowplow_tracker.self_describing_json.SelfDescribingJson object at 0x7f28d53b1d60>, <snowplow_tracker.self_describing_json.SelfDescribingJson object at 0x7f28d5255250>, <snowplow_tracker.self_describing_json.SelfDescribingJson object at 0x7f28d52551f0>]}


============================== 07:44:24.725323 | 0c76647c-c49f-455a-879a-7b30bc45b66b ==============================
[0m07:44:24.725323 [info ] [MainThread]: Running with dbt=1.12.5
[0m07:44:24.725900 [debug] [MainThread]: running dbt with arguments {'partial_parse': 'True', 'hints_enabled': 'True', 'quiet': 'False', 'write_json': 'True', 'log_path': '/opt/airflow/dags/dbt-project/logs', 'fail_fast': 'False', 'send_anonymous_usage_stats': 'True', 'profiles_dir': '/opt/airflow/dags/dbt-project', 'debug': 'False', 'warn_error': 'None', 'printer_width': '80', 'target_path': 'None', 'cache_selected_only': 'False', 'use_experimental_parser': 'False', 'static_parser': 'True', 'introspect': 'True', 'log_cache_events': 'False', 'warn_error_options': 'WarnErrorOptionsV2(error=[], warn=[], silence=[])', 'no_print': 'None', 'use_colors': 'True', 'empty': 'False', 'maximum_seed_size_mib': '1', 'indirect_selection': 'eager', 'log_format': 'default', 'version_check': 'True', 'invocation_command': 'dbt seed --profiles-dir /opt/airflow/dags/dbt-project'}
[0m07:44:24.728980 [error] [MainThread]: [[31mERROR[0m]: Encountered an error:
Runtime Error
  Could not find profile named 'dbt-project'
[0m07:44:24.730129 [debug] [MainThread]: Resource report: {"command_name": "seed", "command_success": false, "command_wall_clock_time": 0.09005105, "process_in_blocks": "0", "process_kernel_time": 0.240929, "process_mem_max_rss": "113704", "process_out_blocks": "8", "process_user_time": 2.130711}
[0m07:44:24.730830 [debug] [MainThread]: Command `dbt seed` failed at 07:44:24.730645 after 0.09 seconds
[0m07:44:24.731751 [debug] [MainThread]: Sending event: {'category': 'dbt', 'action': 'invocation', 'label': 'end', 'context': [<snowplow_tracker.self_describing_json.SelfDescribingJson object at 0x7f28d48b81d0>, <snowplow_tracker.self_describing_json.SelfDescribingJson object at 0x7f28d637d280>, <snowplow_tracker.self_describing_json.SelfDescribingJson object at 0x7f28d4828800>]}
[0m07:44:24.732354 [debug] [MainThread]: Flushing usage events
[0m07:44:25.833862 [debug] [MainThread]: An error was encountered while trying to flush usage events
[0m07:46:17.245739 [debug] [MainThread]: Sending event: {'category': 'dbt', 'action': 'invocation', 'label': 'start', 'context': [<snowplow_tracker.self_describing_json.SelfDescribingJson object at 0x7f8740a73fe0>, <snowplow_tracker.self_describing_json.SelfDescribingJson object at 0x7f8740697590>, <snowplow_tracker.self_describing_json.SelfDescribingJson object at 0x7f8740a72de0>]}


============================== 07:46:17.253717 | 32ab01f6-ea36-4705-9705-a6bce29ea5e3 ==============================
[0m07:46:17.253717 [info ] [MainThread]: Running with dbt=1.12.5
[0m07:46:17.254543 [debug] [MainThread]: running dbt with arguments {'use_colors': 'True', 'empty': 'False', 'printer_width': '80', 'warn_error_options': 'WarnErrorOptionsV2(error=[], warn=[], silence=[])', 'quiet': 'False', 'write_json': 'True', 'send_anonymous_usage_stats': 'True', 'cache_selected_only': 'False', 'target_path': 'None', 'fail_fast': 'False', 'partial_parse': 'True', 'hints_enabled': 'True', 'debug': 'False', 'indirect_selection': 'eager', 'log_path': '/opt/airflow/dags/dbt-project/logs', 'invocation_command': 'dbt seed --profiles-dir /opt/airflow/dags/dbt-project', 'log_cache_events': 'False', 'log_format': 'default', 'profiles_dir': '/opt/airflow/dags/dbt-project', 'warn_error': 'None', 'use_experimental_parser': 'False', 'version_check': 'True', 'maximum_seed_size_mib': '1', 'introspect': 'True', 'no_print': 'None', 'static_parser': 'True'}
[0m07:46:17.339661 [warn ] [MainThread]: [[33mWARNING[0m]: Deprecated functionality
The `source-paths` config has been renamed to `model-paths`. Please update your
`dbt_project.yml` configuration to reflect this change.
[0m07:46:17.340631 [debug] [MainThread]: Sending event: {'category': 'dbt', 'action': 'deprecation', 'label': '32ab01f6-ea36-4705-9705-a6bce29ea5e3', 'property_': 'warn', 'context': [<snowplow_tracker.self_describing_json.SelfDescribingJson object at 0x7f873ecc1a00>]}
[0m07:46:17.341560 [warn ] [MainThread]: [[33mWARNING[0m]: Deprecated functionality
The `data-paths` config has been renamed to `seed-paths`. Please update your
`dbt_project.yml` configuration to reflect this change.
[0m07:46:17.342331 [debug] [MainThread]: Sending event: {'category': 'dbt', 'action': 'deprecation', 'label': '32ab01f6-ea36-4705-9705-a6bce29ea5e3', 'property_': 'warn', 'context': [<snowplow_tracker.self_describing_json.SelfDescribingJson object at 0x7f873ecc1640>]}
[0m07:46:17.547111 [debug] [MainThread]: Sending event: {'category': 'dbt', 'action': 'project_id', 'label': '32ab01f6-ea36-4705-9705-a6bce29ea5e3', 'context': [<snowplow_tracker.self_describing_json.SelfDescribingJson object at 0x7f87404f1c40>]}
[0m07:46:17.688712 [debug] [MainThread]: Sending event: {'category': 'dbt', 'action': 'adapter_info', 'label': '32ab01f6-ea36-4705-9705-a6bce29ea5e3', 'context': [<snowplow_tracker.self_describing_json.SelfDescribingJson object at 0x7f87404f1cd0>]}
[0m07:46:17.690322 [info ] [MainThread]: Registered adapter: postgres=1.11.0
[0m07:46:17.905910 [debug] [MainThread]: checksum: b29d9af8eaaa65115adbe4e5d45ac72f370e925f7ab69b36ae2aaa99f6869c57, vars: {}, profile: dbt-project, target: dev, version: 1.12.5
[0m07:46:18.017911 [debug] [MainThread]: Failed to load parsed file from disk at /opt/airflow/dags/dbt-project/target/partial_parse.msgpack: Field "docs" of type MutableMapping[str, Documentation] in Manifest has invalid value {'dbt.__overview__': {'unique_id': 'dbt.__overview__', 'package_name': 'dbt', 'root_path': '/home/learn/dbt-env/lib64/python3.6/site-packages/dbt/include/global_project', 'path': 'overview.md', 'original_file_path': 'docs/overview.md', 'name': '__overview__', 'block_contents': "### Welcome!\n\nWelcome to the auto-generated documentation for your dbt project!\n\n### Navigation\n\nYou can use the `Project` and `Database` navigation tabs on the left side of the window to explore the models\nin your project.\n\n#### Project Tab\nThe `Project` tab mirrors the directory structure of your dbt project. In this tab, you can see all of the\nmodels defined in your dbt project, as well as models imported from dbt packages.\n\n#### Database Tab\nThe `Database` tab also exposes your models, but in a format that looks more like a database explorer. This view\nshows relations (tables and views) grouped into database schemas. Note that ephemeral models are _not_ shown\nin this interface, as they do not exist in the database.\n\n### Graph Exploration\nYou can click the blue icon on the bottom-right corner of the page to view the lineage graph of your models.\n\nOn model pages, you'll see the immediate parents and children of the model you're exploring. By clicking the `Expand`\nbutton at the top-right of this lineage pane, you'll be able to see all of the models that are used to build,\nor are built from, the model you're exploring.\n\nOnce expanded, you'll be able to use the `--models` and `--exclude` model selection syntax to filter the\nmodels in the graph. For more information on model selection, check out the [dbt docs](https://docs.getdbt.com/docs/model-selection-syntax).\n\nNote that you can also right-click on models to interactively filter and explore the graph.\n\n---\n\n### More information\n\n- [What is dbt](https://docs.getdbt.com/docs/overview)?\n- Read the [dbt viewpoint](https://docs.getdbt.com/docs/viewpoint)\n- [Installation](https://docs.getdbt.com/docs/installation)\n- Join the [chat](https://community.getdbt.com/) on Slack for live questions and support."}}
[0m07:46:18.019392 [debug] [MainThread]: Sending event: {'category': 'dbt', 'action': 'partial_parser', 'label': '32ab01f6-ea36-4705-9705-a6bce29ea5e3', 'context': [<snowplow_tracker.self_describing_json.SelfDescribingJson object at 0x7f8740eec080>]}
[0m07:46:20.282947 [debug] [MainThread]: Sending event: {'category': 'dbt', 'action': 'load_project', 'label': '32ab01f6-ea36-4705-9705-a6bce29ea5e3', 'context': [<snowplow_tracker.self_describing_json.SelfDescribingJson object at 0x7f873dd6b1d0>]}
[0m07:46:20.402381 [debug] [MainThread]: Wrote artifact WritableManifest to /opt/airflow/dags/dbt-project/target/manifest.json
[0m07:46:20.405990 [debug] [MainThread]: Wrote artifact SemanticManifest to /opt/airflow/dags/dbt-project/target/semantic_manifest.json
[0m07:46:20.425048 [debug] [MainThread]: Wrote artifact OsiDocument to /opt/airflow/dags/dbt-project/target/osi_document.json
[0m07:46:20.447838 [debug] [MainThread]: Sending event: {'category': 'dbt', 'action': 'resource_counts', 'label': '32ab01f6-ea36-4705-9705-a6bce29ea5e3', 'context': [<snowplow_tracker.self_describing_json.SelfDescribingJson object at 0x7f873d161b80>]}
[0m07:46:20.448846 [info ] [MainThread]: Found 3 models, 1 seed, 477 macros
[0m07:46:20.449564 [debug] [MainThread]: Sending event: {'category': 'dbt', 'action': 'runnable_timing', 'label': '32ab01f6-ea36-4705-9705-a6bce29ea5e3', 'context': [<snowplow_tracker.self_describing_json.SelfDescribingJson object at 0x7f873d5ab500>]}
[0m07:46:20.452848 [info ] [MainThread]: 
[0m07:46:20.453517 [info ] [MainThread]: Concurrency: 1 threads (target='dev')
[0m07:46:20.453908 [info ] [MainThread]: 
[0m07:46:20.454712 [debug] [MainThread]: Acquiring new postgres connection 'master'
[0m07:46:20.456181 [debug] [ThreadPool]: Acquiring new postgres connection 'list_airflow'
[0m07:46:20.530894 [debug] [ThreadPool]: Using postgres connection "list_airflow"
[0m07:46:20.531694 [debug] [ThreadPool]: On list_airflow: /* {"app": "dbt", "dbt_version": "1.12.5", "profile_name": "dbt-project", "target_name": "dev", "connection_name": "list_airflow"} */

    select distinct nspname from pg_namespace
  
[0m07:46:20.532131 [debug] [ThreadPool]: Opening a new connection, currently in state init
[0m07:46:20.540162 [debug] [ThreadPool]: SQL status: SELECT 6 in 0.008 seconds
[0m07:46:20.542605 [debug] [ThreadPool]: On list_airflow: Close
[0m07:46:20.551124 [debug] [ThreadPool]: Re-using an available connection from the pool (formerly list_airflow, now list_airflow_public)
[0m07:46:20.558524 [debug] [ThreadPool]: Using postgres connection "list_airflow_public"
[0m07:46:20.559373 [debug] [ThreadPool]: On list_airflow_public: /* {"app": "dbt", "dbt_version": "1.12.5", "profile_name": "dbt-project", "target_name": "dev", "connection_name": "list_airflow_public"} */
select
      'airflow' as database,
      tablename as name,
      schemaname as schema,
      'table' as type
    from pg_tables
    where schemaname ilike 'public'
    union all
    select
      'airflow' as database,
      viewname as name,
      schemaname as schema,
      'view' as type
    from pg_views
    where schemaname ilike 'public'
    union all
    select
      'airflow' as database,
      matviewname as name,
      schemaname as schema,
      'materialized_view' as type
    from pg_matviews
    where schemaname ilike 'public'
    union all
    select distinct
     'airflow' as database,
     proname as name,
     ns.nspname as schema,
     'function' as type
    from pg_proc
     join pg_namespace as ns on pronamespace = ns.oid
    where ns.nspname ilike 'public'
  
[0m07:46:20.559798 [debug] [ThreadPool]: Opening a new connection, currently in state closed
[0m07:46:20.585532 [debug] [ThreadPool]: SQL status: SELECT 50 in 0.026 seconds
[0m07:46:20.588551 [debug] [ThreadPool]: On list_airflow_public: ROLLBACK
[0m07:46:20.589410 [debug] [ThreadPool]: On list_airflow_public: Close
[0m07:46:20.609116 [debug] [MainThread]: Using postgres connection "master"
[0m07:46:20.609971 [debug] [MainThread]: On master: /* {"app": "dbt", "dbt_version": "1.12.5", "profile_name": "dbt-project", "target_name": "dev", "connection_name": "master"} */
select distinct
        dependent_namespace.nspname as dependent_schema,
        dependent_class.relname as dependent_name,
        referenced_namespace.nspname as referenced_schema,
        referenced_class.relname as referenced_name

    -- Query for views: views are entries in pg_class with an entry in pg_rewrite, but we avoid
    -- a seq scan on pg_rewrite by leveraging the fact there is an "internal" row in pg_depend for
    -- the view...
    from pg_class as dependent_class
    join pg_namespace as dependent_namespace on dependent_namespace.oid = dependent_class.relnamespace
    join pg_depend as dependent_depend on dependent_depend.refobjid = dependent_class.oid
        and dependent_depend.classid = 'pg_rewrite'::regclass
        and dependent_depend.refclassid = 'pg_class'::regclass
        and dependent_depend.deptype = 'i'

    -- ... and via pg_depend (that has a row per column, hence the need for "distinct" above, and
    -- making sure to exclude the internal row to avoid a view appearing to depend on itself)...
    join pg_depend as joining_depend on joining_depend.objid = dependent_depend.objid
        and joining_depend.classid = 'pg_rewrite'::regclass
        and joining_depend.refclassid = 'pg_class'::regclass
        and joining_depend.refobjid != dependent_depend.refobjid

    -- ... we can find the tables they query from in pg_class, but excluding system tables. Note we
    -- don't need need to exclude _dependent_ system tables, because they only query from other
    -- system tables, and so are automatically excluded by excluding _referenced_ system tables
    join pg_class as referenced_class on referenced_class.oid = joining_depend.refobjid
    join pg_namespace as referenced_namespace on referenced_namespace.oid = referenced_class.relnamespace
        and referenced_namespace.nspname != 'information_schema'
        and referenced_namespace.nspname not like 'pg\_%'

    order by
        dependent_schema, dependent_name, referenced_schema, referenced_name;
[0m07:46:20.610625 [debug] [MainThread]: Opening a new connection, currently in state init
[0m07:46:20.632411 [debug] [MainThread]: SQL status: SELECT 0 in 0.022 seconds
[0m07:46:20.634638 [debug] [MainThread]: Sending event: {'category': 'dbt', 'action': 'runnable_timing', 'label': '32ab01f6-ea36-4705-9705-a6bce29ea5e3', 'context': [<snowplow_tracker.self_describing_json.SelfDescribingJson object at 0x7f873d134e60>]}
[0m07:46:20.635410 [debug] [MainThread]: On master: ROLLBACK
[0m07:46:20.636356 [debug] [MainThread]: On master: COMMIT
[0m07:46:20.636814 [debug] [MainThread]: Using postgres connection "master"
[0m07:46:20.637302 [debug] [MainThread]: On master: COMMIT
[0m07:46:20.638310 [debug] [MainThread]: SQL status: COMMIT in 0.001 seconds
[0m07:46:20.638814 [debug] [MainThread]: On master: Close
[0m07:46:20.647869 [debug] [Thread-1 (]: Began running node seed.dbt_project.raw_transactions
[0m07:46:20.649092 [info ] [Thread-1 (]: 1 of 1 START seed file public.raw_transactions ................................. [RUN]
[0m07:46:20.650629 [debug] [Thread-1 (]: Re-using an available connection from the pool (formerly list_airflow_public, now seed.dbt_project.raw_transactions)
[0m07:46:20.651798 [debug] [Thread-1 (]: Began compiling node seed.dbt_project.raw_transactions
[0m07:46:20.652648 [debug] [Thread-1 (]: Began executing node seed.dbt_project.raw_transactions
[0m07:46:20.698256 [debug] [Thread-1 (]: Using postgres connection "seed.dbt_project.raw_transactions"
[0m07:46:20.698911 [debug] [Thread-1 (]: On seed.dbt_project.raw_transactions: /* {"app": "dbt", "dbt_version": "1.12.5", "profile_name": "dbt-project", "target_name": "dev", "node_id": "seed.dbt_project.raw_transactions"} */

    create table "airflow"."public"."raw_transactions" ("transaction_id" integer,"transaction_date" date,"product" text,"amount" integer)
  
[0m07:46:20.699485 [debug] [Thread-1 (]: Opening a new connection, currently in state closed
[0m07:46:20.729847 [debug] [Thread-1 (]: SQL status: CREATE TABLE in 0.030 seconds
[0m07:46:20.767326 [debug] [Thread-1 (]: Using postgres connection "seed.dbt_project.raw_transactions"
[0m07:46:20.768260 [debug] [Thread-1 (]: On seed.dbt_project.raw_transactions: 
          insert into "airflow"."public"."raw_transactions" ("transaction_id", "transaction_date", "product", "amount") values
          (%s,%s,%s,%s),(%s,%s,%s,%s),(%s,%s,%s,%s),(%s,%s,%s,%s),(%s,%s,%s,%s)
      ...
[0m07:46:20.769378 [debug] [Thread-1 (]: SQL status: INSERT 0 5 in 0.001 seconds
[0m07:46:20.779157 [debug] [Thread-1 (]: Writing runtime SQL for node "seed.dbt_project.raw_transactions"
[0m07:46:20.815252 [debug] [Thread-1 (]: On seed.dbt_project.raw_transactions: COMMIT
[0m07:46:20.816474 [debug] [Thread-1 (]: Using postgres connection "seed.dbt_project.raw_transactions"
[0m07:46:20.817305 [debug] [Thread-1 (]: On seed.dbt_project.raw_transactions: COMMIT
[0m07:46:20.819309 [debug] [Thread-1 (]: SQL status: COMMIT in 0.001 seconds
[0m07:46:20.822900 [debug] [Thread-1 (]: On seed.dbt_project.raw_transactions: Close
[0m07:46:20.825746 [debug] [Thread-1 (]: Sending event: {'category': 'dbt', 'action': 'run_model', 'label': '32ab01f6-ea36-4705-9705-a6bce29ea5e3', 'context': [<snowplow_tracker.self_describing_json.SelfDescribingJson object at 0x7f874187d910>]}
[0m07:46:20.826771 [info ] [Thread-1 (]: 1 of 1 OK loaded seed file public.raw_transactions ............................. [[32mINSERT 5[0m in 0.17s]
[0m07:46:20.828079 [debug] [Thread-1 (]: Finished running node seed.dbt_project.raw_transactions
[0m07:46:20.832377 [debug] [MainThread]: On master: COMMIT
[0m07:46:20.833388 [debug] [MainThread]: Using postgres connection "master"
[0m07:46:20.833954 [debug] [MainThread]: On master: COMMIT
[0m07:46:20.834640 [debug] [MainThread]: Opening a new connection, currently in state closed
[0m07:46:20.840925 [debug] [MainThread]: SQL status: COMMIT in 0.006 seconds
[0m07:46:20.841878 [debug] [MainThread]: On master: Close
[0m07:46:20.843072 [debug] [MainThread]: Connection 'master' was properly closed.
[0m07:46:20.843797 [debug] [MainThread]: Connection 'seed.dbt_project.raw_transactions' was properly closed.
[0m07:46:20.844486 [info ] [MainThread]: 
[0m07:46:20.845039 [info ] [MainThread]: Finished running 1 seed in 0 hours 0 minutes and 0.39 seconds (0.39s).
[0m07:46:20.846340 [debug] [MainThread]: Command end result
[0m07:46:20.901401 [debug] [MainThread]: Wrote artifact WritableManifest to /opt/airflow/dags/dbt-project/target/manifest.json
[0m07:46:20.904807 [debug] [MainThread]: Wrote artifact SemanticManifest to /opt/airflow/dags/dbt-project/target/semantic_manifest.json
[0m07:46:20.908794 [debug] [MainThread]: Wrote artifact OsiDocument to /opt/airflow/dags/dbt-project/target/osi_document.json
[0m07:46:20.920841 [debug] [MainThread]: Wrote artifact RunExecutionResult to /opt/airflow/dags/dbt-project/target/run_results.json
[0m07:46:20.921476 [info ] [MainThread]: 
[0m07:46:20.922370 [info ] [MainThread]: [32mCompleted successfully[0m
[0m07:46:20.922821 [info ] [MainThread]: 
[0m07:46:20.923452 [info ] [MainThread]: Done. PASS=1 WARN=0 ERROR=0 SKIP=0 NO-OP=0 REUSED=0 TOTAL=1
[0m07:46:20.924233 [warn ] [MainThread]: [[33mWARNING[0m][DeprecationsSummary]: Deprecated functionality
Summary of encountered deprecations:
- ConfigSourcePathDeprecation: 1 occurrence
- ConfigDataPathDeprecation: 1 occurrence
To see all deprecation instances instead of just the first occurrence of each,
run command again with the `--show-all-deprecations` flag. You may also need to
run with `--no-partial-parse` as some deprecations are only encountered during
parsing.
[0m07:46:20.925853 [debug] [MainThread]: Resource report: {"command_name": "seed", "command_success": true, "command_wall_clock_time": 3.8029685, "process_in_blocks": "1920", "process_kernel_time": 0.535634, "process_mem_max_rss": "143584", "process_out_blocks": "3240", "process_user_time": 6.057481}
[0m07:46:20.926529 [debug] [MainThread]: Command `dbt seed` succeeded at 07:46:20.926406 after 3.80 seconds
[0m07:46:20.927491 [debug] [MainThread]: Sending event: {'category': 'dbt', 'action': 'invocation', 'label': 'end', 'context': [<snowplow_tracker.self_describing_json.SelfDescribingJson object at 0x7f873d5a8f50>, <snowplow_tracker.self_describing_json.SelfDescribingJson object at 0x7f873ff81010>, <snowplow_tracker.self_describing_json.SelfDescribingJson object at 0x7f873d5d7380>]}
[0m07:46:20.928117 [debug] [MainThread]: Flushing usage events
[0m07:46:21.894229 [debug] [MainThread]: An error was encountered while trying to flush usage events
[0m07:46:36.713860 [debug] [MainThread]: Sending event: {'category': 'dbt', 'action': 'invocation', 'label': 'start', 'context': [<snowplow_tracker.self_describing_json.SelfDescribingJson object at 0x7f008ef3b590>, <snowplow_tracker.self_describing_json.SelfDescribingJson object at 0x7f00906d00b0>, <snowplow_tracker.self_describing_json.SelfDescribingJson object at 0x7f008e6f9280>]}


============================== 07:46:36.720618 | 3d3d87b6-cbf7-4532-9abf-bff97e1f33e6 ==============================
[0m07:46:36.720618 [info ] [MainThread]: Running with dbt=1.12.5
[0m07:46:36.721129 [debug] [MainThread]: running dbt with arguments {'static_parser': 'True', 'empty': 'None', 'warn_error': 'None', 'log_format': 'default', 'indirect_selection': 'eager', 'fail_fast': 'False', 'cache_selected_only': 'False', 'invocation_command': 'dbt debug --profiles-dir /opt/airflow/dags/dbt-project', 'warn_error_options': 'WarnErrorOptionsV2(error=[], warn=[], silence=[])', 'printer_width': '80', 'use_experimental_parser': 'False', 'target_path': 'None', 'log_cache_events': 'False', 'no_print': 'None', 'log_path': '/opt/airflow/dags/dbt-project/logs', 'debug': 'False', 'version_check': 'True', 'maximum_seed_size_mib': '1', 'partial_parse': 'True', 'write_json': 'True', 'use_colors': 'True', 'send_anonymous_usage_stats': 'True', 'hints_enabled': 'True', 'introspect': 'True', 'profiles_dir': '/opt/airflow/dags/dbt-project', 'quiet': 'False'}
[0m07:46:36.733031 [info ] [MainThread]: dbt version: 1.12.5
[0m07:46:36.733614 [info ] [MainThread]: python version: 3.12.5
[0m07:46:36.733917 [info ] [MainThread]: python path: /home/airflow/.local/bin/python
[0m07:46:36.734367 [info ] [MainThread]: os info: Linux-4.18.0-553.137.1.el8_10.x86_64-x86_64-with-glibc2.36
[0m07:46:36.797135 [info ] [MainThread]: Using profiles dir at /opt/airflow/dags/dbt-project
[0m07:46:36.797764 [info ] [MainThread]: Using profiles.yml file at /opt/airflow/dags/dbt-project/profiles.yml
[0m07:46:36.798183 [info ] [MainThread]: Using dbt_project.yml file at /opt/airflow/dags/dbt-project/dbt_project.yml
[0m07:46:36.798832 [info ] [MainThread]: adapter type: postgres
[0m07:46:36.799426 [info ] [MainThread]: adapter version: 1.11.0
[0m07:46:36.805119 [warn ] [MainThread]: [[33mWARNING[0m]: Deprecated functionality
The `source-paths` config has been renamed to `model-paths`. Please update your
`dbt_project.yml` configuration to reflect this change.
[0m07:46:36.805751 [debug] [MainThread]: Sending event: {'category': 'dbt', 'action': 'deprecation', 'label': '3d3d87b6-cbf7-4532-9abf-bff97e1f33e6', 'property_': 'warn', 'context': [<snowplow_tracker.self_describing_json.SelfDescribingJson object at 0x7f008d362930>]}
[0m07:46:36.806485 [warn ] [MainThread]: [[33mWARNING[0m]: Deprecated functionality
The `data-paths` config has been renamed to `seed-paths`. Please update your
`dbt_project.yml` configuration to reflect this change.
[0m07:46:36.806969 [debug] [MainThread]: Sending event: {'category': 'dbt', 'action': 'deprecation', 'label': '3d3d87b6-cbf7-4532-9abf-bff97e1f33e6', 'property_': 'warn', 'context': [<snowplow_tracker.self_describing_json.SelfDescribingJson object at 0x7f008d335190>]}
[0m07:46:36.949641 [info ] [MainThread]: Configuration:
[0m07:46:36.950501 [info ] [MainThread]:   profiles.yml file [[32mOK found and valid[0m]
[0m07:46:36.950889 [info ] [MainThread]:   dbt_project.yml file [[32mOK found and valid[0m]
[0m07:46:36.951468 [info ] [MainThread]: Required dependencies:
[0m07:46:36.951975 [debug] [MainThread]: Executing "git --help"
[0m07:46:36.954030 [info ] [MainThread]:  - git [[31mERROR[0m]

[0m07:46:36.954706 [info ] [MainThread]: Connection:
[0m07:46:36.955087 [info ] [MainThread]:   host: postgres
[0m07:46:36.955607 [info ] [MainThread]:   port: 5432
[0m07:46:36.956271 [info ] [MainThread]:   user: airflow
[0m07:46:36.956786 [info ] [MainThread]:   database: airflow
[0m07:46:36.957397 [info ] [MainThread]:   schema: public
[0m07:46:36.957813 [info ] [MainThread]:   connect_timeout: 10
[0m07:46:36.958549 [info ] [MainThread]:   role: None
[0m07:46:36.959160 [info ] [MainThread]:   search_path: None
[0m07:46:36.959740 [info ] [MainThread]:   keepalives_idle: 0
[0m07:46:36.960388 [info ] [MainThread]:   sslmode: None
[0m07:46:36.960980 [info ] [MainThread]:   sslcert: None
[0m07:46:36.961639 [info ] [MainThread]:   sslkey: None
[0m07:46:36.962957 [info ] [MainThread]:   sslrootcert: None
[0m07:46:36.963784 [info ] [MainThread]:   application_name: dbt
[0m07:46:36.964326 [info ] [MainThread]:   autocommit: False
[0m07:46:36.965045 [info ] [MainThread]:   retries: 1
[0m07:46:36.965956 [info ] [MainThread]: Registered adapter: postgres=1.11.0
[0m07:46:37.142443 [debug] [MainThread]: Acquiring new postgres connection 'debug'
[0m07:46:37.187109 [debug] [MainThread]: Using postgres connection "debug"
[0m07:46:37.187816 [debug] [MainThread]: On debug: select 1 as id
[0m07:46:37.188163 [debug] [MainThread]: Opening a new connection, currently in state init
[0m07:46:37.195119 [debug] [MainThread]: SQL status: SELECT 1 in 0.007 seconds
[0m07:46:37.196801 [debug] [MainThread]: On debug: Close
[0m07:46:37.197576 [info ] [MainThread]:   Connection test: [[32mOK connection ok[0m]

[0m07:46:37.198335 [info ] [MainThread]: [31m1 check failed:[0m
[0m07:46:37.198837 [info ] [MainThread]: Error from git --help: User does not have permissions for this command: "git"

[0m07:46:37.199946 [warn ] [MainThread]: [[33mWARNING[0m][DeprecationsSummary]: Deprecated functionality
Summary of encountered deprecations:
- ConfigSourcePathDeprecation: 1 occurrence
- ConfigDataPathDeprecation: 1 occurrence
To see all deprecation instances instead of just the first occurrence of each,
run command again with the `--show-all-deprecations` flag. You may also need to
run with `--no-partial-parse` as some deprecations are only encountered during
parsing.
[0m07:46:37.202081 [debug] [MainThread]: Resource report: {"command_name": "debug", "command_success": false, "command_wall_clock_time": 0.5684401, "process_in_blocks": "0", "process_kernel_time": 0.380999, "process_mem_max_rss": "128416", "process_out_blocks": "8", "process_user_time": 2.41717}
[0m07:46:37.202883 [debug] [MainThread]: Command `dbt debug` failed at 07:46:37.202731 after 0.57 seconds
[0m07:46:37.203467 [debug] [MainThread]: Connection 'debug' was properly closed.
[0m07:46:37.203961 [debug] [MainThread]: Sending event: {'category': 'dbt', 'action': 'invocation', 'label': 'end', 'context': [<snowplow_tracker.self_describing_json.SelfDescribingJson object at 0x7f008de59bb0>, <snowplow_tracker.self_describing_json.SelfDescribingJson object at 0x7f008d389520>, <snowplow_tracker.self_describing_json.SelfDescribingJson object at 0x7f008dc7acf0>]}
[0m07:46:37.204522 [debug] [MainThread]: Flushing usage events
[0m07:46:38.169103 [debug] [MainThread]: An error was encountered while trying to flush usage events
[0m07:48:41.735288 [debug] [MainThread]: Sending event: {'category': 'dbt', 'action': 'invocation', 'label': 'start', 'context': [<snowplow_tracker.self_describing_json.SelfDescribingJson object at 0x7f330195e900>, <snowplow_tracker.self_describing_json.SelfDescribingJson object at 0x7f3303725760>, <snowplow_tracker.self_describing_json.SelfDescribingJson object at 0x7f330195e840>]}


============================== 07:48:41.741432 | 26112da8-02a1-4faf-8731-8cfeb1415661 ==============================
[0m07:48:41.741432 [info ] [MainThread]: Running with dbt=1.12.5
[0m07:48:41.742280 [debug] [MainThread]: running dbt with arguments {'use_colors': 'True', 'log_format': 'default', 'introspect': 'True', 'use_experimental_parser': 'False', 'invocation_command': 'dbt seed --profiles-dir /opt/airflow/dags/dbt-project', 'write_json': 'True', 'hints_enabled': 'True', 'fail_fast': 'False', 'maximum_seed_size_mib': '1', 'debug': 'False', 'indirect_selection': 'eager', 'partial_parse': 'True', 'log_path': '/opt/airflow/dags/dbt-project/logs', 'printer_width': '80', 'cache_selected_only': 'False', 'static_parser': 'True', 'send_anonymous_usage_stats': 'True', 'log_cache_events': 'False', 'quiet': 'False', 'profiles_dir': '/opt/airflow/dags/dbt-project', 'empty': 'False', 'target_path': 'None', 'warn_error': 'None', 'warn_error_options': 'WarnErrorOptionsV2(error=[], warn=[], silence=[])', 'version_check': 'True', 'no_print': 'None'}
[0m07:48:41.809060 [warn ] [MainThread]: [[33mWARNING[0m]: Deprecated functionality
The `source-paths` config has been renamed to `model-paths`. Please update your
`dbt_project.yml` configuration to reflect this change.
[0m07:48:41.809744 [debug] [MainThread]: Sending event: {'category': 'dbt', 'action': 'deprecation', 'label': '26112da8-02a1-4faf-8731-8cfeb1415661', 'property_': 'warn', 'context': [<snowplow_tracker.self_describing_json.SelfDescribingJson object at 0x7f3300560200>]}
[0m07:48:41.810209 [warn ] [MainThread]: [[33mWARNING[0m]: Deprecated functionality
The `data-paths` config has been renamed to `seed-paths`. Please update your
`dbt_project.yml` configuration to reflect this change.
[0m07:48:41.811003 [debug] [MainThread]: Sending event: {'category': 'dbt', 'action': 'deprecation', 'label': '26112da8-02a1-4faf-8731-8cfeb1415661', 'property_': 'warn', 'context': [<snowplow_tracker.self_describing_json.SelfDescribingJson object at 0x7f3300560200>]}
[0m07:48:41.982335 [debug] [MainThread]: Sending event: {'category': 'dbt', 'action': 'project_id', 'label': '26112da8-02a1-4faf-8731-8cfeb1415661', 'context': [<snowplow_tracker.self_describing_json.SelfDescribingJson object at 0x7f3302bcb620>]}
[0m07:48:42.065819 [debug] [MainThread]: Sending event: {'category': 'dbt', 'action': 'adapter_info', 'label': '26112da8-02a1-4faf-8731-8cfeb1415661', 'context': [<snowplow_tracker.self_describing_json.SelfDescribingJson object at 0x7f3300d61730>]}
[0m07:48:42.067346 [info ] [MainThread]: Registered adapter: postgres=1.11.0
[0m07:48:42.223945 [debug] [MainThread]: checksum: b29d9af8eaaa65115adbe4e5d45ac72f370e925f7ab69b36ae2aaa99f6869c57, vars: {}, profile: dbt-project, target: dev, version: 1.12.5
[0m07:48:42.382181 [debug] [MainThread]: Partial parsing enabled: 0 files deleted, 0 files added, 0 files changed.
[0m07:48:42.382871 [debug] [MainThread]: Nothing changed, skipping partial parsing.
[0m07:48:42.383376 [debug] [MainThread]: Partial parsing enabled, no changes found, skipping parsing
[0m07:48:42.397499 [debug] [MainThread]: Sending event: {'category': 'dbt', 'action': 'load_project', 'label': '26112da8-02a1-4faf-8731-8cfeb1415661', 'context': [<snowplow_tracker.self_describing_json.SelfDescribingJson object at 0x7f32ff9cddc0>]}
[0m07:48:42.537266 [debug] [MainThread]: Wrote artifact WritableManifest to /opt/airflow/dags/dbt-project/target/manifest.json
[0m07:48:42.540742 [debug] [MainThread]: Wrote artifact SemanticManifest to /opt/airflow/dags/dbt-project/target/semantic_manifest.json
[0m07:48:42.557982 [debug] [MainThread]: Wrote artifact OsiDocument to /opt/airflow/dags/dbt-project/target/osi_document.json
[0m07:48:42.575920 [debug] [MainThread]: Sending event: {'category': 'dbt', 'action': 'resource_counts', 'label': '26112da8-02a1-4faf-8731-8cfeb1415661', 'context': [<snowplow_tracker.self_describing_json.SelfDescribingJson object at 0x7f32fe9f5e80>]}
[0m07:48:42.576636 [info ] [MainThread]: Found 3 models, 1 seed, 477 macros
[0m07:48:42.577021 [debug] [MainThread]: Sending event: {'category': 'dbt', 'action': 'runnable_timing', 'label': '26112da8-02a1-4faf-8731-8cfeb1415661', 'context': [<snowplow_tracker.self_describing_json.SelfDescribingJson object at 0x7f33004f4320>]}
[0m07:48:42.579616 [info ] [MainThread]: 
[0m07:48:42.580177 [info ] [MainThread]: Concurrency: 1 threads (target='dev')
[0m07:48:42.580651 [info ] [MainThread]: 
[0m07:48:42.581677 [debug] [MainThread]: Acquiring new postgres connection 'master'
[0m07:48:42.584396 [debug] [ThreadPool]: Acquiring new postgres connection 'list_airflow'
[0m07:48:42.634133 [debug] [ThreadPool]: Using postgres connection "list_airflow"
[0m07:48:42.634852 [debug] [ThreadPool]: On list_airflow: /* {"app": "dbt", "dbt_version": "1.12.5", "profile_name": "dbt-project", "target_name": "dev", "connection_name": "list_airflow"} */

    select distinct nspname from pg_namespace
  
[0m07:48:42.635274 [debug] [ThreadPool]: Opening a new connection, currently in state init
[0m07:48:42.643178 [debug] [ThreadPool]: SQL status: SELECT 6 in 0.008 seconds
[0m07:48:42.644915 [debug] [ThreadPool]: On list_airflow: Close
[0m07:48:42.651739 [debug] [ThreadPool]: Re-using an available connection from the pool (formerly list_airflow, now list_airflow_public)
[0m07:48:42.657830 [debug] [ThreadPool]: Using postgres connection "list_airflow_public"
[0m07:48:42.658524 [debug] [ThreadPool]: On list_airflow_public: /* {"app": "dbt", "dbt_version": "1.12.5", "profile_name": "dbt-project", "target_name": "dev", "connection_name": "list_airflow_public"} */
select
      'airflow' as database,
      tablename as name,
      schemaname as schema,
      'table' as type
    from pg_tables
    where schemaname ilike 'public'
    union all
    select
      'airflow' as database,
      viewname as name,
      schemaname as schema,
      'view' as type
    from pg_views
    where schemaname ilike 'public'
    union all
    select
      'airflow' as database,
      matviewname as name,
      schemaname as schema,
      'materialized_view' as type
    from pg_matviews
    where schemaname ilike 'public'
    union all
    select distinct
     'airflow' as database,
     proname as name,
     ns.nspname as schema,
     'function' as type
    from pg_proc
     join pg_namespace as ns on pronamespace = ns.oid
    where ns.nspname ilike 'public'
  
[0m07:48:42.658924 [debug] [ThreadPool]: Opening a new connection, currently in state closed
[0m07:48:42.669912 [debug] [ThreadPool]: SQL status: SELECT 51 in 0.011 seconds
[0m07:48:42.673703 [debug] [ThreadPool]: On list_airflow_public: ROLLBACK
[0m07:48:42.674770 [debug] [ThreadPool]: On list_airflow_public: Close
[0m07:48:42.687687 [debug] [MainThread]: Using postgres connection "master"
[0m07:48:42.688127 [debug] [MainThread]: On master: /* {"app": "dbt", "dbt_version": "1.12.5", "profile_name": "dbt-project", "target_name": "dev", "connection_name": "master"} */
select distinct
        dependent_namespace.nspname as dependent_schema,
        dependent_class.relname as dependent_name,
        referenced_namespace.nspname as referenced_schema,
        referenced_class.relname as referenced_name

    -- Query for views: views are entries in pg_class with an entry in pg_rewrite, but we avoid
    -- a seq scan on pg_rewrite by leveraging the fact there is an "internal" row in pg_depend for
    -- the view...
    from pg_class as dependent_class
    join pg_namespace as dependent_namespace on dependent_namespace.oid = dependent_class.relnamespace
    join pg_depend as dependent_depend on dependent_depend.refobjid = dependent_class.oid
        and dependent_depend.classid = 'pg_rewrite'::regclass
        and dependent_depend.refclassid = 'pg_class'::regclass
        and dependent_depend.deptype = 'i'

    -- ... and via pg_depend (that has a row per column, hence the need for "distinct" above, and
    -- making sure to exclude the internal row to avoid a view appearing to depend on itself)...
    join pg_depend as joining_depend on joining_depend.objid = dependent_depend.objid
        and joining_depend.classid = 'pg_rewrite'::regclass
        and joining_depend.refclassid = 'pg_class'::regclass
        and joining_depend.refobjid != dependent_depend.refobjid

    -- ... we can find the tables they query from in pg_class, but excluding system tables. Note we
    -- don't need need to exclude _dependent_ system tables, because they only query from other
    -- system tables, and so are automatically excluded by excluding _referenced_ system tables
    join pg_class as referenced_class on referenced_class.oid = joining_depend.refobjid
    join pg_namespace as referenced_namespace on referenced_namespace.oid = referenced_class.relnamespace
        and referenced_namespace.nspname != 'information_schema'
        and referenced_namespace.nspname not like 'pg\_%'

    order by
        dependent_schema, dependent_name, referenced_schema, referenced_name;
[0m07:48:42.688586 [debug] [MainThread]: Opening a new connection, currently in state init
[0m07:48:42.698536 [debug] [MainThread]: SQL status: SELECT 0 in 0.010 seconds
[0m07:48:42.700251 [debug] [MainThread]: Sending event: {'category': 'dbt', 'action': 'runnable_timing', 'label': '26112da8-02a1-4faf-8731-8cfeb1415661', 'context': [<snowplow_tracker.self_describing_json.SelfDescribingJson object at 0x7f32fd8ec530>]}
[0m07:48:42.700809 [debug] [MainThread]: On master: ROLLBACK
[0m07:48:42.701927 [debug] [MainThread]: On master: COMMIT
[0m07:48:42.702478 [debug] [MainThread]: Using postgres connection "master"
[0m07:48:42.703187 [debug] [MainThread]: On master: COMMIT
[0m07:48:42.704170 [debug] [MainThread]: SQL status: COMMIT in 0.000 seconds
[0m07:48:42.704586 [debug] [MainThread]: On master: Close
[0m07:48:42.709608 [debug] [Thread-1 (]: Began running node seed.dbt_project.raw_transactions
[0m07:48:42.710158 [info ] [Thread-1 (]: 1 of 1 START seed file public.raw_transactions ................................. [RUN]
[0m07:48:42.710797 [debug] [Thread-1 (]: Re-using an available connection from the pool (formerly list_airflow_public, now seed.dbt_project.raw_transactions)
[0m07:48:42.711146 [debug] [Thread-1 (]: Began compiling node seed.dbt_project.raw_transactions
[0m07:48:42.711660 [debug] [Thread-1 (]: Began executing node seed.dbt_project.raw_transactions
[0m07:48:42.746383 [debug] [Thread-1 (]: Using postgres connection "seed.dbt_project.raw_transactions"
[0m07:48:42.747035 [debug] [Thread-1 (]: On seed.dbt_project.raw_transactions: /* {"app": "dbt", "dbt_version": "1.12.5", "profile_name": "dbt-project", "target_name": "dev", "node_id": "seed.dbt_project.raw_transactions"} */
truncate table "airflow"."public"."raw_transactions"
[0m07:48:42.747415 [debug] [Thread-1 (]: Opening a new connection, currently in state closed
[0m07:48:42.768267 [debug] [Thread-1 (]: SQL status: TRUNCATE TABLE in 0.021 seconds
[0m07:48:42.789268 [debug] [Thread-1 (]: Using postgres connection "seed.dbt_project.raw_transactions"
[0m07:48:42.789726 [debug] [Thread-1 (]: On seed.dbt_project.raw_transactions: 
          insert into "airflow"."public"."raw_transactions" ("transaction_id", "transaction_date", "product", "amount") values
          (%s,%s,%s,%s),(%s,%s,%s,%s),(%s,%s,%s,%s),(%s,%s,%s,%s),(%s,%s,%s,%s)
      ...
[0m07:48:42.790971 [debug] [Thread-1 (]: SQL status: INSERT 0 5 in 0.001 seconds
[0m07:48:42.797440 [debug] [Thread-1 (]: Writing runtime SQL for node "seed.dbt_project.raw_transactions"
[0m07:48:42.814811 [debug] [Thread-1 (]: On seed.dbt_project.raw_transactions: COMMIT
[0m07:48:42.815266 [debug] [Thread-1 (]: Using postgres connection "seed.dbt_project.raw_transactions"
[0m07:48:42.815751 [debug] [Thread-1 (]: On seed.dbt_project.raw_transactions: COMMIT
[0m07:48:42.817781 [debug] [Thread-1 (]: SQL status: COMMIT in 0.002 seconds
[0m07:48:42.819669 [debug] [Thread-1 (]: On seed.dbt_project.raw_transactions: Close
[0m07:48:42.821795 [debug] [Thread-1 (]: Sending event: {'category': 'dbt', 'action': 'run_model', 'label': '26112da8-02a1-4faf-8731-8cfeb1415661', 'context': [<snowplow_tracker.self_describing_json.SelfDescribingJson object at 0x7f3302bc9cd0>]}
[0m07:48:42.822669 [info ] [Thread-1 (]: 1 of 1 OK loaded seed file public.raw_transactions ............................. [[32mINSERT 5[0m in 0.11s]
[0m07:48:42.823731 [debug] [Thread-1 (]: Finished running node seed.dbt_project.raw_transactions
[0m07:48:42.826406 [debug] [MainThread]: On master: COMMIT
[0m07:48:42.826999 [debug] [MainThread]: Using postgres connection "master"
[0m07:48:42.827369 [debug] [MainThread]: On master: COMMIT
[0m07:48:42.827686 [debug] [MainThread]: Opening a new connection, currently in state closed
[0m07:48:42.833589 [debug] [MainThread]: SQL status: COMMIT in 0.006 seconds
[0m07:48:42.834146 [debug] [MainThread]: On master: Close
[0m07:48:42.835048 [debug] [MainThread]: Connection 'master' was properly closed.
[0m07:48:42.835565 [debug] [MainThread]: Connection 'seed.dbt_project.raw_transactions' was properly closed.
[0m07:48:42.835973 [info ] [MainThread]: 
[0m07:48:42.836584 [info ] [MainThread]: Finished running 1 seed in 0 hours 0 minutes and 0.25 seconds (0.25s).
[0m07:48:42.838207 [debug] [MainThread]: Command end result
[0m07:48:42.878431 [debug] [MainThread]: Wrote artifact WritableManifest to /opt/airflow/dags/dbt-project/target/manifest.json
[0m07:48:42.881108 [debug] [MainThread]: Wrote artifact SemanticManifest to /opt/airflow/dags/dbt-project/target/semantic_manifest.json
[0m07:48:42.884687 [debug] [MainThread]: Wrote artifact OsiDocument to /opt/airflow/dags/dbt-project/target/osi_document.json
[0m07:48:42.894260 [debug] [MainThread]: Wrote artifact RunExecutionResult to /opt/airflow/dags/dbt-project/target/run_results.json
[0m07:48:42.894782 [info ] [MainThread]: 
[0m07:48:42.895484 [info ] [MainThread]: [32mCompleted successfully[0m
[0m07:48:42.895871 [info ] [MainThread]: 
[0m07:48:42.896627 [info ] [MainThread]: Done. PASS=1 WARN=0 ERROR=0 SKIP=0 NO-OP=0 REUSED=0 TOTAL=1
[0m07:48:42.897725 [warn ] [MainThread]: [[33mWARNING[0m][DeprecationsSummary]: Deprecated functionality
Summary of encountered deprecations:
- ConfigSourcePathDeprecation: 1 occurrence
- ConfigDataPathDeprecation: 1 occurrence
To see all deprecation instances instead of just the first occurrence of each,
run command again with the `--show-all-deprecations` flag. You may also need to
run with `--no-partial-parse` as some deprecations are only encountered during
parsing.
[0m07:48:42.899764 [debug] [MainThread]: Resource report: {"command_name": "seed", "command_success": true, "command_wall_clock_time": 1.2531592, "process_in_blocks": "0", "process_kernel_time": 0.393188, "process_mem_max_rss": "135180", "process_out_blocks": "2208", "process_user_time": 3.113551}
[0m07:48:42.900588 [debug] [MainThread]: Command `dbt seed` succeeded at 07:48:42.900467 after 1.25 seconds
[0m07:48:42.901140 [debug] [MainThread]: Sending event: {'category': 'dbt', 'action': 'invocation', 'label': 'end', 'context': [<snowplow_tracker.self_describing_json.SelfDescribingJson object at 0x7f33006c49e0>, <snowplow_tracker.self_describing_json.SelfDescribingJson object at 0x7f32ff1cc590>, <snowplow_tracker.self_describing_json.SelfDescribingJson object at 0x7f3303725760>]}
[0m07:48:42.901575 [debug] [MainThread]: Flushing usage events
[0m07:48:43.872689 [debug] [MainThread]: An error was encountered while trying to flush usage events
[0m07:51:30.171035 [debug] [MainThread]: Sending event: {'category': 'dbt', 'action': 'invocation', 'label': 'start', 'context': [<snowplow_tracker.self_describing_json.SelfDescribingJson object at 0x7fe586d26ea0>, <snowplow_tracker.self_describing_json.SelfDescribingJson object at 0x7fe5859c11c0>, <snowplow_tracker.self_describing_json.SelfDescribingJson object at 0x7fe586dd7f50>]}


============================== 07:51:30.188668 | 82305018-3419-4ce9-b65f-c63a084fa2e4 ==============================
[0m07:51:30.188668 [info ] [MainThread]: Running with dbt=1.12.5
[0m07:51:30.190237 [debug] [MainThread]: running dbt with arguments {'fail_fast': 'False', 'quiet': 'False', 'warn_error': 'None', 'use_experimental_parser': 'False', 'cache_selected_only': 'False', 'no_print': 'None', 'warn_error_options': 'WarnErrorOptionsV2(error=[], warn=[], silence=[])', 'log_cache_events': 'False', 'partial_parse': 'True', 'send_anonymous_usage_stats': 'True', 'maximum_seed_size_mib': '1', 'use_colors': 'True', 'printer_width': '80', 'indirect_selection': 'eager', 'invocation_command': 'dbt run --models mart_daily_sales --profiles-dir /opt/airflow/dags/dbt-project', 'debug': 'False', 'profiles_dir': '/opt/airflow/dags/dbt-project', 'static_parser': 'True', 'write_json': 'True', 'empty': 'False', 'version_check': 'True', 'log_path': '/opt/airflow/dags/dbt-project/logs', 'log_format': 'default', 'introspect': 'True', 'hints_enabled': 'True', 'target_path': 'None'}
[0m07:51:30.191606 [warn ] [MainThread]: [[33mWARNING[0m][ModelParamUsageDeprecation]: Deprecated functionality
Usage of `--models`, `--model`, and `-m` is deprecated in favor of `--select` or
`-s`.
[0m07:51:30.192565 [debug] [MainThread]: Sending event: {'category': 'dbt', 'action': 'deprecation', 'label': '82305018-3419-4ce9-b65f-c63a084fa2e4', 'property_': 'warn', 'context': [<snowplow_tracker.self_describing_json.SelfDescribingJson object at 0x7fe584e10d10>]}
[0m07:51:30.233635 [debug] [MainThread]: Sending event: {'category': 'dbt', 'action': 'invocation', 'label': 'start', 'context': [<snowplow_tracker.self_describing_json.SelfDescribingJson object at 0x7f38d1522390>, <snowplow_tracker.self_describing_json.SelfDescribingJson object at 0x7f38d0bd3530>, <snowplow_tracker.self_describing_json.SelfDescribingJson object at 0x7f38d15ea1e0>]}


============================== 07:51:30.245077 | 8f84ef31-3047-47f2-aac1-453b2ee886dc ==============================
[0m07:51:30.245077 [info ] [MainThread]: Running with dbt=1.12.5
[0m07:51:30.246594 [debug] [MainThread]: running dbt with arguments {'profiles_dir': '/opt/airflow/dags/dbt-project', 'hints_enabled': 'True', 'static_parser': 'True', 'printer_width': '80', 'maximum_seed_size_mib': '1', 'no_print': 'None', 'log_cache_events': 'False', 'indirect_selection': 'eager', 'partial_parse': 'True', 'introspect': 'True', 'target_path': 'None', 'invocation_command': 'dbt seed --profiles-dir /opt/airflow/dags/dbt-project', 'use_colors': 'True', 'warn_error_options': 'WarnErrorOptionsV2(error=[], warn=[], silence=[])', 'cache_selected_only': 'False', 'log_format': 'default', 'debug': 'False', 'version_check': 'True', 'quiet': 'False', 'warn_error': 'None', 'send_anonymous_usage_stats': 'True', 'write_json': 'True', 'use_experimental_parser': 'False', 'empty': 'False', 'fail_fast': 'False', 'log_path': '/opt/airflow/dags/dbt-project/logs'}
[0m07:51:30.329958 [warn ] [MainThread]: [[33mWARNING[0m]: Deprecated functionality
The `source-paths` config has been renamed to `model-paths`. Please update your
`dbt_project.yml` configuration to reflect this change.
[0m07:51:30.331429 [debug] [MainThread]: Sending event: {'category': 'dbt', 'action': 'deprecation', 'label': '82305018-3419-4ce9-b65f-c63a084fa2e4', 'property_': 'warn', 'context': [<snowplow_tracker.self_describing_json.SelfDescribingJson object at 0x7fe583cb41a0>]}
[0m07:51:30.332269 [warn ] [MainThread]: [[33mWARNING[0m]: Deprecated functionality
The `data-paths` config has been renamed to `seed-paths`. Please update your
`dbt_project.yml` configuration to reflect this change.
[0m07:51:30.335698 [debug] [MainThread]: Sending event: {'category': 'dbt', 'action': 'deprecation', 'label': '82305018-3419-4ce9-b65f-c63a084fa2e4', 'property_': 'warn', 'context': [<snowplow_tracker.self_describing_json.SelfDescribingJson object at 0x7fe58428cf20>]}
[0m07:51:30.378904 [warn ] [MainThread]: [[33mWARNING[0m]: Deprecated functionality
The `source-paths` config has been renamed to `model-paths`. Please update your
`dbt_project.yml` configuration to reflect this change.
[0m07:51:30.380374 [debug] [MainThread]: Sending event: {'category': 'dbt', 'action': 'deprecation', 'label': '8f84ef31-3047-47f2-aac1-453b2ee886dc', 'property_': 'warn', 'context': [<snowplow_tracker.self_describing_json.SelfDescribingJson object at 0x7f38cef2d2b0>]}
[0m07:51:30.381874 [warn ] [MainThread]: [[33mWARNING[0m]: Deprecated functionality
The `data-paths` config has been renamed to `seed-paths`. Please update your
`dbt_project.yml` configuration to reflect this change.
[0m07:51:30.382842 [debug] [MainThread]: Sending event: {'category': 'dbt', 'action': 'deprecation', 'label': '8f84ef31-3047-47f2-aac1-453b2ee886dc', 'property_': 'warn', 'context': [<snowplow_tracker.self_describing_json.SelfDescribingJson object at 0x7f38cef2d2b0>]}
[0m07:51:30.647061 [debug] [MainThread]: Sending event: {'category': 'dbt', 'action': 'project_id', 'label': '82305018-3419-4ce9-b65f-c63a084fa2e4', 'context': [<snowplow_tracker.self_describing_json.SelfDescribingJson object at 0x7fe583d46510>]}
[0m07:51:30.675737 [debug] [MainThread]: Sending event: {'category': 'dbt', 'action': 'project_id', 'label': '8f84ef31-3047-47f2-aac1-453b2ee886dc', 'context': [<snowplow_tracker.self_describing_json.SelfDescribingJson object at 0x7f38d0a01d00>]}
[0m07:51:30.776055 [debug] [MainThread]: Sending event: {'category': 'dbt', 'action': 'adapter_info', 'label': '82305018-3419-4ce9-b65f-c63a084fa2e4', 'context': [<snowplow_tracker.self_describing_json.SelfDescribingJson object at 0x7fe5850b50d0>]}
[0m07:51:30.777745 [info ] [MainThread]: Registered adapter: postgres=1.11.0
[0m07:51:30.801223 [debug] [MainThread]: Sending event: {'category': 'dbt', 'action': 'adapter_info', 'label': '8f84ef31-3047-47f2-aac1-453b2ee886dc', 'context': [<snowplow_tracker.self_describing_json.SelfDescribingJson object at 0x7f38cefbfaa0>]}
[0m07:51:30.803362 [info ] [MainThread]: Registered adapter: postgres=1.11.0
[0m07:51:31.029612 [debug] [MainThread]: checksum: b29d9af8eaaa65115adbe4e5d45ac72f370e925f7ab69b36ae2aaa99f6869c57, vars: {}, profile: dbt-project, target: dev, version: 1.12.5
[0m07:51:31.053999 [debug] [MainThread]: checksum: b29d9af8eaaa65115adbe4e5d45ac72f370e925f7ab69b36ae2aaa99f6869c57, vars: {}, profile: dbt-project, target: dev, version: 1.12.5
[0m07:51:31.234335 [debug] [MainThread]: Partial parsing enabled: 0 files deleted, 0 files added, 0 files changed.
[0m07:51:31.235173 [debug] [MainThread]: Nothing changed, skipping partial parsing.
[0m07:51:31.235826 [debug] [MainThread]: Partial parsing enabled, no changes found, skipping parsing
[0m07:51:31.253939 [debug] [MainThread]: Sending event: {'category': 'dbt', 'action': 'load_project', 'label': '82305018-3419-4ce9-b65f-c63a084fa2e4', 'context': [<snowplow_tracker.self_describing_json.SelfDescribingJson object at 0x7fe5839bef90>]}
[0m07:51:31.263375 [debug] [MainThread]: Partial parsing enabled: 0 files deleted, 0 files added, 0 files changed.
[0m07:51:31.264058 [debug] [MainThread]: Nothing changed, skipping partial parsing.
[0m07:51:31.264685 [debug] [MainThread]: Partial parsing enabled, no changes found, skipping parsing
[0m07:51:31.284314 [debug] [MainThread]: Sending event: {'category': 'dbt', 'action': 'load_project', 'label': '8f84ef31-3047-47f2-aac1-453b2ee886dc', 'context': [<snowplow_tracker.self_describing_json.SelfDescribingJson object at 0x7f38cebb9910>]}
[0m07:51:31.463071 [debug] [MainThread]: Wrote artifact WritableManifest to /opt/airflow/dags/dbt-project/target/manifest.json
[0m07:51:31.466516 [debug] [MainThread]: Wrote artifact SemanticManifest to /opt/airflow/dags/dbt-project/target/semantic_manifest.json
[0m07:51:31.488669 [debug] [MainThread]: Wrote artifact WritableManifest to /opt/airflow/dags/dbt-project/target/manifest.json
[0m07:51:31.489315 [debug] [MainThread]: Wrote artifact OsiDocument to /opt/airflow/dags/dbt-project/target/osi_document.json
[0m07:51:31.491790 [debug] [MainThread]: Wrote artifact SemanticManifest to /opt/airflow/dags/dbt-project/target/semantic_manifest.json
[0m07:51:31.511504 [debug] [MainThread]: Sending event: {'category': 'dbt', 'action': 'resource_counts', 'label': '82305018-3419-4ce9-b65f-c63a084fa2e4', 'context': [<snowplow_tracker.self_describing_json.SelfDescribingJson object at 0x7fe5829a1be0>]}
[0m07:51:31.512238 [info ] [MainThread]: Found 3 models, 1 seed, 477 macros
[0m07:51:31.512482 [debug] [MainThread]: Wrote artifact OsiDocument to /opt/airflow/dags/dbt-project/target/osi_document.json
[0m07:51:31.512850 [debug] [MainThread]: Sending event: {'category': 'dbt', 'action': 'runnable_timing', 'label': '82305018-3419-4ce9-b65f-c63a084fa2e4', 'context': [<snowplow_tracker.self_describing_json.SelfDescribingJson object at 0x7fe58352c080>]}
[0m07:51:31.515873 [info ] [MainThread]: 
[0m07:51:31.516923 [info ] [MainThread]: Concurrency: 1 threads (target='dev')
[0m07:51:31.517452 [info ] [MainThread]: 
[0m07:51:31.518788 [debug] [MainThread]: Acquiring new postgres connection 'master'
[0m07:51:31.521338 [debug] [ThreadPool]: Acquiring new postgres connection 'list_airflow'
[0m07:51:31.537075 [debug] [MainThread]: Sending event: {'category': 'dbt', 'action': 'resource_counts', 'label': '8f84ef31-3047-47f2-aac1-453b2ee886dc', 'context': [<snowplow_tracker.self_describing_json.SelfDescribingJson object at 0x7f38cdbf1ca0>]}
[0m07:51:31.538128 [info ] [MainThread]: Found 3 models, 1 seed, 477 macros
[0m07:51:31.538981 [debug] [MainThread]: Sending event: {'category': 'dbt', 'action': 'runnable_timing', 'label': '8f84ef31-3047-47f2-aac1-453b2ee886dc', 'context': [<snowplow_tracker.self_describing_json.SelfDescribingJson object at 0x7f38cdb98320>]}
[0m07:51:31.542836 [info ] [MainThread]: 
[0m07:51:31.543585 [info ] [MainThread]: Concurrency: 1 threads (target='dev')
[0m07:51:31.544066 [info ] [MainThread]: 
[0m07:51:31.544972 [debug] [MainThread]: Acquiring new postgres connection 'master'
[0m07:51:31.550532 [debug] [ThreadPool]: Acquiring new postgres connection 'list_airflow'
[0m07:51:31.590474 [debug] [ThreadPool]: Using postgres connection "list_airflow"
[0m07:51:31.591113 [debug] [ThreadPool]: On list_airflow: /* {"app": "dbt", "dbt_version": "1.12.5", "profile_name": "dbt-project", "target_name": "dev", "connection_name": "list_airflow"} */

    select distinct nspname from pg_namespace
  
[0m07:51:31.591695 [debug] [ThreadPool]: Opening a new connection, currently in state init
[0m07:51:31.600925 [debug] [ThreadPool]: SQL status: SELECT 6 in 0.009 seconds
[0m07:51:31.603480 [debug] [ThreadPool]: On list_airflow: Close
[0m07:51:31.612232 [debug] [ThreadPool]: Re-using an available connection from the pool (formerly list_airflow, now list_airflow_public)
[0m07:51:31.621841 [debug] [ThreadPool]: Using postgres connection "list_airflow"
[0m07:51:31.621985 [debug] [ThreadPool]: Using postgres connection "list_airflow_public"
[0m07:51:31.622582 [debug] [ThreadPool]: On list_airflow: /* {"app": "dbt", "dbt_version": "1.12.5", "profile_name": "dbt-project", "target_name": "dev", "connection_name": "list_airflow"} */

    select distinct nspname from pg_namespace
  
[0m07:51:31.622656 [debug] [ThreadPool]: On list_airflow_public: /* {"app": "dbt", "dbt_version": "1.12.5", "profile_name": "dbt-project", "target_name": "dev", "connection_name": "list_airflow_public"} */
select
      'airflow' as database,
      tablename as name,
      schemaname as schema,
      'table' as type
    from pg_tables
    where schemaname ilike 'public'
    union all
    select
      'airflow' as database,
      viewname as name,
      schemaname as schema,
      'view' as type
    from pg_views
    where schemaname ilike 'public'
    union all
    select
      'airflow' as database,
      matviewname as name,
      schemaname as schema,
      'materialized_view' as type
    from pg_matviews
    where schemaname ilike 'public'
    union all
    select distinct
     'airflow' as database,
     proname as name,
     ns.nspname as schema,
     'function' as type
    from pg_proc
     join pg_namespace as ns on pronamespace = ns.oid
    where ns.nspname ilike 'public'
  
[0m07:51:31.622974 [debug] [ThreadPool]: Opening a new connection, currently in state init
[0m07:51:31.623105 [debug] [ThreadPool]: Opening a new connection, currently in state closed
[0m07:51:31.631667 [debug] [ThreadPool]: SQL status: SELECT 6 in 0.009 seconds
[0m07:51:31.634060 [debug] [ThreadPool]: On list_airflow: Close
[0m07:51:31.635451 [debug] [ThreadPool]: SQL status: SELECT 51 in 0.012 seconds
[0m07:51:31.640508 [debug] [ThreadPool]: On list_airflow_public: ROLLBACK
[0m07:51:31.641916 [debug] [ThreadPool]: On list_airflow_public: Close
[0m07:51:31.643883 [debug] [ThreadPool]: Re-using an available connection from the pool (formerly list_airflow, now list_airflow_public)
[0m07:51:31.652916 [debug] [ThreadPool]: Using postgres connection "list_airflow_public"
[0m07:51:31.653606 [debug] [ThreadPool]: On list_airflow_public: /* {"app": "dbt", "dbt_version": "1.12.5", "profile_name": "dbt-project", "target_name": "dev", "connection_name": "list_airflow_public"} */
select
      'airflow' as database,
      tablename as name,
      schemaname as schema,
      'table' as type
    from pg_tables
    where schemaname ilike 'public'
    union all
    select
      'airflow' as database,
      viewname as name,
      schemaname as schema,
      'view' as type
    from pg_views
    where schemaname ilike 'public'
    union all
    select
      'airflow' as database,
      matviewname as name,
      schemaname as schema,
      'materialized_view' as type
    from pg_matviews
    where schemaname ilike 'public'
    union all
    select distinct
     'airflow' as database,
     proname as name,
     ns.nspname as schema,
     'function' as type
    from pg_proc
     join pg_namespace as ns on pronamespace = ns.oid
    where ns.nspname ilike 'public'
  
[0m07:51:31.654044 [debug] [ThreadPool]: Opening a new connection, currently in state closed
[0m07:51:31.659904 [debug] [MainThread]: Using postgres connection "master"
[0m07:51:31.660822 [debug] [MainThread]: On master: /* {"app": "dbt", "dbt_version": "1.12.5", "profile_name": "dbt-project", "target_name": "dev", "connection_name": "master"} */
select distinct
        dependent_namespace.nspname as dependent_schema,
        dependent_class.relname as dependent_name,
        referenced_namespace.nspname as referenced_schema,
        referenced_class.relname as referenced_name

    -- Query for views: views are entries in pg_class with an entry in pg_rewrite, but we avoid
    -- a seq scan on pg_rewrite by leveraging the fact there is an "internal" row in pg_depend for
    -- the view...
    from pg_class as dependent_class
    join pg_namespace as dependent_namespace on dependent_namespace.oid = dependent_class.relnamespace
    join pg_depend as dependent_depend on dependent_depend.refobjid = dependent_class.oid
        and dependent_depend.classid = 'pg_rewrite'::regclass
        and dependent_depend.refclassid = 'pg_class'::regclass
        and dependent_depend.deptype = 'i'

    -- ... and via pg_depend (that has a row per column, hence the need for "distinct" above, and
    -- making sure to exclude the internal row to avoid a view appearing to depend on itself)...
    join pg_depend as joining_depend on joining_depend.objid = dependent_depend.objid
        and joining_depend.classid = 'pg_rewrite'::regclass
        and joining_depend.refclassid = 'pg_class'::regclass
        and joining_depend.refobjid != dependent_depend.refobjid

    -- ... we can find the tables they query from in pg_class, but excluding system tables. Note we
    -- don't need need to exclude _dependent_ system tables, because they only query from other
    -- system tables, and so are automatically excluded by excluding _referenced_ system tables
    join pg_class as referenced_class on referenced_class.oid = joining_depend.refobjid
    join pg_namespace as referenced_namespace on referenced_namespace.oid = referenced_class.relnamespace
        and referenced_namespace.nspname != 'information_schema'
        and referenced_namespace.nspname not like 'pg\_%'

    order by
        dependent_schema, dependent_name, referenced_schema, referenced_name;
[0m07:51:31.661605 [debug] [MainThread]: Opening a new connection, currently in state init
[0m07:51:31.665662 [debug] [ThreadPool]: SQL status: SELECT 51 in 0.012 seconds
[0m07:51:31.669251 [debug] [ThreadPool]: On list_airflow_public: ROLLBACK
[0m07:51:31.670206 [debug] [ThreadPool]: On list_airflow_public: Close
[0m07:51:31.673485 [debug] [MainThread]: SQL status: SELECT 0 in 0.012 seconds
[0m07:51:31.676105 [debug] [MainThread]: Sending event: {'category': 'dbt', 'action': 'runnable_timing', 'label': '82305018-3419-4ce9-b65f-c63a084fa2e4', 'context': [<snowplow_tracker.self_describing_json.SelfDescribingJson object at 0x7fe5829a2a50>]}
[0m07:51:31.676944 [debug] [MainThread]: On master: ROLLBACK
[0m07:51:31.677922 [debug] [MainThread]: On master: COMMIT
[0m07:51:31.678701 [debug] [MainThread]: Using postgres connection "master"
[0m07:51:31.679128 [debug] [MainThread]: On master: COMMIT
[0m07:51:31.680386 [debug] [MainThread]: SQL status: COMMIT in 0.001 seconds
[0m07:51:31.680933 [debug] [MainThread]: On master: Close
[0m07:51:31.688180 [debug] [MainThread]: Using postgres connection "master"
[0m07:51:31.688883 [debug] [MainThread]: On master: /* {"app": "dbt", "dbt_version": "1.12.5", "profile_name": "dbt-project", "target_name": "dev", "connection_name": "master"} */
select distinct
        dependent_namespace.nspname as dependent_schema,
        dependent_class.relname as dependent_name,
        referenced_namespace.nspname as referenced_schema,
        referenced_class.relname as referenced_name

    -- Query for views: views are entries in pg_class with an entry in pg_rewrite, but we avoid
    -- a seq scan on pg_rewrite by leveraging the fact there is an "internal" row in pg_depend for
    -- the view...
    from pg_class as dependent_class
    join pg_namespace as dependent_namespace on dependent_namespace.oid = dependent_class.relnamespace
    join pg_depend as dependent_depend on dependent_depend.refobjid = dependent_class.oid
        and dependent_depend.classid = 'pg_rewrite'::regclass
        and dependent_depend.refclassid = 'pg_class'::regclass
        and dependent_depend.deptype = 'i'

    -- ... and via pg_depend (that has a row per column, hence the need for "distinct" above, and
    -- making sure to exclude the internal row to avoid a view appearing to depend on itself)...
    join pg_depend as joining_depend on joining_depend.objid = dependent_depend.objid
        and joining_depend.classid = 'pg_rewrite'::regclass
        and joining_depend.refclassid = 'pg_class'::regclass
        and joining_depend.refobjid != dependent_depend.refobjid

    -- ... we can find the tables they query from in pg_class, but excluding system tables. Note we
    -- don't need need to exclude _dependent_ system tables, because they only query from other
    -- system tables, and so are automatically excluded by excluding _referenced_ system tables
    join pg_class as referenced_class on referenced_class.oid = joining_depend.refobjid
    join pg_namespace as referenced_namespace on referenced_namespace.oid = referenced_class.relnamespace
        and referenced_namespace.nspname != 'information_schema'
        and referenced_namespace.nspname not like 'pg\_%'

    order by
        dependent_schema, dependent_name, referenced_schema, referenced_name;
[0m07:51:31.689558 [debug] [Thread-1 (]: Began running node model.dbt_project.mart_daily_sales
[0m07:51:31.689651 [debug] [MainThread]: Opening a new connection, currently in state init
[0m07:51:31.690540 [info ] [Thread-1 (]: 1 of 1 START sql table model public.mart_daily_sales ........................... [RUN]
[0m07:51:31.691423 [debug] [Thread-1 (]: Re-using an available connection from the pool (formerly list_airflow_public, now model.dbt_project.mart_daily_sales)
[0m07:51:31.691929 [debug] [Thread-1 (]: Began compiling node model.dbt_project.mart_daily_sales
[0m07:51:31.699705 [debug] [MainThread]: SQL status: SELECT 0 in 0.010 seconds
[0m07:51:31.701509 [debug] [Thread-1 (]: Writing injected SQL for node "model.dbt_project.mart_daily_sales"
[0m07:51:31.701801 [debug] [MainThread]: Sending event: {'category': 'dbt', 'action': 'runnable_timing', 'label': '8f84ef31-3047-47f2-aac1-453b2ee886dc', 'context': [<snowplow_tracker.self_describing_json.SelfDescribingJson object at 0x7f38ccae4ec0>]}
[0m07:51:31.702628 [debug] [MainThread]: On master: ROLLBACK
[0m07:51:31.702887 [debug] [Thread-1 (]: Began executing node model.dbt_project.mart_daily_sales
[0m07:51:31.703566 [debug] [MainThread]: On master: COMMIT
[0m07:51:31.704025 [debug] [MainThread]: Using postgres connection "master"
[0m07:51:31.704436 [debug] [MainThread]: On master: COMMIT
[0m07:51:31.705897 [debug] [MainThread]: SQL status: COMMIT in 0.001 seconds
[0m07:51:31.706534 [debug] [MainThread]: On master: Close
[0m07:51:31.713716 [debug] [Thread-1 (]: Began running node seed.dbt_project.raw_transactions
[0m07:51:31.714820 [info ] [Thread-1 (]: 1 of 1 START seed file public.raw_transactions ................................. [RUN]
[0m07:51:31.715991 [debug] [Thread-1 (]: Re-using an available connection from the pool (formerly list_airflow_public, now seed.dbt_project.raw_transactions)
[0m07:51:31.716898 [debug] [Thread-1 (]: Began compiling node seed.dbt_project.raw_transactions
[0m07:51:31.717447 [debug] [Thread-1 (]: Began executing node seed.dbt_project.raw_transactions
[0m07:51:31.756184 [debug] [Thread-1 (]: Using postgres connection "seed.dbt_project.raw_transactions"
[0m07:51:31.756943 [debug] [Thread-1 (]: On seed.dbt_project.raw_transactions: /* {"app": "dbt", "dbt_version": "1.12.5", "profile_name": "dbt-project", "target_name": "dev", "node_id": "seed.dbt_project.raw_transactions"} */
truncate table "airflow"."public"."raw_transactions"
[0m07:51:31.757402 [debug] [Thread-1 (]: Opening a new connection, currently in state closed
[0m07:51:31.758509 [debug] [Thread-1 (]: Writing runtime sql for node "model.dbt_project.mart_daily_sales"
[0m07:51:31.759678 [debug] [Thread-1 (]: Using postgres connection "model.dbt_project.mart_daily_sales"
[0m07:51:31.760475 [debug] [Thread-1 (]: On model.dbt_project.mart_daily_sales: /* {"app": "dbt", "dbt_version": "1.12.5", "profile_name": "dbt-project", "target_name": "dev", "node_id": "model.dbt_project.mart_daily_sales"} */

  
    

  create  table "airflow"."public"."mart_daily_sales__dbt_tmp"
  
  
    as
  
  (
    

select
    date as sales_date,
    count(id) as total_transactions,
    sum(revenue) as total_revenue
from "airflow"."public"."stg_transactions"
group by 1
  );
  
[0m07:51:31.760997 [debug] [Thread-1 (]: Opening a new connection, currently in state closed
[0m07:51:31.766894 [debug] [Thread-1 (]: SQL status: TRUNCATE TABLE in 0.009 seconds
[0m07:51:31.778003 [debug] [Thread-1 (]: Postgres adapter: Postgres error: relation "public.stg_transactions" does not exist
LINE 18: from "airflow"."public"."stg_transactions"
              ^

[0m07:51:31.778837 [debug] [Thread-1 (]: On model.dbt_project.mart_daily_sales: ROLLBACK
[0m07:51:31.779884 [debug] [Thread-1 (]: On model.dbt_project.mart_daily_sales: Close
[0m07:51:31.786966 [debug] [Thread-1 (]: Database Error in model mart_daily_sales (models/mart_daily_sales.sql)
  relation "public.stg_transactions" does not exist
  LINE 18: from "airflow"."public"."stg_transactions"
                ^
  compiled code at target/run/dbt_project/models/mart_daily_sales.sql
[0m07:51:31.789636 [debug] [Thread-1 (]: Sending event: {'category': 'dbt', 'action': 'run_model', 'label': '82305018-3419-4ce9-b65f-c63a084fa2e4', 'context': [<snowplow_tracker.self_describing_json.SelfDescribingJson object at 0x7fe58566a0c0>]}
[0m07:51:31.790772 [error] [Thread-1 (]: 1 of 1 ERROR creating sql table model public.mart_daily_sales .................. [[31mERROR[0m in 0.10s]
[0m07:51:31.791898 [debug] [Thread-1 (]: Finished running node model.dbt_project.mart_daily_sales
[0m07:51:31.792956 [debug] [Thread-4 (]: Marking all children of 'model.dbt_project.mart_daily_sales' to be skipped because of status 'error'.  Reason: Database Error in model mart_daily_sales (models/mart_daily_sales.sql)
  relation "public.stg_transactions" does not exist
  LINE 18: from "airflow"."public"."stg_transactions"
                ^
  compiled code at target/run/dbt_project/models/mart_daily_sales.sql.
[0m07:51:31.796099 [debug] [Thread-1 (]: Using postgres connection "seed.dbt_project.raw_transactions"
[0m07:51:31.796853 [debug] [Thread-1 (]: On seed.dbt_project.raw_transactions: 
          insert into "airflow"."public"."raw_transactions" ("transaction_id", "transaction_date", "product", "amount") values
          (%s,%s,%s,%s),(%s,%s,%s,%s),(%s,%s,%s,%s),(%s,%s,%s,%s),(%s,%s,%s,%s)
      ...
[0m07:51:31.797922 [debug] [MainThread]: On master: COMMIT
[0m07:51:31.798396 [debug] [Thread-1 (]: SQL status: INSERT 0 5 in 0.001 seconds
[0m07:51:31.798587 [debug] [MainThread]: Using postgres connection "master"
[0m07:51:31.799019 [debug] [MainThread]: On master: COMMIT
[0m07:51:31.799641 [debug] [MainThread]: Opening a new connection, currently in state closed
[0m07:51:31.806894 [debug] [MainThread]: SQL status: COMMIT in 0.007 seconds
[0m07:51:31.807281 [debug] [Thread-1 (]: Writing runtime SQL for node "seed.dbt_project.raw_transactions"
[0m07:51:31.807724 [debug] [MainThread]: On master: Close
[0m07:51:31.808706 [debug] [MainThread]: Connection 'master' was properly closed.
[0m07:51:31.809232 [debug] [MainThread]: Connection 'model.dbt_project.mart_daily_sales' was properly closed.
[0m07:51:31.809925 [info ] [MainThread]: 
[0m07:51:31.810513 [info ] [MainThread]: Finished running 1 table model in 0 hours 0 minutes and 0.29 seconds (0.29s).
[0m07:51:31.811803 [debug] [MainThread]: Command end result
[0m07:51:31.834639 [debug] [Thread-1 (]: On seed.dbt_project.raw_transactions: COMMIT
[0m07:51:31.835565 [debug] [Thread-1 (]: Using postgres connection "seed.dbt_project.raw_transactions"
[0m07:51:31.836219 [debug] [Thread-1 (]: On seed.dbt_project.raw_transactions: COMMIT
[0m07:51:31.839388 [debug] [Thread-1 (]: SQL status: COMMIT in 0.002 seconds
[0m07:51:31.842825 [debug] [Thread-1 (]: On seed.dbt_project.raw_transactions: Close
[0m07:51:31.845966 [debug] [Thread-1 (]: Sending event: {'category': 'dbt', 'action': 'run_model', 'label': '8f84ef31-3047-47f2-aac1-453b2ee886dc', 'context': [<snowplow_tracker.self_describing_json.SelfDescribingJson object at 0x7f38d1d8dd30>]}
[0m07:51:31.846931 [info ] [Thread-1 (]: 1 of 1 OK loaded seed file public.raw_transactions ............................. [[32mINSERT 5[0m in 0.13s]
[0m07:51:31.848192 [debug] [Thread-1 (]: Finished running node seed.dbt_project.raw_transactions
[0m07:51:31.852991 [debug] [MainThread]: On master: COMMIT
[0m07:51:31.853967 [debug] [MainThread]: Using postgres connection "master"
[0m07:51:31.854684 [debug] [MainThread]: On master: COMMIT
[0m07:51:31.855250 [debug] [MainThread]: Opening a new connection, currently in state closed
[0m07:51:31.863164 [debug] [MainThread]: SQL status: COMMIT in 0.008 seconds
[0m07:51:31.864112 [debug] [MainThread]: On master: Close
[0m07:51:31.865165 [debug] [MainThread]: Connection 'master' was properly closed.
[0m07:51:31.865817 [debug] [MainThread]: Connection 'seed.dbt_project.raw_transactions' was properly closed.
[0m07:51:31.866311 [info ] [MainThread]: 
[0m07:51:31.867015 [info ] [MainThread]: Finished running 1 seed in 0 hours 0 minutes and 0.32 seconds (0.32s).
[0m07:51:31.868437 [debug] [MainThread]: Command end result
[0m07:51:31.871479 [debug] [MainThread]: Wrote artifact WritableManifest to /opt/airflow/dags/dbt-project/target/manifest.json
[0m07:51:31.876351 [debug] [MainThread]: Wrote artifact SemanticManifest to /opt/airflow/dags/dbt-project/target/semantic_manifest.json
[0m07:51:31.879945 [debug] [MainThread]: Wrote artifact OsiDocument to /opt/airflow/dags/dbt-project/target/osi_document.json
[0m07:51:31.893965 [debug] [MainThread]: Wrote artifact RunExecutionResult to /opt/airflow/dags/dbt-project/target/run_results.json
[0m07:51:31.894924 [info ] [MainThread]: 
[0m07:51:31.896622 [info ] [MainThread]: [31mCompleted with 1 error, 0 partial successes, and 0 warnings:[0m
[0m07:51:31.897474 [info ] [MainThread]: 
[0m07:51:31.898349 [error] [MainThread]: [[31mERROR[0m]: in model mart_daily_sales (models/mart_daily_sales.sql)
[0m07:51:31.899378 [error] [MainThread]:   Database Error in model mart_daily_sales (models/mart_daily_sales.sql)
  relation "public.stg_transactions" does not exist
  LINE 18: from "airflow"."public"."stg_transactions"
                ^
  compiled code at target/run/dbt_project/models/mart_daily_sales.sql
[0m07:51:31.899937 [info ] [MainThread]: 
[0m07:51:31.900722 [info ] [MainThread]:   compiled code at target/compiled/dbt_project/models/mart_daily_sales.sql
[0m07:51:31.901321 [info ] [MainThread]: 
[0m07:51:31.901819 [info ] [MainThread]: Done. PASS=0 WARN=0 ERROR=1 SKIP=0 NO-OP=0 REUSED=0 TOTAL=1
[0m07:51:31.902944 [warn ] [MainThread]: [[33mWARNING[0m][DeprecationsSummary]: Deprecated functionality
Summary of encountered deprecations:
- ModelParamUsageDeprecation: 1 occurrence
- ConfigSourcePathDeprecation: 1 occurrence
- ConfigDataPathDeprecation: 1 occurrence
To see all deprecation instances instead of just the first occurrence of each,
run command again with the `--show-all-deprecations` flag. You may also need to
run with `--no-partial-parse` as some deprecations are only encountered during
parsing.
[0m07:51:31.904724 [debug] [MainThread]: Resource report: {"command_name": "run", "command_success": false, "command_wall_clock_time": 1.9698217, "process_in_blocks": "136", "process_kernel_time": 0.753689, "process_mem_max_rss": "138000", "process_out_blocks": "2240", "process_user_time": 4.854756}
[0m07:51:31.905778 [debug] [MainThread]: Command `dbt run` failed at 07:51:31.905580 after 1.97 seconds
[0m07:51:31.906723 [debug] [MainThread]: Sending event: {'category': 'dbt', 'action': 'invocation', 'label': 'end', 'context': [<snowplow_tracker.self_describing_json.SelfDescribingJson object at 0x7fe5843ea270>, <snowplow_tracker.self_describing_json.SelfDescribingJson object at 0x7fe58568c950>, <snowplow_tracker.self_describing_json.SelfDescribingJson object at 0x7fe585b99430>]}
[0m07:51:31.907580 [debug] [MainThread]: Flushing usage events
[0m07:51:31.924720 [debug] [MainThread]: Wrote artifact WritableManifest to /opt/airflow/dags/dbt-project/target/manifest.json
[0m07:51:31.928491 [debug] [MainThread]: Wrote artifact SemanticManifest to /opt/airflow/dags/dbt-project/target/semantic_manifest.json
[0m07:51:31.932110 [debug] [MainThread]: Wrote artifact OsiDocument to /opt/airflow/dags/dbt-project/target/osi_document.json
[0m07:51:31.943732 [debug] [MainThread]: Wrote artifact RunExecutionResult to /opt/airflow/dags/dbt-project/target/run_results.json
[0m07:51:31.944388 [info ] [MainThread]: 
[0m07:51:31.944942 [info ] [MainThread]: [32mCompleted successfully[0m
[0m07:51:31.945495 [info ] [MainThread]: 
[0m07:51:31.946006 [info ] [MainThread]: Done. PASS=1 WARN=0 ERROR=0 SKIP=0 NO-OP=0 REUSED=0 TOTAL=1
[0m07:51:31.946880 [warn ] [MainThread]: [[33mWARNING[0m][DeprecationsSummary]: Deprecated functionality
Summary of encountered deprecations:
- ConfigSourcePathDeprecation: 1 occurrence
- ConfigDataPathDeprecation: 1 occurrence
To see all deprecation instances instead of just the first occurrence of each,
run command again with the `--show-all-deprecations` flag. You may also need to
run with `--no-partial-parse` as some deprecations are only encountered during
parsing.
[0m07:51:31.948509 [debug] [MainThread]: Resource report: {"command_name": "seed", "command_success": true, "command_wall_clock_time": 1.9300556, "process_in_blocks": "0", "process_kernel_time": 0.718544, "process_mem_max_rss": "134984", "process_out_blocks": "2208", "process_user_time": 4.892265}
[0m07:51:31.949451 [debug] [MainThread]: Command `dbt seed` succeeded at 07:51:31.949303 after 1.93 seconds
[0m07:51:31.950015 [debug] [MainThread]: Sending event: {'category': 'dbt', 'action': 'invocation', 'label': 'end', 'context': [<snowplow_tracker.self_describing_json.SelfDescribingJson object at 0x7f38d071eab0>, <snowplow_tracker.self_describing_json.SelfDescribingJson object at 0x7f38cebca930>, <snowplow_tracker.self_describing_json.SelfDescribingJson object at 0x7f38cebf7170>]}
[0m07:51:31.950828 [debug] [MainThread]: Flushing usage events
[0m07:51:32.924754 [debug] [MainThread]: An error was encountered while trying to flush usage events
[0m07:51:32.985268 [debug] [MainThread]: An error was encountered while trying to flush usage events
[0m07:51:37.736663 [debug] [MainThread]: Sending event: {'category': 'dbt', 'action': 'invocation', 'label': 'start', 'context': [<snowplow_tracker.self_describing_json.SelfDescribingJson object at 0x7f8f0418d490>, <snowplow_tracker.self_describing_json.SelfDescribingJson object at 0x7f8f04264bf0>, <snowplow_tracker.self_describing_json.SelfDescribingJson object at 0x7f8f0418f500>]}


============================== 07:51:37.748681 | 098e80fc-c7a1-49db-877d-635030fc11ea ==============================
[0m07:51:37.748681 [info ] [MainThread]: Running with dbt=1.12.5
[0m07:51:37.749827 [debug] [MainThread]: running dbt with arguments {'no_print': 'None', 'invocation_command': 'dbt run --models mart_daily_sales --profiles-dir /opt/airflow/dags/dbt-project', 'quiet': 'False', 'partial_parse': 'True', 'write_json': 'True', 'log_path': '/opt/airflow/dags/dbt-project/logs', 'use_experimental_parser': 'False', 'empty': 'False', 'debug': 'False', 'introspect': 'True', 'warn_error': 'None', 'static_parser': 'True', 'printer_width': '80', 'profiles_dir': '/opt/airflow/dags/dbt-project', 'send_anonymous_usage_stats': 'True', 'use_colors': 'True', 'indirect_selection': 'eager', 'cache_selected_only': 'False', 'log_cache_events': 'False', 'hints_enabled': 'True', 'maximum_seed_size_mib': '1', 'version_check': 'True', 'log_format': 'default', 'warn_error_options': 'WarnErrorOptionsV2(error=[], warn=[], silence=[])', 'target_path': 'None', 'fail_fast': 'False'}
[0m07:51:37.751520 [warn ] [MainThread]: [[33mWARNING[0m][ModelParamUsageDeprecation]: Deprecated functionality
Usage of `--models`, `--model`, and `-m` is deprecated in favor of `--select` or
`-s`.
[0m07:51:37.753052 [debug] [MainThread]: Sending event: {'category': 'dbt', 'action': 'deprecation', 'label': '098e80fc-c7a1-49db-877d-635030fc11ea', 'property_': 'warn', 'context': [<snowplow_tracker.self_describing_json.SelfDescribingJson object at 0x7f8f04264bf0>]}
[0m07:51:37.856183 [warn ] [MainThread]: [[33mWARNING[0m]: Deprecated functionality
The `source-paths` config has been renamed to `model-paths`. Please update your
`dbt_project.yml` configuration to reflect this change.
[0m07:51:37.857372 [debug] [MainThread]: Sending event: {'category': 'dbt', 'action': 'deprecation', 'label': '098e80fc-c7a1-49db-877d-635030fc11ea', 'property_': 'warn', 'context': [<snowplow_tracker.self_describing_json.SelfDescribingJson object at 0x7f8f03600200>]}
[0m07:51:37.858190 [warn ] [MainThread]: [[33mWARNING[0m]: Deprecated functionality
The `data-paths` config has been renamed to `seed-paths`. Please update your
`dbt_project.yml` configuration to reflect this change.
[0m07:51:37.858786 [debug] [MainThread]: Sending event: {'category': 'dbt', 'action': 'deprecation', 'label': '098e80fc-c7a1-49db-877d-635030fc11ea', 'property_': 'warn', 'context': [<snowplow_tracker.self_describing_json.SelfDescribingJson object at 0x7f8f03628380>]}
[0m07:51:38.060079 [debug] [MainThread]: Sending event: {'category': 'dbt', 'action': 'project_id', 'label': '098e80fc-c7a1-49db-877d-635030fc11ea', 'context': [<snowplow_tracker.self_describing_json.SelfDescribingJson object at 0x7f8f035d7980>]}
[0m07:51:38.161100 [debug] [MainThread]: Sending event: {'category': 'dbt', 'action': 'adapter_info', 'label': '098e80fc-c7a1-49db-877d-635030fc11ea', 'context': [<snowplow_tracker.self_describing_json.SelfDescribingJson object at 0x7f8f05b6e840>]}
[0m07:51:38.163116 [info ] [MainThread]: Registered adapter: postgres=1.11.0
[0m07:51:38.351170 [debug] [MainThread]: checksum: b29d9af8eaaa65115adbe4e5d45ac72f370e925f7ab69b36ae2aaa99f6869c57, vars: {}, profile: dbt-project, target: dev, version: 1.12.5
[0m07:51:38.565254 [debug] [MainThread]: Partial parsing enabled: 0 files deleted, 0 files added, 0 files changed.
[0m07:51:38.566331 [debug] [MainThread]: Nothing changed, skipping partial parsing.
[0m07:51:38.566927 [debug] [MainThread]: Partial parsing enabled, no changes found, skipping parsing
[0m07:51:38.586114 [debug] [MainThread]: Sending event: {'category': 'dbt', 'action': 'load_project', 'label': '098e80fc-c7a1-49db-877d-635030fc11ea', 'context': [<snowplow_tracker.self_describing_json.SelfDescribingJson object at 0x7f8f02db4380>]}
[0m07:51:38.792897 [debug] [MainThread]: Wrote artifact WritableManifest to /opt/airflow/dags/dbt-project/target/manifest.json
[0m07:51:38.797762 [debug] [MainThread]: Wrote artifact SemanticManifest to /opt/airflow/dags/dbt-project/target/semantic_manifest.json
[0m07:51:38.822681 [debug] [MainThread]: Wrote artifact OsiDocument to /opt/airflow/dags/dbt-project/target/osi_document.json
[0m07:51:38.849336 [debug] [MainThread]: Sending event: {'category': 'dbt', 'action': 'resource_counts', 'label': '098e80fc-c7a1-49db-877d-635030fc11ea', 'context': [<snowplow_tracker.self_describing_json.SelfDescribingJson object at 0x7f8f01da5b50>]}
[0m07:51:38.850444 [info ] [MainThread]: Found 3 models, 1 seed, 477 macros
[0m07:51:38.850923 [debug] [MainThread]: Sending event: {'category': 'dbt', 'action': 'runnable_timing', 'label': '098e80fc-c7a1-49db-877d-635030fc11ea', 'context': [<snowplow_tracker.self_describing_json.SelfDescribingJson object at 0x7f8f0292c9b0>]}
[0m07:51:38.853219 [info ] [MainThread]: 
[0m07:51:38.853943 [info ] [MainThread]: Concurrency: 1 threads (target='dev')
[0m07:51:38.854517 [info ] [MainThread]: 
[0m07:51:38.855629 [debug] [MainThread]: Acquiring new postgres connection 'master'
[0m07:51:38.858444 [debug] [ThreadPool]: Acquiring new postgres connection 'list_airflow'
[0m07:51:38.922308 [debug] [ThreadPool]: Using postgres connection "list_airflow"
[0m07:51:38.922958 [debug] [ThreadPool]: On list_airflow: /* {"app": "dbt", "dbt_version": "1.12.5", "profile_name": "dbt-project", "target_name": "dev", "connection_name": "list_airflow"} */

    select distinct nspname from pg_namespace
  
[0m07:51:38.923321 [debug] [ThreadPool]: Opening a new connection, currently in state init
[0m07:51:38.931899 [debug] [ThreadPool]: SQL status: SELECT 6 in 0.008 seconds
[0m07:51:38.934032 [debug] [ThreadPool]: On list_airflow: Close
[0m07:51:38.941638 [debug] [ThreadPool]: Re-using an available connection from the pool (formerly list_airflow, now list_airflow_public)
[0m07:51:38.948098 [debug] [ThreadPool]: Using postgres connection "list_airflow_public"
[0m07:51:38.948891 [debug] [ThreadPool]: On list_airflow_public: /* {"app": "dbt", "dbt_version": "1.12.5", "profile_name": "dbt-project", "target_name": "dev", "connection_name": "list_airflow_public"} */
select
      'airflow' as database,
      tablename as name,
      schemaname as schema,
      'table' as type
    from pg_tables
    where schemaname ilike 'public'
    union all
    select
      'airflow' as database,
      viewname as name,
      schemaname as schema,
      'view' as type
    from pg_views
    where schemaname ilike 'public'
    union all
    select
      'airflow' as database,
      matviewname as name,
      schemaname as schema,
      'materialized_view' as type
    from pg_matviews
    where schemaname ilike 'public'
    union all
    select distinct
     'airflow' as database,
     proname as name,
     ns.nspname as schema,
     'function' as type
    from pg_proc
     join pg_namespace as ns on pronamespace = ns.oid
    where ns.nspname ilike 'public'
  
[0m07:51:38.949540 [debug] [ThreadPool]: Opening a new connection, currently in state closed
[0m07:51:38.960759 [debug] [ThreadPool]: SQL status: SELECT 51 in 0.011 seconds
[0m07:51:38.964397 [debug] [ThreadPool]: On list_airflow_public: ROLLBACK
[0m07:51:38.965254 [debug] [ThreadPool]: On list_airflow_public: Close
[0m07:51:38.981768 [debug] [MainThread]: Using postgres connection "master"
[0m07:51:38.982701 [debug] [MainThread]: On master: /* {"app": "dbt", "dbt_version": "1.12.5", "profile_name": "dbt-project", "target_name": "dev", "connection_name": "master"} */
select distinct
        dependent_namespace.nspname as dependent_schema,
        dependent_class.relname as dependent_name,
        referenced_namespace.nspname as referenced_schema,
        referenced_class.relname as referenced_name

    -- Query for views: views are entries in pg_class with an entry in pg_rewrite, but we avoid
    -- a seq scan on pg_rewrite by leveraging the fact there is an "internal" row in pg_depend for
    -- the view...
    from pg_class as dependent_class
    join pg_namespace as dependent_namespace on dependent_namespace.oid = dependent_class.relnamespace
    join pg_depend as dependent_depend on dependent_depend.refobjid = dependent_class.oid
        and dependent_depend.classid = 'pg_rewrite'::regclass
        and dependent_depend.refclassid = 'pg_class'::regclass
        and dependent_depend.deptype = 'i'

    -- ... and via pg_depend (that has a row per column, hence the need for "distinct" above, and
    -- making sure to exclude the internal row to avoid a view appearing to depend on itself)...
    join pg_depend as joining_depend on joining_depend.objid = dependent_depend.objid
        and joining_depend.classid = 'pg_rewrite'::regclass
        and joining_depend.refclassid = 'pg_class'::regclass
        and joining_depend.refobjid != dependent_depend.refobjid

    -- ... we can find the tables they query from in pg_class, but excluding system tables. Note we
    -- don't need need to exclude _dependent_ system tables, because they only query from other
    -- system tables, and so are automatically excluded by excluding _referenced_ system tables
    join pg_class as referenced_class on referenced_class.oid = joining_depend.refobjid
    join pg_namespace as referenced_namespace on referenced_namespace.oid = referenced_class.relnamespace
        and referenced_namespace.nspname != 'information_schema'
        and referenced_namespace.nspname not like 'pg\_%'

    order by
        dependent_schema, dependent_name, referenced_schema, referenced_name;
[0m07:51:38.983368 [debug] [MainThread]: Opening a new connection, currently in state init
[0m07:51:38.992700 [debug] [MainThread]: SQL status: SELECT 0 in 0.009 seconds
[0m07:51:38.994865 [debug] [MainThread]: Sending event: {'category': 'dbt', 'action': 'runnable_timing', 'label': '098e80fc-c7a1-49db-877d-635030fc11ea', 'context': [<snowplow_tracker.self_describing_json.SelfDescribingJson object at 0x7f8f05b6ea50>]}
[0m07:51:38.995548 [debug] [MainThread]: On master: ROLLBACK
[0m07:51:38.996396 [debug] [MainThread]: On master: COMMIT
[0m07:51:38.996844 [debug] [MainThread]: Using postgres connection "master"
[0m07:51:38.997334 [debug] [MainThread]: On master: COMMIT
[0m07:51:38.998162 [debug] [MainThread]: SQL status: COMMIT in 0.000 seconds
[0m07:51:38.998596 [debug] [MainThread]: On master: Close
[0m07:51:39.004936 [debug] [Thread-1 (]: Began running node model.dbt_project.mart_daily_sales
[0m07:51:39.005926 [info ] [Thread-1 (]: 1 of 1 START sql table model public.mart_daily_sales ........................... [RUN]
[0m07:51:39.006728 [debug] [Thread-1 (]: Re-using an available connection from the pool (formerly list_airflow_public, now model.dbt_project.mart_daily_sales)
[0m07:51:39.007098 [debug] [Thread-1 (]: Began compiling node model.dbt_project.mart_daily_sales
[0m07:51:39.015354 [debug] [Thread-1 (]: Writing injected SQL for node "model.dbt_project.mart_daily_sales"
[0m07:51:39.016947 [debug] [Thread-1 (]: Began executing node model.dbt_project.mart_daily_sales
[0m07:51:39.063224 [debug] [Thread-1 (]: Writing runtime sql for node "model.dbt_project.mart_daily_sales"
[0m07:51:39.064688 [debug] [Thread-1 (]: Using postgres connection "model.dbt_project.mart_daily_sales"
[0m07:51:39.065302 [debug] [Thread-1 (]: On model.dbt_project.mart_daily_sales: /* {"app": "dbt", "dbt_version": "1.12.5", "profile_name": "dbt-project", "target_name": "dev", "node_id": "model.dbt_project.mart_daily_sales"} */

  
    

  create  table "airflow"."public"."mart_daily_sales__dbt_tmp"
  
  
    as
  
  (
    

select
    date as sales_date,
    count(id) as total_transactions,
    sum(revenue) as total_revenue
from "airflow"."public"."stg_transactions"
group by 1
  );
  
[0m07:51:39.065752 [debug] [Thread-1 (]: Opening a new connection, currently in state closed
[0m07:51:39.073081 [debug] [Thread-1 (]: Postgres adapter: Postgres error: relation "public.stg_transactions" does not exist
LINE 18: from "airflow"."public"."stg_transactions"
              ^

[0m07:51:39.073874 [debug] [Thread-1 (]: On model.dbt_project.mart_daily_sales: ROLLBACK
[0m07:51:39.074664 [debug] [Thread-1 (]: On model.dbt_project.mart_daily_sales: Close
[0m07:51:39.078962 [debug] [Thread-1 (]: Database Error in model mart_daily_sales (models/mart_daily_sales.sql)
  relation "public.stg_transactions" does not exist
  LINE 18: from "airflow"."public"."stg_transactions"
                ^
  compiled code at target/run/dbt_project/models/mart_daily_sales.sql
[0m07:51:39.081411 [debug] [Thread-1 (]: Sending event: {'category': 'dbt', 'action': 'run_model', 'label': '098e80fc-c7a1-49db-877d-635030fc11ea', 'context': [<snowplow_tracker.self_describing_json.SelfDescribingJson object at 0x7f8f009e0500>]}
[0m07:51:39.082498 [error] [Thread-1 (]: 1 of 1 ERROR creating sql table model public.mart_daily_sales .................. [[31mERROR[0m in 0.07s]
[0m07:51:39.083449 [debug] [Thread-1 (]: Finished running node model.dbt_project.mart_daily_sales
[0m07:51:39.084238 [debug] [Thread-4 (]: Marking all children of 'model.dbt_project.mart_daily_sales' to be skipped because of status 'error'.  Reason: Database Error in model mart_daily_sales (models/mart_daily_sales.sql)
  relation "public.stg_transactions" does not exist
  LINE 18: from "airflow"."public"."stg_transactions"
                ^
  compiled code at target/run/dbt_project/models/mart_daily_sales.sql.
[0m07:51:39.088056 [debug] [MainThread]: On master: COMMIT
[0m07:51:39.088614 [debug] [MainThread]: Using postgres connection "master"
[0m07:51:39.089001 [debug] [MainThread]: On master: COMMIT
[0m07:51:39.089481 [debug] [MainThread]: Opening a new connection, currently in state closed
[0m07:51:39.095978 [debug] [MainThread]: SQL status: COMMIT in 0.006 seconds
[0m07:51:39.096710 [debug] [MainThread]: On master: Close
[0m07:51:39.097379 [debug] [MainThread]: Connection 'master' was properly closed.
[0m07:51:39.097693 [debug] [MainThread]: Connection 'model.dbt_project.mart_daily_sales' was properly closed.
[0m07:51:39.098062 [info ] [MainThread]: 
[0m07:51:39.098619 [info ] [MainThread]: Finished running 1 table model in 0 hours 0 minutes and 0.24 seconds (0.24s).
[0m07:51:39.099673 [debug] [MainThread]: Command end result
[0m07:51:39.142880 [debug] [MainThread]: Wrote artifact WritableManifest to /opt/airflow/dags/dbt-project/target/manifest.json
[0m07:51:39.146163 [debug] [MainThread]: Wrote artifact SemanticManifest to /opt/airflow/dags/dbt-project/target/semantic_manifest.json
[0m07:51:39.149151 [debug] [MainThread]: Wrote artifact OsiDocument to /opt/airflow/dags/dbt-project/target/osi_document.json
[0m07:51:39.158745 [debug] [MainThread]: Wrote artifact RunExecutionResult to /opt/airflow/dags/dbt-project/target/run_results.json
[0m07:51:39.159556 [info ] [MainThread]: 
[0m07:51:39.160230 [info ] [MainThread]: [31mCompleted with 1 error, 0 partial successes, and 0 warnings:[0m
[0m07:51:39.160979 [info ] [MainThread]: 
[0m07:51:39.161673 [error] [MainThread]: [[31mERROR[0m]: in model mart_daily_sales (models/mart_daily_sales.sql)
[0m07:51:39.162290 [error] [MainThread]:   Database Error in model mart_daily_sales (models/mart_daily_sales.sql)
  relation "public.stg_transactions" does not exist
  LINE 18: from "airflow"."public"."stg_transactions"
                ^
  compiled code at target/run/dbt_project/models/mart_daily_sales.sql
[0m07:51:39.162690 [info ] [MainThread]: 
[0m07:51:39.163077 [info ] [MainThread]:   compiled code at target/compiled/dbt_project/models/mart_daily_sales.sql
[0m07:51:39.163572 [info ] [MainThread]: 
[0m07:51:39.163961 [info ] [MainThread]: Done. PASS=0 WARN=0 ERROR=1 SKIP=0 NO-OP=0 REUSED=0 TOTAL=1
[0m07:51:39.164742 [warn ] [MainThread]: [[33mWARNING[0m][DeprecationsSummary]: Deprecated functionality
Summary of encountered deprecations:
- ModelParamUsageDeprecation: 1 occurrence
- ConfigSourcePathDeprecation: 1 occurrence
- ConfigDataPathDeprecation: 1 occurrence
To see all deprecation instances instead of just the first occurrence of each,
run command again with the `--show-all-deprecations` flag. You may also need to
run with `--no-partial-parse` as some deprecations are only encountered during
parsing.
[0m07:51:39.166245 [debug] [MainThread]: Resource report: {"command_name": "run", "command_success": false, "command_wall_clock_time": 1.5676289, "process_in_blocks": "208", "process_kernel_time": 0.48557, "process_mem_max_rss": "138184", "process_out_blocks": "2216", "process_user_time": 3.716446}
[0m07:51:39.166847 [debug] [MainThread]: Command `dbt run` failed at 07:51:39.166733 after 1.57 seconds
[0m07:51:39.167438 [debug] [MainThread]: Sending event: {'category': 'dbt', 'action': 'invocation', 'label': 'end', 'context': [<snowplow_tracker.self_describing_json.SelfDescribingJson object at 0x7f8f037738c0>, <snowplow_tracker.self_describing_json.SelfDescribingJson object at 0x7f8f02db5910>, <snowplow_tracker.self_describing_json.SelfDescribingJson object at 0x7f8f01d8bd10>]}
[0m07:51:39.167882 [debug] [MainThread]: Flushing usage events
[0m07:51:40.154145 [debug] [MainThread]: An error was encountered while trying to flush usage events
[0m07:55:11.107095 [debug] [MainThread]: Sending event: {'category': 'dbt', 'action': 'invocation', 'label': 'start', 'context': [<snowplow_tracker.self_describing_json.SelfDescribingJson object at 0x7fc105c69340>, <snowplow_tracker.self_describing_json.SelfDescribingJson object at 0x7fc105ec6420>, <snowplow_tracker.self_describing_json.SelfDescribingJson object at 0x7fc1071c3320>]}


============================== 07:55:11.113531 | 2f9f7ac3-01d0-4642-848f-87ac52a2661d ==============================
[0m07:55:11.113531 [info ] [MainThread]: Running with dbt=1.12.5
[0m07:55:11.114179 [debug] [MainThread]: running dbt with arguments {'invocation_command': 'dbt run --select +mart_daily_sales --profiles-dir /opt/airflow/dags/dbt-project', 'profiles_dir': '/opt/airflow/dags/dbt-project', 'use_colors': 'True', 'cache_selected_only': 'False', 'static_parser': 'True', 'debug': 'False', 'quiet': 'False', 'indirect_selection': 'eager', 'hints_enabled': 'True', 'warn_error': 'None', 'send_anonymous_usage_stats': 'True', 'partial_parse': 'True', 'no_print': 'None', 'target_path': 'None', 'version_check': 'True', 'use_experimental_parser': 'False', 'log_format': 'default', 'fail_fast': 'False', 'empty': 'False', 'warn_error_options': 'WarnErrorOptionsV2(error=[], warn=[], silence=[])', 'log_cache_events': 'False', 'introspect': 'True', 'write_json': 'True', 'log_path': '/opt/airflow/dags/dbt-project/logs', 'maximum_seed_size_mib': '1', 'printer_width': '80'}
[0m07:55:11.181049 [warn ] [MainThread]: [[33mWARNING[0m]: Deprecated functionality
The `source-paths` config has been renamed to `model-paths`. Please update your
`dbt_project.yml` configuration to reflect this change.
[0m07:55:11.181649 [debug] [MainThread]: Sending event: {'category': 'dbt', 'action': 'deprecation', 'label': '2f9f7ac3-01d0-4642-848f-87ac52a2661d', 'property_': 'warn', 'context': [<snowplow_tracker.self_describing_json.SelfDescribingJson object at 0x7fc1052cdb80>]}
[0m07:55:11.182398 [warn ] [MainThread]: [[33mWARNING[0m]: Deprecated functionality
The `data-paths` config has been renamed to `seed-paths`. Please update your
`dbt_project.yml` configuration to reflect this change.
[0m07:55:11.182975 [debug] [MainThread]: Sending event: {'category': 'dbt', 'action': 'deprecation', 'label': '2f9f7ac3-01d0-4642-848f-87ac52a2661d', 'property_': 'warn', 'context': [<snowplow_tracker.self_describing_json.SelfDescribingJson object at 0x7fc1052cdb80>]}
[0m07:55:11.352756 [debug] [MainThread]: Sending event: {'category': 'dbt', 'action': 'project_id', 'label': '2f9f7ac3-01d0-4642-848f-87ac52a2661d', 'context': [<snowplow_tracker.self_describing_json.SelfDescribingJson object at 0x7fc10526b950>]}
[0m07:55:11.436707 [debug] [MainThread]: Sending event: {'category': 'dbt', 'action': 'adapter_info', 'label': '2f9f7ac3-01d0-4642-848f-87ac52a2661d', 'context': [<snowplow_tracker.self_describing_json.SelfDescribingJson object at 0x7fc105126a20>]}
[0m07:55:11.437960 [info ] [MainThread]: Registered adapter: postgres=1.11.0
[0m07:55:11.603750 [debug] [MainThread]: checksum: b29d9af8eaaa65115adbe4e5d45ac72f370e925f7ab69b36ae2aaa99f6869c57, vars: {}, profile: dbt-project, target: dev, version: 1.12.5
[0m07:55:11.742477 [debug] [MainThread]: Partial parsing enabled: 0 files deleted, 0 files added, 0 files changed.
[0m07:55:11.743180 [debug] [MainThread]: Nothing changed, skipping partial parsing.
[0m07:55:11.743578 [debug] [MainThread]: Partial parsing enabled, no changes found, skipping parsing
[0m07:55:11.758262 [debug] [MainThread]: Sending event: {'category': 'dbt', 'action': 'load_project', 'label': '2f9f7ac3-01d0-4642-848f-87ac52a2661d', 'context': [<snowplow_tracker.self_describing_json.SelfDescribingJson object at 0x7fc1045b07a0>]}
[0m07:55:11.917618 [debug] [MainThread]: Wrote artifact WritableManifest to /opt/airflow/dags/dbt-project/target/manifest.json
[0m07:55:11.920588 [debug] [MainThread]: Wrote artifact SemanticManifest to /opt/airflow/dags/dbt-project/target/semantic_manifest.json
[0m07:55:11.938645 [debug] [MainThread]: Wrote artifact OsiDocument to /opt/airflow/dags/dbt-project/target/osi_document.json
[0m07:55:11.955971 [debug] [MainThread]: Sending event: {'category': 'dbt', 'action': 'resource_counts', 'label': '2f9f7ac3-01d0-4642-848f-87ac52a2661d', 'context': [<snowplow_tracker.self_describing_json.SelfDescribingJson object at 0x7fc1031715b0>]}
[0m07:55:11.956797 [info ] [MainThread]: Found 3 models, 1 seed, 477 macros
[0m07:55:11.957445 [debug] [MainThread]: Sending event: {'category': 'dbt', 'action': 'runnable_timing', 'label': '2f9f7ac3-01d0-4642-848f-87ac52a2661d', 'context': [<snowplow_tracker.self_describing_json.SelfDescribingJson object at 0x7fc10419d4c0>]}
[0m07:55:11.959814 [info ] [MainThread]: 
[0m07:55:11.960517 [info ] [MainThread]: Concurrency: 1 threads (target='dev')
[0m07:55:11.960974 [info ] [MainThread]: 
[0m07:55:11.961909 [debug] [MainThread]: Acquiring new postgres connection 'master'
[0m07:55:11.969203 [debug] [ThreadPool]: Acquiring new postgres connection 'list_airflow'
[0m07:55:12.025174 [debug] [ThreadPool]: Using postgres connection "list_airflow"
[0m07:55:12.025832 [debug] [ThreadPool]: On list_airflow: /* {"app": "dbt", "dbt_version": "1.12.5", "profile_name": "dbt-project", "target_name": "dev", "connection_name": "list_airflow"} */

    select distinct nspname from pg_namespace
  
[0m07:55:12.026160 [debug] [ThreadPool]: Opening a new connection, currently in state init
[0m07:55:12.034066 [debug] [ThreadPool]: SQL status: SELECT 6 in 0.008 seconds
[0m07:55:12.036262 [debug] [ThreadPool]: On list_airflow: Close
[0m07:55:12.038803 [debug] [ThreadPool]: Re-using an available connection from the pool (formerly list_airflow, now list_airflow_public)
[0m07:55:12.047611 [debug] [ThreadPool]: Using postgres connection "list_airflow_public"
[0m07:55:12.048220 [debug] [ThreadPool]: On list_airflow_public: /* {"app": "dbt", "dbt_version": "1.12.5", "profile_name": "dbt-project", "target_name": "dev", "connection_name": "list_airflow_public"} */
select
      'airflow' as database,
      tablename as name,
      schemaname as schema,
      'table' as type
    from pg_tables
    where schemaname ilike 'public'
    union all
    select
      'airflow' as database,
      viewname as name,
      schemaname as schema,
      'view' as type
    from pg_views
    where schemaname ilike 'public'
    union all
    select
      'airflow' as database,
      matviewname as name,
      schemaname as schema,
      'materialized_view' as type
    from pg_matviews
    where schemaname ilike 'public'
    union all
    select distinct
     'airflow' as database,
     proname as name,
     ns.nspname as schema,
     'function' as type
    from pg_proc
     join pg_namespace as ns on pronamespace = ns.oid
    where ns.nspname ilike 'public'
  
[0m07:55:12.048769 [debug] [ThreadPool]: Opening a new connection, currently in state closed
[0m07:55:12.059247 [debug] [ThreadPool]: SQL status: SELECT 51 in 0.010 seconds
[0m07:55:12.062545 [debug] [ThreadPool]: On list_airflow_public: ROLLBACK
[0m07:55:12.063463 [debug] [ThreadPool]: On list_airflow_public: Close
[0m07:55:12.078803 [debug] [MainThread]: Using postgres connection "master"
[0m07:55:12.079455 [debug] [MainThread]: On master: /* {"app": "dbt", "dbt_version": "1.12.5", "profile_name": "dbt-project", "target_name": "dev", "connection_name": "master"} */
select distinct
        dependent_namespace.nspname as dependent_schema,
        dependent_class.relname as dependent_name,
        referenced_namespace.nspname as referenced_schema,
        referenced_class.relname as referenced_name

    -- Query for views: views are entries in pg_class with an entry in pg_rewrite, but we avoid
    -- a seq scan on pg_rewrite by leveraging the fact there is an "internal" row in pg_depend for
    -- the view...
    from pg_class as dependent_class
    join pg_namespace as dependent_namespace on dependent_namespace.oid = dependent_class.relnamespace
    join pg_depend as dependent_depend on dependent_depend.refobjid = dependent_class.oid
        and dependent_depend.classid = 'pg_rewrite'::regclass
        and dependent_depend.refclassid = 'pg_class'::regclass
        and dependent_depend.deptype = 'i'

    -- ... and via pg_depend (that has a row per column, hence the need for "distinct" above, and
    -- making sure to exclude the internal row to avoid a view appearing to depend on itself)...
    join pg_depend as joining_depend on joining_depend.objid = dependent_depend.objid
        and joining_depend.classid = 'pg_rewrite'::regclass
        and joining_depend.refclassid = 'pg_class'::regclass
        and joining_depend.refobjid != dependent_depend.refobjid

    -- ... we can find the tables they query from in pg_class, but excluding system tables. Note we
    -- don't need need to exclude _dependent_ system tables, because they only query from other
    -- system tables, and so are automatically excluded by excluding _referenced_ system tables
    join pg_class as referenced_class on referenced_class.oid = joining_depend.refobjid
    join pg_namespace as referenced_namespace on referenced_namespace.oid = referenced_class.relnamespace
        and referenced_namespace.nspname != 'information_schema'
        and referenced_namespace.nspname not like 'pg\_%'

    order by
        dependent_schema, dependent_name, referenced_schema, referenced_name;
[0m07:55:12.079892 [debug] [MainThread]: Opening a new connection, currently in state init
[0m07:55:12.089329 [debug] [MainThread]: SQL status: SELECT 0 in 0.009 seconds
[0m07:55:12.091981 [debug] [MainThread]: Sending event: {'category': 'dbt', 'action': 'runnable_timing', 'label': '2f9f7ac3-01d0-4642-848f-87ac52a2661d', 'context': [<snowplow_tracker.self_describing_json.SelfDescribingJson object at 0x7fc10317be60>]}
[0m07:55:12.092895 [debug] [MainThread]: On master: ROLLBACK
[0m07:55:12.093827 [debug] [MainThread]: On master: COMMIT
[0m07:55:12.094330 [debug] [MainThread]: Using postgres connection "master"
[0m07:55:12.094680 [debug] [MainThread]: On master: COMMIT
[0m07:55:12.095689 [debug] [MainThread]: SQL status: COMMIT in 0.001 seconds
[0m07:55:12.096140 [debug] [MainThread]: On master: Close
[0m07:55:12.103047 [debug] [Thread-1 (]: Began running node model.dbt_project.stg_transactions
[0m07:55:12.103916 [info ] [Thread-1 (]: 1 of 2 START sql view model public.stg_transactions ............................ [RUN]
[0m07:55:12.104737 [debug] [Thread-1 (]: Re-using an available connection from the pool (formerly list_airflow_public, now model.dbt_project.stg_transactions)
[0m07:55:12.105274 [debug] [Thread-1 (]: Began compiling node model.dbt_project.stg_transactions
[0m07:55:12.115995 [debug] [Thread-1 (]: Writing injected SQL for node "model.dbt_project.stg_transactions"
[0m07:55:12.117038 [debug] [Thread-1 (]: Began executing node model.dbt_project.stg_transactions
[0m07:55:12.162554 [debug] [Thread-1 (]: Writing runtime sql for node "model.dbt_project.stg_transactions"
[0m07:55:12.163594 [debug] [Thread-1 (]: Using postgres connection "model.dbt_project.stg_transactions"
[0m07:55:12.164065 [debug] [Thread-1 (]: On model.dbt_project.stg_transactions: /* {"app": "dbt", "dbt_version": "1.12.5", "profile_name": "dbt-project", "target_name": "dev", "node_id": "model.dbt_project.stg_transactions"} */

  create view "airflow"."public"."stg_transactions__dbt_tmp"
    
    
  as (
    

select
    transaction_id as id,
    transaction_date::date as date,
    product as product_name,
    amount::numeric as revenue
from "airflow"."public"."raw_transactions"
  );
[0m07:55:12.164695 [debug] [Thread-1 (]: Opening a new connection, currently in state closed
[0m07:55:12.176321 [debug] [Thread-1 (]: SQL status: CREATE VIEW in 0.011 seconds
[0m07:55:12.183624 [debug] [Thread-1 (]: Using postgres connection "model.dbt_project.stg_transactions"
[0m07:55:12.184090 [debug] [Thread-1 (]: On model.dbt_project.stg_transactions: /* {"app": "dbt", "dbt_version": "1.12.5", "profile_name": "dbt-project", "target_name": "dev", "node_id": "model.dbt_project.stg_transactions"} */
alter table "airflow"."public"."stg_transactions__dbt_tmp" rename to "stg_transactions"
[0m07:55:12.186217 [debug] [Thread-1 (]: SQL status: ALTER TABLE in 0.002 seconds
[0m07:55:12.205809 [debug] [Thread-1 (]: On model.dbt_project.stg_transactions: COMMIT
[0m07:55:12.206444 [debug] [Thread-1 (]: Using postgres connection "model.dbt_project.stg_transactions"
[0m07:55:12.206785 [debug] [Thread-1 (]: On model.dbt_project.stg_transactions: COMMIT
[0m07:55:12.208596 [debug] [Thread-1 (]: SQL status: COMMIT in 0.001 seconds
[0m07:55:12.214755 [debug] [Thread-1 (]: Applying DROP to: "airflow"."public"."stg_transactions__dbt_backup"
[0m07:55:12.220605 [debug] [Thread-1 (]: Using postgres connection "model.dbt_project.stg_transactions"
[0m07:55:12.221092 [debug] [Thread-1 (]: On model.dbt_project.stg_transactions: /* {"app": "dbt", "dbt_version": "1.12.5", "profile_name": "dbt-project", "target_name": "dev", "node_id": "model.dbt_project.stg_transactions"} */
drop view if exists "airflow"."public"."stg_transactions__dbt_backup" cascade
[0m07:55:12.222293 [debug] [Thread-1 (]: SQL status: DROP VIEW in 0.001 seconds
[0m07:55:12.225713 [debug] [Thread-1 (]: On model.dbt_project.stg_transactions: Close
[0m07:55:12.228055 [debug] [Thread-1 (]: Sending event: {'category': 'dbt', 'action': 'run_model', 'label': '2f9f7ac3-01d0-4642-848f-87ac52a2661d', 'context': [<snowplow_tracker.self_describing_json.SelfDescribingJson object at 0x7fc107761a90>]}
[0m07:55:12.229017 [info ] [Thread-1 (]: 1 of 2 OK created sql view model public.stg_transactions ....................... [[32mCREATE VIEW[0m in 0.12s]
[0m07:55:12.230212 [debug] [Thread-1 (]: Finished running node model.dbt_project.stg_transactions
[0m07:55:12.232175 [debug] [Thread-1 (]: Began running node model.dbt_project.mart_daily_sales
[0m07:55:12.233029 [info ] [Thread-1 (]: 2 of 2 START sql table model public.mart_daily_sales ........................... [RUN]
[0m07:55:12.233933 [debug] [Thread-1 (]: Re-using an available connection from the pool (formerly model.dbt_project.stg_transactions, now model.dbt_project.mart_daily_sales)
[0m07:55:12.234682 [debug] [Thread-1 (]: Began compiling node model.dbt_project.mart_daily_sales
[0m07:55:12.237864 [debug] [Thread-1 (]: Writing injected SQL for node "model.dbt_project.mart_daily_sales"
[0m07:55:12.239196 [debug] [Thread-1 (]: Began executing node model.dbt_project.mart_daily_sales
[0m07:55:12.266911 [debug] [Thread-1 (]: Writing runtime sql for node "model.dbt_project.mart_daily_sales"
[0m07:55:12.268204 [debug] [Thread-1 (]: Using postgres connection "model.dbt_project.mart_daily_sales"
[0m07:55:12.268625 [debug] [Thread-1 (]: On model.dbt_project.mart_daily_sales: /* {"app": "dbt", "dbt_version": "1.12.5", "profile_name": "dbt-project", "target_name": "dev", "node_id": "model.dbt_project.mart_daily_sales"} */

  
    

  create  table "airflow"."public"."mart_daily_sales__dbt_tmp"
  
  
    as
  
  (
    

select
    date as sales_date,
    count(id) as total_transactions,
    sum(revenue) as total_revenue
from "airflow"."public"."stg_transactions"
group by 1
  );
  
[0m07:55:12.268987 [debug] [Thread-1 (]: Opening a new connection, currently in state closed
[0m07:55:12.279670 [debug] [Thread-1 (]: SQL status: SELECT 2 in 0.011 seconds
[0m07:55:12.288604 [debug] [Thread-1 (]: Using postgres connection "model.dbt_project.mart_daily_sales"
[0m07:55:12.289303 [debug] [Thread-1 (]: On model.dbt_project.mart_daily_sales: /* {"app": "dbt", "dbt_version": "1.12.5", "profile_name": "dbt-project", "target_name": "dev", "node_id": "model.dbt_project.mart_daily_sales"} */
alter table "airflow"."public"."mart_daily_sales__dbt_tmp" rename to "mart_daily_sales"
[0m07:55:12.290518 [debug] [Thread-1 (]: SQL status: ALTER TABLE in 0.001 seconds
[0m07:55:12.292985 [debug] [Thread-1 (]: On model.dbt_project.mart_daily_sales: COMMIT
[0m07:55:12.293709 [debug] [Thread-1 (]: Using postgres connection "model.dbt_project.mart_daily_sales"
[0m07:55:12.294166 [debug] [Thread-1 (]: On model.dbt_project.mart_daily_sales: COMMIT
[0m07:55:12.295686 [debug] [Thread-1 (]: SQL status: COMMIT in 0.001 seconds
[0m07:55:12.299850 [debug] [Thread-1 (]: Applying DROP to: "airflow"."public"."mart_daily_sales__dbt_backup"
[0m07:55:12.304863 [debug] [Thread-1 (]: Using postgres connection "model.dbt_project.mart_daily_sales"
[0m07:55:12.305536 [debug] [Thread-1 (]: On model.dbt_project.mart_daily_sales: /* {"app": "dbt", "dbt_version": "1.12.5", "profile_name": "dbt-project", "target_name": "dev", "node_id": "model.dbt_project.mart_daily_sales"} */
drop table if exists "airflow"."public"."mart_daily_sales__dbt_backup" cascade
[0m07:55:12.306476 [debug] [Thread-1 (]: SQL status: DROP TABLE in 0.000 seconds
[0m07:55:12.308391 [debug] [Thread-1 (]: On model.dbt_project.mart_daily_sales: Close
[0m07:55:12.309488 [debug] [Thread-1 (]: Sending event: {'category': 'dbt', 'action': 'run_model', 'label': '2f9f7ac3-01d0-4642-848f-87ac52a2661d', 'context': [<snowplow_tracker.self_describing_json.SelfDescribingJson object at 0x7fc102287ec0>]}
[0m07:55:12.310655 [info ] [Thread-1 (]: 2 of 2 OK created sql table model public.mart_daily_sales ...................... [[32mSELECT 2[0m in 0.08s]
[0m07:55:12.311837 [debug] [Thread-1 (]: Finished running node model.dbt_project.mart_daily_sales
[0m07:55:12.314945 [debug] [MainThread]: On master: COMMIT
[0m07:55:12.315580 [debug] [MainThread]: Using postgres connection "master"
[0m07:55:12.315999 [debug] [MainThread]: On master: COMMIT
[0m07:55:12.316566 [debug] [MainThread]: Opening a new connection, currently in state closed
[0m07:55:12.322470 [debug] [MainThread]: SQL status: COMMIT in 0.006 seconds
[0m07:55:12.323016 [debug] [MainThread]: On master: Close
[0m07:55:12.323845 [debug] [MainThread]: Connection 'master' was properly closed.
[0m07:55:12.324448 [debug] [MainThread]: Connection 'model.dbt_project.mart_daily_sales' was properly closed.
[0m07:55:12.324945 [info ] [MainThread]: 
[0m07:55:12.325597 [info ] [MainThread]: Finished running 1 table model, 1 view model in 0 hours 0 minutes and 0.36 seconds (0.36s).
[0m07:55:12.326963 [debug] [MainThread]: Command end result
[0m07:55:12.374307 [debug] [MainThread]: Wrote artifact WritableManifest to /opt/airflow/dags/dbt-project/target/manifest.json
[0m07:55:12.377608 [debug] [MainThread]: Wrote artifact SemanticManifest to /opt/airflow/dags/dbt-project/target/semantic_manifest.json
[0m07:55:12.380893 [debug] [MainThread]: Wrote artifact OsiDocument to /opt/airflow/dags/dbt-project/target/osi_document.json
[0m07:55:12.391720 [debug] [MainThread]: Wrote artifact RunExecutionResult to /opt/airflow/dags/dbt-project/target/run_results.json
[0m07:55:12.392300 [info ] [MainThread]: 
[0m07:55:12.392993 [info ] [MainThread]: [32mCompleted successfully[0m
[0m07:55:12.393642 [info ] [MainThread]: 
[0m07:55:12.394340 [info ] [MainThread]: Done. PASS=2 WARN=0 ERROR=0 SKIP=0 NO-OP=0 REUSED=0 TOTAL=2
[0m07:55:12.395763 [warn ] [MainThread]: [[33mWARNING[0m][DeprecationsSummary]: Deprecated functionality
Summary of encountered deprecations:
- ConfigSourcePathDeprecation: 1 occurrence
- ConfigDataPathDeprecation: 1 occurrence
To see all deprecation instances instead of just the first occurrence of each,
run command again with the `--show-all-deprecations` flag. You may also need to
run with `--no-partial-parse` as some deprecations are only encountered during
parsing.
[0m07:55:12.397726 [debug] [MainThread]: Resource report: {"command_name": "run", "command_success": true, "command_wall_clock_time": 1.3805716, "process_in_blocks": "0", "process_kernel_time": 0.390859, "process_mem_max_rss": "135316", "process_out_blocks": "2256", "process_user_time": 3.132592}
[0m07:55:12.398596 [debug] [MainThread]: Command `dbt run` succeeded at 07:55:12.398296 after 1.38 seconds
[0m07:55:12.399308 [debug] [MainThread]: Sending event: {'category': 'dbt', 'action': 'invocation', 'label': 'end', 'context': [<snowplow_tracker.self_describing_json.SelfDescribingJson object at 0x7fc105c69340>, <snowplow_tracker.self_describing_json.SelfDescribingJson object at 0x7fc105d7ecc0>, <snowplow_tracker.self_describing_json.SelfDescribingJson object at 0x7fc105e30980>]}
[0m07:55:12.399890 [debug] [MainThread]: Flushing usage events
[0m07:55:13.392827 [debug] [MainThread]: An error was encountered while trying to flush usage events
[0m07:55:38.208984 [debug] [MainThread]: Sending event: {'category': 'dbt', 'action': 'invocation', 'label': 'start', 'context': [<snowplow_tracker.self_describing_json.SelfDescribingJson object at 0x7f46c889e870>, <snowplow_tracker.self_describing_json.SelfDescribingJson object at 0x7f46c7e183b0>, <snowplow_tracker.self_describing_json.SelfDescribingJson object at 0x7f46c9b65d90>]}


============================== 07:55:38.217371 | ff3ff6f5-433e-44b2-8063-2671f9fd13da ==============================
[0m07:55:38.217371 [info ] [MainThread]: Running with dbt=1.12.5
[0m07:55:38.218363 [debug] [MainThread]: running dbt with arguments {'version_check': 'True', 'log_cache_events': 'False', 'write_json': 'True', 'partial_parse': 'True', 'maximum_seed_size_mib': '1', 'indirect_selection': 'eager', 'warn_error': 'None', 'warn_error_options': 'WarnErrorOptionsV2(error=[], warn=[], silence=[])', 'static_parser': 'True', 'use_colors': 'True', 'introspect': 'True', 'send_anonymous_usage_stats': 'True', 'invocation_command': 'dbt seed --profiles-dir /opt/airflow/dags/dbt-project', 'printer_width': '80', 'no_print': 'None', 'hints_enabled': 'True', 'cache_selected_only': 'False', 'log_format': 'default', 'log_path': '/opt/airflow/dags/dbt-project/logs', 'empty': 'False', 'profiles_dir': '/opt/airflow/dags/dbt-project', 'target_path': 'None', 'use_experimental_parser': 'False', 'debug': 'False', 'quiet': 'False', 'fail_fast': 'False'}
[0m07:55:38.294017 [warn ] [MainThread]: [[33mWARNING[0m]: Deprecated functionality
The `source-paths` config has been renamed to `model-paths`. Please update your
`dbt_project.yml` configuration to reflect this change.
[0m07:55:38.295071 [debug] [MainThread]: Sending event: {'category': 'dbt', 'action': 'deprecation', 'label': 'ff3ff6f5-433e-44b2-8063-2671f9fd13da', 'property_': 'warn', 'context': [<snowplow_tracker.self_describing_json.SelfDescribingJson object at 0x7f46c6141af0>]}
[0m07:55:38.295928 [warn ] [MainThread]: [[33mWARNING[0m]: Deprecated functionality
The `data-paths` config has been renamed to `seed-paths`. Please update your
`dbt_project.yml` configuration to reflect this change.
[0m07:55:38.296400 [debug] [MainThread]: Sending event: {'category': 'dbt', 'action': 'deprecation', 'label': 'ff3ff6f5-433e-44b2-8063-2671f9fd13da', 'property_': 'warn', 'context': [<snowplow_tracker.self_describing_json.SelfDescribingJson object at 0x7f46c6141af0>]}
[0m07:55:38.482712 [debug] [MainThread]: Sending event: {'category': 'dbt', 'action': 'project_id', 'label': 'ff3ff6f5-433e-44b2-8063-2671f9fd13da', 'context': [<snowplow_tracker.self_describing_json.SelfDescribingJson object at 0x7f46c6d17c80>]}
[0m07:55:38.605263 [debug] [MainThread]: Sending event: {'category': 'dbt', 'action': 'adapter_info', 'label': 'ff3ff6f5-433e-44b2-8063-2671f9fd13da', 'context': [<snowplow_tracker.self_describing_json.SelfDescribingJson object at 0x7f46c61ed010>]}
[0m07:55:38.607349 [info ] [MainThread]: Registered adapter: postgres=1.11.0
[0m07:55:38.811708 [debug] [MainThread]: checksum: b29d9af8eaaa65115adbe4e5d45ac72f370e925f7ab69b36ae2aaa99f6869c57, vars: {}, profile: dbt-project, target: dev, version: 1.12.5
[0m07:55:38.992885 [debug] [MainThread]: Partial parsing enabled: 0 files deleted, 0 files added, 0 files changed.
[0m07:55:38.993939 [debug] [MainThread]: Nothing changed, skipping partial parsing.
[0m07:55:38.994762 [debug] [MainThread]: Partial parsing enabled, no changes found, skipping parsing
[0m07:55:39.017388 [debug] [MainThread]: Sending event: {'category': 'dbt', 'action': 'load_project', 'label': 'ff3ff6f5-433e-44b2-8063-2671f9fd13da', 'context': [<snowplow_tracker.self_describing_json.SelfDescribingJson object at 0x7f46c6db59a0>]}
[0m07:55:39.206465 [debug] [MainThread]: Wrote artifact WritableManifest to /opt/airflow/dags/dbt-project/target/manifest.json
[0m07:55:39.210550 [debug] [MainThread]: Wrote artifact SemanticManifest to /opt/airflow/dags/dbt-project/target/semantic_manifest.json
[0m07:55:39.232854 [debug] [MainThread]: Wrote artifact OsiDocument to /opt/airflow/dags/dbt-project/target/osi_document.json
[0m07:55:39.252399 [debug] [MainThread]: Sending event: {'category': 'dbt', 'action': 'resource_counts', 'label': 'ff3ff6f5-433e-44b2-8063-2671f9fd13da', 'context': [<snowplow_tracker.self_describing_json.SelfDescribingJson object at 0x7f46c49059a0>]}
[0m07:55:39.253094 [info ] [MainThread]: Found 3 models, 1 seed, 477 macros
[0m07:55:39.253603 [debug] [MainThread]: Sending event: {'category': 'dbt', 'action': 'runnable_timing', 'label': 'ff3ff6f5-433e-44b2-8063-2671f9fd13da', 'context': [<snowplow_tracker.self_describing_json.SelfDescribingJson object at 0x7f46c4dac290>]}
[0m07:55:39.255972 [info ] [MainThread]: 
[0m07:55:39.256516 [info ] [MainThread]: Concurrency: 1 threads (target='dev')
[0m07:55:39.256928 [info ] [MainThread]: 
[0m07:55:39.257603 [debug] [MainThread]: Acquiring new postgres connection 'master'
[0m07:55:39.258894 [debug] [ThreadPool]: Acquiring new postgres connection 'list_airflow'
[0m07:55:39.313443 [debug] [ThreadPool]: Using postgres connection "list_airflow"
[0m07:55:39.313941 [debug] [ThreadPool]: On list_airflow: /* {"app": "dbt", "dbt_version": "1.12.5", "profile_name": "dbt-project", "target_name": "dev", "connection_name": "list_airflow"} */

    select distinct nspname from pg_namespace
  
[0m07:55:39.314373 [debug] [ThreadPool]: Opening a new connection, currently in state init
[0m07:55:39.322717 [debug] [ThreadPool]: SQL status: SELECT 6 in 0.008 seconds
[0m07:55:39.324548 [debug] [ThreadPool]: On list_airflow: Close
[0m07:55:39.332740 [debug] [ThreadPool]: Re-using an available connection from the pool (formerly list_airflow, now list_airflow_public)
[0m07:55:39.339739 [debug] [ThreadPool]: Using postgres connection "list_airflow_public"
[0m07:55:39.340429 [debug] [ThreadPool]: On list_airflow_public: /* {"app": "dbt", "dbt_version": "1.12.5", "profile_name": "dbt-project", "target_name": "dev", "connection_name": "list_airflow_public"} */
select
      'airflow' as database,
      tablename as name,
      schemaname as schema,
      'table' as type
    from pg_tables
    where schemaname ilike 'public'
    union all
    select
      'airflow' as database,
      viewname as name,
      schemaname as schema,
      'view' as type
    from pg_views
    where schemaname ilike 'public'
    union all
    select
      'airflow' as database,
      matviewname as name,
      schemaname as schema,
      'materialized_view' as type
    from pg_matviews
    where schemaname ilike 'public'
    union all
    select distinct
     'airflow' as database,
     proname as name,
     ns.nspname as schema,
     'function' as type
    from pg_proc
     join pg_namespace as ns on pronamespace = ns.oid
    where ns.nspname ilike 'public'
  
[0m07:55:39.340835 [debug] [ThreadPool]: Opening a new connection, currently in state closed
[0m07:55:39.363448 [debug] [ThreadPool]: SQL status: SELECT 53 in 0.022 seconds
[0m07:55:39.367495 [debug] [ThreadPool]: On list_airflow_public: ROLLBACK
[0m07:55:39.368653 [debug] [ThreadPool]: On list_airflow_public: Close
[0m07:55:39.386014 [debug] [MainThread]: Using postgres connection "master"
[0m07:55:39.386982 [debug] [MainThread]: On master: /* {"app": "dbt", "dbt_version": "1.12.5", "profile_name": "dbt-project", "target_name": "dev", "connection_name": "master"} */
select distinct
        dependent_namespace.nspname as dependent_schema,
        dependent_class.relname as dependent_name,
        referenced_namespace.nspname as referenced_schema,
        referenced_class.relname as referenced_name

    -- Query for views: views are entries in pg_class with an entry in pg_rewrite, but we avoid
    -- a seq scan on pg_rewrite by leveraging the fact there is an "internal" row in pg_depend for
    -- the view...
    from pg_class as dependent_class
    join pg_namespace as dependent_namespace on dependent_namespace.oid = dependent_class.relnamespace
    join pg_depend as dependent_depend on dependent_depend.refobjid = dependent_class.oid
        and dependent_depend.classid = 'pg_rewrite'::regclass
        and dependent_depend.refclassid = 'pg_class'::regclass
        and dependent_depend.deptype = 'i'

    -- ... and via pg_depend (that has a row per column, hence the need for "distinct" above, and
    -- making sure to exclude the internal row to avoid a view appearing to depend on itself)...
    join pg_depend as joining_depend on joining_depend.objid = dependent_depend.objid
        and joining_depend.classid = 'pg_rewrite'::regclass
        and joining_depend.refclassid = 'pg_class'::regclass
        and joining_depend.refobjid != dependent_depend.refobjid

    -- ... we can find the tables they query from in pg_class, but excluding system tables. Note we
    -- don't need need to exclude _dependent_ system tables, because they only query from other
    -- system tables, and so are automatically excluded by excluding _referenced_ system tables
    join pg_class as referenced_class on referenced_class.oid = joining_depend.refobjid
    join pg_namespace as referenced_namespace on referenced_namespace.oid = referenced_class.relnamespace
        and referenced_namespace.nspname != 'information_schema'
        and referenced_namespace.nspname not like 'pg\_%'

    order by
        dependent_schema, dependent_name, referenced_schema, referenced_name;
[0m07:55:39.387597 [debug] [MainThread]: Opening a new connection, currently in state init
[0m07:55:39.398071 [debug] [MainThread]: SQL status: SELECT 1 in 0.010 seconds
[0m07:55:39.400534 [debug] [MainThread]: Sending event: {'category': 'dbt', 'action': 'runnable_timing', 'label': 'ff3ff6f5-433e-44b2-8063-2671f9fd13da', 'context': [<snowplow_tracker.self_describing_json.SelfDescribingJson object at 0x7f46bfef4aa0>]}
[0m07:55:39.401234 [debug] [MainThread]: On master: ROLLBACK
[0m07:55:39.401879 [debug] [MainThread]: On master: COMMIT
[0m07:55:39.402473 [debug] [MainThread]: Using postgres connection "master"
[0m07:55:39.402883 [debug] [MainThread]: On master: COMMIT
[0m07:55:39.403856 [debug] [MainThread]: SQL status: COMMIT in 0.001 seconds
[0m07:55:39.404322 [debug] [MainThread]: On master: Close
[0m07:55:39.410993 [debug] [Thread-1 (]: Began running node seed.dbt_project.raw_transactions
[0m07:55:39.411821 [info ] [Thread-1 (]: 1 of 1 START seed file public.raw_transactions ................................. [RUN]
[0m07:55:39.412505 [debug] [Thread-1 (]: Re-using an available connection from the pool (formerly list_airflow_public, now seed.dbt_project.raw_transactions)
[0m07:55:39.412900 [debug] [Thread-1 (]: Began compiling node seed.dbt_project.raw_transactions
[0m07:55:39.413258 [debug] [Thread-1 (]: Began executing node seed.dbt_project.raw_transactions
[0m07:55:39.447120 [debug] [Thread-1 (]: Using postgres connection "seed.dbt_project.raw_transactions"
[0m07:55:39.447704 [debug] [Thread-1 (]: On seed.dbt_project.raw_transactions: /* {"app": "dbt", "dbt_version": "1.12.5", "profile_name": "dbt-project", "target_name": "dev", "node_id": "seed.dbt_project.raw_transactions"} */
truncate table "airflow"."public"."raw_transactions"
[0m07:55:39.448044 [debug] [Thread-1 (]: Opening a new connection, currently in state closed
[0m07:55:39.457871 [debug] [Thread-1 (]: SQL status: TRUNCATE TABLE in 0.010 seconds
[0m07:55:39.488900 [debug] [Thread-1 (]: Using postgres connection "seed.dbt_project.raw_transactions"
[0m07:55:39.489683 [debug] [Thread-1 (]: On seed.dbt_project.raw_transactions: 
          insert into "airflow"."public"."raw_transactions" ("transaction_id", "transaction_date", "product", "amount") values
          (%s,%s,%s,%s),(%s,%s,%s,%s),(%s,%s,%s,%s),(%s,%s,%s,%s),(%s,%s,%s,%s)
      ...
[0m07:55:39.491430 [debug] [Thread-1 (]: SQL status: INSERT 0 5 in 0.001 seconds
[0m07:55:39.501686 [debug] [Thread-1 (]: Writing runtime SQL for node "seed.dbt_project.raw_transactions"
[0m07:55:39.525038 [debug] [Thread-1 (]: On seed.dbt_project.raw_transactions: COMMIT
[0m07:55:39.525666 [debug] [Thread-1 (]: Using postgres connection "seed.dbt_project.raw_transactions"
[0m07:55:39.525977 [debug] [Thread-1 (]: On seed.dbt_project.raw_transactions: COMMIT
[0m07:55:39.528593 [debug] [Thread-1 (]: SQL status: COMMIT in 0.002 seconds
[0m07:55:39.531781 [debug] [Thread-1 (]: On seed.dbt_project.raw_transactions: Close
[0m07:55:39.534169 [debug] [Thread-1 (]: Sending event: {'category': 'dbt', 'action': 'run_model', 'label': 'ff3ff6f5-433e-44b2-8063-2671f9fd13da', 'context': [<snowplow_tracker.self_describing_json.SelfDescribingJson object at 0x7f46c92bd9a0>]}
[0m07:55:39.534777 [info ] [Thread-1 (]: 1 of 1 OK loaded seed file public.raw_transactions ............................. [[32mINSERT 5[0m in 0.12s]
[0m07:55:39.535572 [debug] [Thread-1 (]: Finished running node seed.dbt_project.raw_transactions
[0m07:55:39.538855 [debug] [MainThread]: On master: COMMIT
[0m07:55:39.539489 [debug] [MainThread]: Using postgres connection "master"
[0m07:55:39.540054 [debug] [MainThread]: On master: COMMIT
[0m07:55:39.540596 [debug] [MainThread]: Opening a new connection, currently in state closed
[0m07:55:39.547051 [debug] [MainThread]: SQL status: COMMIT in 0.006 seconds
[0m07:55:39.548310 [debug] [MainThread]: On master: Close
[0m07:55:39.549720 [debug] [MainThread]: Connection 'master' was properly closed.
[0m07:55:39.550320 [debug] [MainThread]: Connection 'seed.dbt_project.raw_transactions' was properly closed.
[0m07:55:39.551050 [info ] [MainThread]: 
[0m07:55:39.551926 [info ] [MainThread]: Finished running 1 seed in 0 hours 0 minutes and 0.29 seconds (0.29s).
[0m07:55:39.553352 [debug] [MainThread]: Command end result
[0m07:55:39.608418 [debug] [MainThread]: Wrote artifact WritableManifest to /opt/airflow/dags/dbt-project/target/manifest.json
[0m07:55:39.611905 [debug] [MainThread]: Wrote artifact SemanticManifest to /opt/airflow/dags/dbt-project/target/semantic_manifest.json
[0m07:55:39.614710 [debug] [MainThread]: Wrote artifact OsiDocument to /opt/airflow/dags/dbt-project/target/osi_document.json
[0m07:55:39.626203 [debug] [MainThread]: Wrote artifact RunExecutionResult to /opt/airflow/dags/dbt-project/target/run_results.json
[0m07:55:39.626814 [info ] [MainThread]: 
[0m07:55:39.627639 [info ] [MainThread]: [32mCompleted successfully[0m
[0m07:55:39.628670 [info ] [MainThread]: 
[0m07:55:39.629623 [info ] [MainThread]: Done. PASS=1 WARN=0 ERROR=0 SKIP=0 NO-OP=0 REUSED=0 TOTAL=1
[0m07:55:39.630965 [warn ] [MainThread]: [[33mWARNING[0m][DeprecationsSummary]: Deprecated functionality
Summary of encountered deprecations:
- ConfigSourcePathDeprecation: 1 occurrence
- ConfigDataPathDeprecation: 1 occurrence
To see all deprecation instances instead of just the first occurrence of each,
run command again with the `--show-all-deprecations` flag. You may also need to
run with `--no-partial-parse` as some deprecations are only encountered during
parsing.
[0m07:55:39.632840 [debug] [MainThread]: Resource report: {"command_name": "seed", "command_success": true, "command_wall_clock_time": 1.5388674, "process_in_blocks": "0", "process_kernel_time": 0.477202, "process_mem_max_rss": "134876", "process_out_blocks": "2216", "process_user_time": 3.867629}
[0m07:55:39.633590 [debug] [MainThread]: Command `dbt seed` succeeded at 07:55:39.633352 after 1.54 seconds
[0m07:55:39.634124 [debug] [MainThread]: Sending event: {'category': 'dbt', 'action': 'invocation', 'label': 'end', 'context': [<snowplow_tracker.self_describing_json.SelfDescribingJson object at 0x7f46c7dc1f40>, <snowplow_tracker.self_describing_json.SelfDescribingJson object at 0x7f46c5907890>, <snowplow_tracker.self_describing_json.SelfDescribingJson object at 0x7f46c6141e50>]}
[0m07:55:39.634735 [debug] [MainThread]: Flushing usage events
[0m07:55:40.632142 [debug] [MainThread]: An error was encountered while trying to flush usage events
[0m07:55:45.957772 [debug] [MainThread]: Sending event: {'category': 'dbt', 'action': 'invocation', 'label': 'start', 'context': [<snowplow_tracker.self_describing_json.SelfDescribingJson object at 0x7f2749d67ce0>, <snowplow_tracker.self_describing_json.SelfDescribingJson object at 0x7f274c0de180>, <snowplow_tracker.self_describing_json.SelfDescribingJson object at 0x7f274c230ec0>]}


============================== 07:55:45.966419 | 9c1d6fe0-825a-4852-83a5-47a45303d643 ==============================
[0m07:55:45.966419 [info ] [MainThread]: Running with dbt=1.12.5
[0m07:55:45.967261 [debug] [MainThread]: running dbt with arguments {'empty': 'False', 'no_print': 'None', 'write_json': 'True', 'send_anonymous_usage_stats': 'True', 'fail_fast': 'False', 'introspect': 'True', 'cache_selected_only': 'False', 'use_colors': 'True', 'partial_parse': 'True', 'use_experimental_parser': 'False', 'quiet': 'False', 'log_path': '/opt/airflow/dags/dbt-project/logs', 'log_format': 'default', 'profiles_dir': '/opt/airflow/dags/dbt-project', 'indirect_selection': 'eager', 'printer_width': '80', 'warn_error_options': 'WarnErrorOptionsV2(error=[], warn=[], silence=[])', 'log_cache_events': 'False', 'warn_error': 'None', 'target_path': 'None', 'hints_enabled': 'True', 'invocation_command': 'dbt run --select +mart_daily_sales --profiles-dir /opt/airflow/dags/dbt-project', 'version_check': 'True', 'static_parser': 'True', 'maximum_seed_size_mib': '1', 'debug': 'False'}
[0m07:55:46.067259 [warn ] [MainThread]: [[33mWARNING[0m]: Deprecated functionality
The `source-paths` config has been renamed to `model-paths`. Please update your
`dbt_project.yml` configuration to reflect this change.
[0m07:55:46.068160 [debug] [MainThread]: Sending event: {'category': 'dbt', 'action': 'deprecation', 'label': '9c1d6fe0-825a-4852-83a5-47a45303d643', 'property_': 'warn', 'context': [<snowplow_tracker.self_describing_json.SelfDescribingJson object at 0x7f2748541d00>]}
[0m07:55:46.068861 [warn ] [MainThread]: [[33mWARNING[0m]: Deprecated functionality
The `data-paths` config has been renamed to `seed-paths`. Please update your
`dbt_project.yml` configuration to reflect this change.
[0m07:55:46.069619 [debug] [MainThread]: Sending event: {'category': 'dbt', 'action': 'deprecation', 'label': '9c1d6fe0-825a-4852-83a5-47a45303d643', 'property_': 'warn', 'context': [<snowplow_tracker.self_describing_json.SelfDescribingJson object at 0x7f2748541ac0>]}
[0m07:55:46.318896 [debug] [MainThread]: Sending event: {'category': 'dbt', 'action': 'project_id', 'label': '9c1d6fe0-825a-4852-83a5-47a45303d643', 'context': [<snowplow_tracker.self_describing_json.SelfDescribingJson object at 0x7f27491d84a0>]}
[0m07:55:46.436386 [debug] [MainThread]: Sending event: {'category': 'dbt', 'action': 'adapter_info', 'label': '9c1d6fe0-825a-4852-83a5-47a45303d643', 'context': [<snowplow_tracker.self_describing_json.SelfDescribingJson object at 0x7f274b602930>]}
[0m07:55:46.437988 [info ] [MainThread]: Registered adapter: postgres=1.11.0
[0m07:55:46.670333 [debug] [MainThread]: checksum: b29d9af8eaaa65115adbe4e5d45ac72f370e925f7ab69b36ae2aaa99f6869c57, vars: {}, profile: dbt-project, target: dev, version: 1.12.5
[0m07:55:46.862009 [debug] [MainThread]: Partial parsing enabled: 0 files deleted, 0 files added, 0 files changed.
[0m07:55:46.862804 [debug] [MainThread]: Nothing changed, skipping partial parsing.
[0m07:55:46.863273 [debug] [MainThread]: Partial parsing enabled, no changes found, skipping parsing
[0m07:55:46.882759 [debug] [MainThread]: Sending event: {'category': 'dbt', 'action': 'load_project', 'label': '9c1d6fe0-825a-4852-83a5-47a45303d643', 'context': [<snowplow_tracker.self_describing_json.SelfDescribingJson object at 0x7f27481dd8b0>]}
[0m07:55:47.091148 [debug] [MainThread]: Wrote artifact WritableManifest to /opt/airflow/dags/dbt-project/target/manifest.json
[0m07:55:47.095305 [debug] [MainThread]: Wrote artifact SemanticManifest to /opt/airflow/dags/dbt-project/target/semantic_manifest.json
[0m07:55:47.118313 [debug] [MainThread]: Wrote artifact OsiDocument to /opt/airflow/dags/dbt-project/target/osi_document.json
[0m07:55:47.139361 [debug] [MainThread]: Sending event: {'category': 'dbt', 'action': 'resource_counts', 'label': '9c1d6fe0-825a-4852-83a5-47a45303d643', 'context': [<snowplow_tracker.self_describing_json.SelfDescribingJson object at 0x7f27471b1850>]}
[0m07:55:47.140392 [info ] [MainThread]: Found 3 models, 1 seed, 477 macros
[0m07:55:47.141043 [debug] [MainThread]: Sending event: {'category': 'dbt', 'action': 'runnable_timing', 'label': '9c1d6fe0-825a-4852-83a5-47a45303d643', 'context': [<snowplow_tracker.self_describing_json.SelfDescribingJson object at 0x7f27471ad8b0>]}
[0m07:55:47.143777 [info ] [MainThread]: 
[0m07:55:47.144321 [info ] [MainThread]: Concurrency: 1 threads (target='dev')
[0m07:55:47.144900 [info ] [MainThread]: 
[0m07:55:47.145880 [debug] [MainThread]: Acquiring new postgres connection 'master'
[0m07:55:47.152543 [debug] [ThreadPool]: Acquiring new postgres connection 'list_airflow'
[0m07:55:47.213421 [debug] [ThreadPool]: Using postgres connection "list_airflow"
[0m07:55:47.214069 [debug] [ThreadPool]: On list_airflow: /* {"app": "dbt", "dbt_version": "1.12.5", "profile_name": "dbt-project", "target_name": "dev", "connection_name": "list_airflow"} */

    select distinct nspname from pg_namespace
  
[0m07:55:47.214612 [debug] [ThreadPool]: Opening a new connection, currently in state init
[0m07:55:47.222808 [debug] [ThreadPool]: SQL status: SELECT 6 in 0.008 seconds
[0m07:55:47.224821 [debug] [ThreadPool]: On list_airflow: Close
[0m07:55:47.227395 [debug] [ThreadPool]: Re-using an available connection from the pool (formerly list_airflow, now list_airflow_public)
[0m07:55:47.235604 [debug] [ThreadPool]: Using postgres connection "list_airflow_public"
[0m07:55:47.236283 [debug] [ThreadPool]: On list_airflow_public: /* {"app": "dbt", "dbt_version": "1.12.5", "profile_name": "dbt-project", "target_name": "dev", "connection_name": "list_airflow_public"} */
select
      'airflow' as database,
      tablename as name,
      schemaname as schema,
      'table' as type
    from pg_tables
    where schemaname ilike 'public'
    union all
    select
      'airflow' as database,
      viewname as name,
      schemaname as schema,
      'view' as type
    from pg_views
    where schemaname ilike 'public'
    union all
    select
      'airflow' as database,
      matviewname as name,
      schemaname as schema,
      'materialized_view' as type
    from pg_matviews
    where schemaname ilike 'public'
    union all
    select distinct
     'airflow' as database,
     proname as name,
     ns.nspname as schema,
     'function' as type
    from pg_proc
     join pg_namespace as ns on pronamespace = ns.oid
    where ns.nspname ilike 'public'
  
[0m07:55:47.236974 [debug] [ThreadPool]: Opening a new connection, currently in state closed
[0m07:55:47.247724 [debug] [ThreadPool]: SQL status: SELECT 53 in 0.011 seconds
[0m07:55:47.251986 [debug] [ThreadPool]: On list_airflow_public: ROLLBACK
[0m07:55:47.253267 [debug] [ThreadPool]: On list_airflow_public: Close
[0m07:55:47.270470 [debug] [MainThread]: Using postgres connection "master"
[0m07:55:47.271333 [debug] [MainThread]: On master: /* {"app": "dbt", "dbt_version": "1.12.5", "profile_name": "dbt-project", "target_name": "dev", "connection_name": "master"} */
select distinct
        dependent_namespace.nspname as dependent_schema,
        dependent_class.relname as dependent_name,
        referenced_namespace.nspname as referenced_schema,
        referenced_class.relname as referenced_name

    -- Query for views: views are entries in pg_class with an entry in pg_rewrite, but we avoid
    -- a seq scan on pg_rewrite by leveraging the fact there is an "internal" row in pg_depend for
    -- the view...
    from pg_class as dependent_class
    join pg_namespace as dependent_namespace on dependent_namespace.oid = dependent_class.relnamespace
    join pg_depend as dependent_depend on dependent_depend.refobjid = dependent_class.oid
        and dependent_depend.classid = 'pg_rewrite'::regclass
        and dependent_depend.refclassid = 'pg_class'::regclass
        and dependent_depend.deptype = 'i'

    -- ... and via pg_depend (that has a row per column, hence the need for "distinct" above, and
    -- making sure to exclude the internal row to avoid a view appearing to depend on itself)...
    join pg_depend as joining_depend on joining_depend.objid = dependent_depend.objid
        and joining_depend.classid = 'pg_rewrite'::regclass
        and joining_depend.refclassid = 'pg_class'::regclass
        and joining_depend.refobjid != dependent_depend.refobjid

    -- ... we can find the tables they query from in pg_class, but excluding system tables. Note we
    -- don't need need to exclude _dependent_ system tables, because they only query from other
    -- system tables, and so are automatically excluded by excluding _referenced_ system tables
    join pg_class as referenced_class on referenced_class.oid = joining_depend.refobjid
    join pg_namespace as referenced_namespace on referenced_namespace.oid = referenced_class.relnamespace
        and referenced_namespace.nspname != 'information_schema'
        and referenced_namespace.nspname not like 'pg\_%'

    order by
        dependent_schema, dependent_name, referenced_schema, referenced_name;
[0m07:55:47.272261 [debug] [MainThread]: Opening a new connection, currently in state init
[0m07:55:47.283616 [debug] [MainThread]: SQL status: SELECT 1 in 0.011 seconds
[0m07:55:47.286672 [debug] [MainThread]: Sending event: {'category': 'dbt', 'action': 'runnable_timing', 'label': '9c1d6fe0-825a-4852-83a5-47a45303d643', 'context': [<snowplow_tracker.self_describing_json.SelfDescribingJson object at 0x7f274817c440>]}
[0m07:55:47.287421 [debug] [MainThread]: On master: ROLLBACK
[0m07:55:47.288473 [debug] [MainThread]: On master: COMMIT
[0m07:55:47.288917 [debug] [MainThread]: Using postgres connection "master"
[0m07:55:47.289476 [debug] [MainThread]: On master: COMMIT
[0m07:55:47.290640 [debug] [MainThread]: SQL status: COMMIT in 0.001 seconds
[0m07:55:47.291226 [debug] [MainThread]: On master: Close
[0m07:55:47.298143 [debug] [Thread-1 (]: Began running node model.dbt_project.stg_transactions
[0m07:55:47.299519 [info ] [Thread-1 (]: 1 of 2 START sql view model public.stg_transactions ............................ [RUN]
[0m07:55:47.300484 [debug] [Thread-1 (]: Re-using an available connection from the pool (formerly list_airflow_public, now model.dbt_project.stg_transactions)
[0m07:55:47.301005 [debug] [Thread-1 (]: Began compiling node model.dbt_project.stg_transactions
[0m07:55:47.310130 [debug] [Thread-1 (]: Writing injected SQL for node "model.dbt_project.stg_transactions"
[0m07:55:47.311342 [debug] [Thread-1 (]: Began executing node model.dbt_project.stg_transactions
[0m07:55:47.370112 [debug] [Thread-1 (]: Writing runtime sql for node "model.dbt_project.stg_transactions"
[0m07:55:47.372077 [debug] [Thread-1 (]: Using postgres connection "model.dbt_project.stg_transactions"
[0m07:55:47.372907 [debug] [Thread-1 (]: On model.dbt_project.stg_transactions: /* {"app": "dbt", "dbt_version": "1.12.5", "profile_name": "dbt-project", "target_name": "dev", "node_id": "model.dbt_project.stg_transactions"} */

  create view "airflow"."public"."stg_transactions__dbt_tmp"
    
    
  as (
    

select
    transaction_id as id,
    transaction_date::date as date,
    product as product_name,
    amount::numeric as revenue
from "airflow"."public"."raw_transactions"
  );
[0m07:55:47.373508 [debug] [Thread-1 (]: Opening a new connection, currently in state closed
[0m07:55:47.382499 [debug] [Thread-1 (]: SQL status: CREATE VIEW in 0.008 seconds
[0m07:55:47.394017 [debug] [Thread-1 (]: Using postgres connection "model.dbt_project.stg_transactions"
[0m07:55:47.395008 [debug] [Thread-1 (]: On model.dbt_project.stg_transactions: /* {"app": "dbt", "dbt_version": "1.12.5", "profile_name": "dbt-project", "target_name": "dev", "node_id": "model.dbt_project.stg_transactions"} */
alter table "airflow"."public"."stg_transactions" rename to "stg_transactions__dbt_backup"
[0m07:55:47.396697 [debug] [Thread-1 (]: SQL status: ALTER TABLE in 0.001 seconds
[0m07:55:47.400449 [debug] [Thread-1 (]: Using postgres connection "model.dbt_project.stg_transactions"
[0m07:55:47.401103 [debug] [Thread-1 (]: On model.dbt_project.stg_transactions: /* {"app": "dbt", "dbt_version": "1.12.5", "profile_name": "dbt-project", "target_name": "dev", "node_id": "model.dbt_project.stg_transactions"} */
alter table "airflow"."public"."stg_transactions__dbt_tmp" rename to "stg_transactions"
[0m07:55:47.402543 [debug] [Thread-1 (]: SQL status: ALTER TABLE in 0.001 seconds
[0m07:55:47.437330 [debug] [Thread-1 (]: On model.dbt_project.stg_transactions: COMMIT
[0m07:55:47.438505 [debug] [Thread-1 (]: Using postgres connection "model.dbt_project.stg_transactions"
[0m07:55:47.439141 [debug] [Thread-1 (]: On model.dbt_project.stg_transactions: COMMIT
[0m07:55:47.441121 [debug] [Thread-1 (]: SQL status: COMMIT in 0.001 seconds
[0m07:55:47.450979 [debug] [Thread-1 (]: Applying DROP to: "airflow"."public"."stg_transactions__dbt_backup"
[0m07:55:47.460315 [debug] [Thread-1 (]: Using postgres connection "model.dbt_project.stg_transactions"
[0m07:55:47.461142 [debug] [Thread-1 (]: On model.dbt_project.stg_transactions: /* {"app": "dbt", "dbt_version": "1.12.5", "profile_name": "dbt-project", "target_name": "dev", "node_id": "model.dbt_project.stg_transactions"} */
drop view if exists "airflow"."public"."stg_transactions__dbt_backup" cascade
[0m07:55:47.484776 [debug] [Thread-1 (]: SQL status: DROP VIEW in 0.023 seconds
[0m07:55:47.489379 [debug] [Thread-1 (]: On model.dbt_project.stg_transactions: Close
[0m07:55:47.492545 [debug] [Thread-1 (]: Sending event: {'category': 'dbt', 'action': 'run_model', 'label': '9c1d6fe0-825a-4852-83a5-47a45303d643', 'context': [<snowplow_tracker.self_describing_json.SelfDescribingJson object at 0x7f274b6e1a90>]}
[0m07:55:47.494123 [info ] [Thread-1 (]: 1 of 2 OK created sql view model public.stg_transactions ....................... [[32mCREATE VIEW[0m in 0.19s]
[0m07:55:47.495741 [debug] [Thread-1 (]: Finished running node model.dbt_project.stg_transactions
[0m07:55:47.498428 [debug] [Thread-1 (]: Began running node model.dbt_project.mart_daily_sales
[0m07:55:47.499662 [info ] [Thread-1 (]: 2 of 2 START sql table model public.mart_daily_sales ........................... [RUN]
[0m07:55:47.501011 [debug] [Thread-1 (]: Re-using an available connection from the pool (formerly model.dbt_project.stg_transactions, now model.dbt_project.mart_daily_sales)
[0m07:55:47.501987 [debug] [Thread-1 (]: Began compiling node model.dbt_project.mart_daily_sales
[0m07:55:47.506895 [debug] [Thread-1 (]: Writing injected SQL for node "model.dbt_project.mart_daily_sales"
[0m07:55:47.509813 [debug] [Thread-1 (]: Began executing node model.dbt_project.mart_daily_sales
[0m07:55:47.556769 [debug] [Thread-1 (]: Writing runtime sql for node "model.dbt_project.mart_daily_sales"
[0m07:55:47.558472 [debug] [Thread-1 (]: Using postgres connection "model.dbt_project.mart_daily_sales"
[0m07:55:47.559228 [debug] [Thread-1 (]: On model.dbt_project.mart_daily_sales: /* {"app": "dbt", "dbt_version": "1.12.5", "profile_name": "dbt-project", "target_name": "dev", "node_id": "model.dbt_project.mart_daily_sales"} */

  
    

  create  table "airflow"."public"."mart_daily_sales__dbt_tmp"
  
  
    as
  
  (
    

select
    date as sales_date,
    count(id) as total_transactions,
    sum(revenue) as total_revenue
from "airflow"."public"."stg_transactions"
group by 1
  );
  
[0m07:55:47.560075 [debug] [Thread-1 (]: Opening a new connection, currently in state closed
[0m07:55:47.575933 [debug] [Thread-1 (]: SQL status: SELECT 2 in 0.016 seconds
[0m07:55:47.591205 [debug] [Thread-1 (]: Using postgres connection "model.dbt_project.mart_daily_sales"
[0m07:55:47.592384 [debug] [Thread-1 (]: On model.dbt_project.mart_daily_sales: /* {"app": "dbt", "dbt_version": "1.12.5", "profile_name": "dbt-project", "target_name": "dev", "node_id": "model.dbt_project.mart_daily_sales"} */
alter table "airflow"."public"."mart_daily_sales" rename to "mart_daily_sales__dbt_backup"
[0m07:55:47.593768 [debug] [Thread-1 (]: SQL status: ALTER TABLE in 0.001 seconds
[0m07:55:47.600214 [debug] [Thread-1 (]: Using postgres connection "model.dbt_project.mart_daily_sales"
[0m07:55:47.601384 [debug] [Thread-1 (]: On model.dbt_project.mart_daily_sales: /* {"app": "dbt", "dbt_version": "1.12.5", "profile_name": "dbt-project", "target_name": "dev", "node_id": "model.dbt_project.mart_daily_sales"} */
alter table "airflow"."public"."mart_daily_sales__dbt_tmp" rename to "mart_daily_sales"
[0m07:55:47.606514 [debug] [Thread-1 (]: SQL status: ALTER TABLE in 0.004 seconds
[0m07:55:47.613772 [debug] [Thread-1 (]: On model.dbt_project.mart_daily_sales: COMMIT
[0m07:55:47.614726 [debug] [Thread-1 (]: Using postgres connection "model.dbt_project.mart_daily_sales"
[0m07:55:47.615325 [debug] [Thread-1 (]: On model.dbt_project.mart_daily_sales: COMMIT
[0m07:55:47.617950 [debug] [Thread-1 (]: SQL status: COMMIT in 0.001 seconds
[0m07:55:47.622232 [debug] [Thread-1 (]: Applying DROP to: "airflow"."public"."mart_daily_sales__dbt_backup"
[0m07:55:47.628872 [debug] [Thread-1 (]: Using postgres connection "model.dbt_project.mart_daily_sales"
[0m07:55:47.630173 [debug] [Thread-1 (]: On model.dbt_project.mart_daily_sales: /* {"app": "dbt", "dbt_version": "1.12.5", "profile_name": "dbt-project", "target_name": "dev", "node_id": "model.dbt_project.mart_daily_sales"} */
drop table if exists "airflow"."public"."mart_daily_sales__dbt_backup" cascade
[0m07:55:47.634594 [debug] [Thread-1 (]: SQL status: DROP TABLE in 0.003 seconds
[0m07:55:47.637759 [debug] [Thread-1 (]: On model.dbt_project.mart_daily_sales: Close
[0m07:55:47.639969 [debug] [Thread-1 (]: Sending event: {'category': 'dbt', 'action': 'run_model', 'label': '9c1d6fe0-825a-4852-83a5-47a45303d643', 'context': [<snowplow_tracker.self_describing_json.SelfDescribingJson object at 0x7f27462cb9b0>]}
[0m07:55:47.642055 [info ] [Thread-1 (]: 2 of 2 OK created sql table model public.mart_daily_sales ...................... [[32mSELECT 2[0m in 0.14s]
[0m07:55:47.643511 [debug] [Thread-1 (]: Finished running node model.dbt_project.mart_daily_sales
[0m07:55:47.647274 [debug] [MainThread]: On master: COMMIT
[0m07:55:47.648417 [debug] [MainThread]: Using postgres connection "master"
[0m07:55:47.649695 [debug] [MainThread]: On master: COMMIT
[0m07:55:47.650983 [debug] [MainThread]: Opening a new connection, currently in state closed
[0m07:55:47.671802 [debug] [MainThread]: SQL status: COMMIT in 0.020 seconds
[0m07:55:47.673370 [debug] [MainThread]: On master: Close
[0m07:55:47.680564 [debug] [MainThread]: Connection 'master' was properly closed.
[0m07:55:47.682132 [debug] [MainThread]: Connection 'model.dbt_project.mart_daily_sales' was properly closed.
[0m07:55:47.683888 [info ] [MainThread]: 
[0m07:55:47.685550 [info ] [MainThread]: Finished running 1 table model, 1 view model in 0 hours 0 minutes and 0.54 seconds (0.54s).
[0m07:55:47.689427 [debug] [MainThread]: Command end result
[0m07:55:47.797849 [debug] [MainThread]: Wrote artifact WritableManifest to /opt/airflow/dags/dbt-project/target/manifest.json
[0m07:55:47.801980 [debug] [MainThread]: Wrote artifact SemanticManifest to /opt/airflow/dags/dbt-project/target/semantic_manifest.json
[0m07:55:47.805860 [debug] [MainThread]: Wrote artifact OsiDocument to /opt/airflow/dags/dbt-project/target/osi_document.json
[0m07:55:47.821208 [debug] [MainThread]: Wrote artifact RunExecutionResult to /opt/airflow/dags/dbt-project/target/run_results.json
[0m07:55:47.822058 [info ] [MainThread]: 
[0m07:55:47.823118 [info ] [MainThread]: [32mCompleted successfully[0m
[0m07:55:47.823893 [info ] [MainThread]: 
[0m07:55:47.824896 [info ] [MainThread]: Done. PASS=2 WARN=0 ERROR=0 SKIP=0 NO-OP=0 REUSED=0 TOTAL=2
[0m07:55:47.826198 [warn ] [MainThread]: [[33mWARNING[0m][DeprecationsSummary]: Deprecated functionality
Summary of encountered deprecations:
- ConfigSourcePathDeprecation: 1 occurrence
- ConfigDataPathDeprecation: 1 occurrence
To see all deprecation instances instead of just the first occurrence of each,
run command again with the `--show-all-deprecations` flag. You may also need to
run with `--no-partial-parse` as some deprecations are only encountered during
parsing.
[0m07:55:47.827995 [debug] [MainThread]: Resource report: {"command_name": "run", "command_success": true, "command_wall_clock_time": 1.9858212, "process_in_blocks": "0", "process_kernel_time": 0.506798, "process_mem_max_rss": "135280", "process_out_blocks": "2248", "process_user_time": 4.201802}
[0m07:55:47.829056 [debug] [MainThread]: Command `dbt run` succeeded at 07:55:47.828893 after 1.99 seconds
[0m07:55:47.829806 [debug] [MainThread]: Sending event: {'category': 'dbt', 'action': 'invocation', 'label': 'end', 'context': [<snowplow_tracker.self_describing_json.SelfDescribingJson object at 0x7f2749d67ce0>, <snowplow_tracker.self_describing_json.SelfDescribingJson object at 0x7f27481cf4a0>, <snowplow_tracker.self_describing_json.SelfDescribingJson object at 0x7f2747d0be60>]}
[0m07:55:47.830554 [debug] [MainThread]: Flushing usage events
[0m07:55:48.798582 [debug] [MainThread]: An error was encountered while trying to flush usage events
[0m07:59:35.087512 [debug] [MainThread]: Sending event: {'category': 'dbt', 'action': 'invocation', 'label': 'start', 'context': [<snowplow_tracker.self_describing_json.SelfDescribingJson object at 0x7fb90feb2c60>, <snowplow_tracker.self_describing_json.SelfDescribingJson object at 0x7fb910660f80>, <snowplow_tracker.self_describing_json.SelfDescribingJson object at 0x7fb90ef405c0>]}


============================== 07:59:35.096608 | 25fe08c6-689a-4ef8-a693-e72d5d6072b9 ==============================
[0m07:59:35.096608 [info ] [MainThread]: Running with dbt=1.12.5
[0m07:59:35.097341 [debug] [MainThread]: running dbt with arguments {'target_path': 'None', 'cache_selected_only': 'False', 'use_experimental_parser': 'False', 'invocation_command': 'dbt seed --profiles-dir /opt/airflow/dags/dbt-project', 'no_print': 'None', 'fail_fast': 'False', 'log_path': '/opt/airflow/dags/dbt-project/logs', 'maximum_seed_size_mib': '1', 'static_parser': 'True', 'warn_error': 'None', 'profiles_dir': '/opt/airflow/dags/dbt-project', 'indirect_selection': 'eager', 'warn_error_options': 'WarnErrorOptionsV2(error=[], warn=[], silence=[])', 'write_json': 'True', 'send_anonymous_usage_stats': 'True', 'printer_width': '80', 'log_cache_events': 'False', 'use_colors': 'True', 'log_format': 'default', 'partial_parse': 'True', 'hints_enabled': 'True', 'version_check': 'True', 'empty': 'False', 'quiet': 'False', 'debug': 'False', 'introspect': 'True'}
[0m07:59:35.182388 [warn ] [MainThread]: [[33mWARNING[0m]: Deprecated functionality
The `source-paths` config has been renamed to `model-paths`. Please update your
`dbt_project.yml` configuration to reflect this change.
[0m07:59:35.183510 [debug] [MainThread]: Sending event: {'category': 'dbt', 'action': 'deprecation', 'label': '25fe08c6-689a-4ef8-a693-e72d5d6072b9', 'property_': 'warn', 'context': [<snowplow_tracker.self_describing_json.SelfDescribingJson object at 0x7fb90feb2a80>]}
[0m07:59:35.184171 [warn ] [MainThread]: [[33mWARNING[0m]: Deprecated functionality
The `data-paths` config has been renamed to `seed-paths`. Please update your
`dbt_project.yml` configuration to reflect this change.
[0m07:59:35.184771 [debug] [MainThread]: Sending event: {'category': 'dbt', 'action': 'deprecation', 'label': '25fe08c6-689a-4ef8-a693-e72d5d6072b9', 'property_': 'warn', 'context': [<snowplow_tracker.self_describing_json.SelfDescribingJson object at 0x7fb90feb2a80>]}
[0m07:59:35.379105 [debug] [MainThread]: Sending event: {'category': 'dbt', 'action': 'project_id', 'label': '25fe08c6-689a-4ef8-a693-e72d5d6072b9', 'context': [<snowplow_tracker.self_describing_json.SelfDescribingJson object at 0x7fb90db44500>]}
[0m07:59:35.540854 [debug] [MainThread]: Sending event: {'category': 'dbt', 'action': 'adapter_info', 'label': '25fe08c6-689a-4ef8-a693-e72d5d6072b9', 'context': [<snowplow_tracker.self_describing_json.SelfDescribingJson object at 0x7fb90ef43680>]}
[0m07:59:35.542985 [info ] [MainThread]: Registered adapter: postgres=1.11.0
[0m07:59:35.741034 [debug] [MainThread]: checksum: b29d9af8eaaa65115adbe4e5d45ac72f370e925f7ab69b36ae2aaa99f6869c57, vars: {}, profile: dbt-project, target: dev, version: 1.12.5
[0m07:59:35.896560 [debug] [MainThread]: Partial parsing enabled: 0 files deleted, 0 files added, 0 files changed.
[0m07:59:35.897224 [debug] [MainThread]: Nothing changed, skipping partial parsing.
[0m07:59:35.897674 [debug] [MainThread]: Partial parsing enabled, no changes found, skipping parsing
[0m07:59:35.910899 [debug] [MainThread]: Sending event: {'category': 'dbt', 'action': 'load_project', 'label': '25fe08c6-689a-4ef8-a693-e72d5d6072b9', 'context': [<snowplow_tracker.self_describing_json.SelfDescribingJson object at 0x7fb90bb7ff50>]}
[0m07:59:36.059600 [debug] [MainThread]: Wrote artifact WritableManifest to /opt/airflow/dags/dbt-project/target/manifest.json
[0m07:59:36.063054 [debug] [MainThread]: Wrote artifact SemanticManifest to /opt/airflow/dags/dbt-project/target/semantic_manifest.json
[0m07:59:36.081024 [debug] [MainThread]: Wrote artifact OsiDocument to /opt/airflow/dags/dbt-project/target/osi_document.json
[0m07:59:36.099603 [debug] [MainThread]: Sending event: {'category': 'dbt', 'action': 'resource_counts', 'label': '25fe08c6-689a-4ef8-a693-e72d5d6072b9', 'context': [<snowplow_tracker.self_describing_json.SelfDescribingJson object at 0x7fb90bbde090>]}
[0m07:59:36.100481 [info ] [MainThread]: Found 3 models, 1 seed, 477 macros
[0m07:59:36.101159 [debug] [MainThread]: Sending event: {'category': 'dbt', 'action': 'runnable_timing', 'label': '25fe08c6-689a-4ef8-a693-e72d5d6072b9', 'context': [<snowplow_tracker.self_describing_json.SelfDescribingJson object at 0x7fb90f79be60>]}
[0m07:59:36.103945 [info ] [MainThread]: 
[0m07:59:36.104670 [info ] [MainThread]: Concurrency: 1 threads (target='dev')
[0m07:59:36.105150 [info ] [MainThread]: 
[0m07:59:36.106262 [debug] [MainThread]: Acquiring new postgres connection 'master'
[0m07:59:36.107759 [debug] [ThreadPool]: Acquiring new postgres connection 'list_airflow'
[0m07:59:36.159295 [debug] [ThreadPool]: Using postgres connection "list_airflow"
[0m07:59:36.159825 [debug] [ThreadPool]: On list_airflow: /* {"app": "dbt", "dbt_version": "1.12.5", "profile_name": "dbt-project", "target_name": "dev", "connection_name": "list_airflow"} */

    select distinct nspname from pg_namespace
  
[0m07:59:36.160275 [debug] [ThreadPool]: Opening a new connection, currently in state init
[0m07:59:36.167043 [debug] [ThreadPool]: SQL status: SELECT 6 in 0.007 seconds
[0m07:59:36.168698 [debug] [ThreadPool]: On list_airflow: Close
[0m07:59:36.175526 [debug] [ThreadPool]: Re-using an available connection from the pool (formerly list_airflow, now list_airflow_public)
[0m07:59:36.181871 [debug] [ThreadPool]: Using postgres connection "list_airflow_public"
[0m07:59:36.182544 [debug] [ThreadPool]: On list_airflow_public: /* {"app": "dbt", "dbt_version": "1.12.5", "profile_name": "dbt-project", "target_name": "dev", "connection_name": "list_airflow_public"} */
select
      'airflow' as database,
      tablename as name,
      schemaname as schema,
      'table' as type
    from pg_tables
    where schemaname ilike 'public'
    union all
    select
      'airflow' as database,
      viewname as name,
      schemaname as schema,
      'view' as type
    from pg_views
    where schemaname ilike 'public'
    union all
    select
      'airflow' as database,
      matviewname as name,
      schemaname as schema,
      'materialized_view' as type
    from pg_matviews
    where schemaname ilike 'public'
    union all
    select distinct
     'airflow' as database,
     proname as name,
     ns.nspname as schema,
     'function' as type
    from pg_proc
     join pg_namespace as ns on pronamespace = ns.oid
    where ns.nspname ilike 'public'
  
[0m07:59:36.182984 [debug] [ThreadPool]: Opening a new connection, currently in state closed
[0m07:59:36.193195 [debug] [ThreadPool]: SQL status: SELECT 53 in 0.010 seconds
[0m07:59:36.196664 [debug] [ThreadPool]: On list_airflow_public: ROLLBACK
[0m07:59:36.197693 [debug] [ThreadPool]: On list_airflow_public: Close
[0m07:59:36.213000 [debug] [MainThread]: Using postgres connection "master"
[0m07:59:36.213813 [debug] [MainThread]: On master: /* {"app": "dbt", "dbt_version": "1.12.5", "profile_name": "dbt-project", "target_name": "dev", "connection_name": "master"} */
select distinct
        dependent_namespace.nspname as dependent_schema,
        dependent_class.relname as dependent_name,
        referenced_namespace.nspname as referenced_schema,
        referenced_class.relname as referenced_name

    -- Query for views: views are entries in pg_class with an entry in pg_rewrite, but we avoid
    -- a seq scan on pg_rewrite by leveraging the fact there is an "internal" row in pg_depend for
    -- the view...
    from pg_class as dependent_class
    join pg_namespace as dependent_namespace on dependent_namespace.oid = dependent_class.relnamespace
    join pg_depend as dependent_depend on dependent_depend.refobjid = dependent_class.oid
        and dependent_depend.classid = 'pg_rewrite'::regclass
        and dependent_depend.refclassid = 'pg_class'::regclass
        and dependent_depend.deptype = 'i'

    -- ... and via pg_depend (that has a row per column, hence the need for "distinct" above, and
    -- making sure to exclude the internal row to avoid a view appearing to depend on itself)...
    join pg_depend as joining_depend on joining_depend.objid = dependent_depend.objid
        and joining_depend.classid = 'pg_rewrite'::regclass
        and joining_depend.refclassid = 'pg_class'::regclass
        and joining_depend.refobjid != dependent_depend.refobjid

    -- ... we can find the tables they query from in pg_class, but excluding system tables. Note we
    -- don't need need to exclude _dependent_ system tables, because they only query from other
    -- system tables, and so are automatically excluded by excluding _referenced_ system tables
    join pg_class as referenced_class on referenced_class.oid = joining_depend.refobjid
    join pg_namespace as referenced_namespace on referenced_namespace.oid = referenced_class.relnamespace
        and referenced_namespace.nspname != 'information_schema'
        and referenced_namespace.nspname not like 'pg\_%'

    order by
        dependent_schema, dependent_name, referenced_schema, referenced_name;
[0m07:59:36.214390 [debug] [MainThread]: Opening a new connection, currently in state init
[0m07:59:36.225792 [debug] [MainThread]: SQL status: SELECT 1 in 0.011 seconds
[0m07:59:36.229523 [debug] [MainThread]: Sending event: {'category': 'dbt', 'action': 'runnable_timing', 'label': '25fe08c6-689a-4ef8-a693-e72d5d6072b9', 'context': [<snowplow_tracker.self_describing_json.SelfDescribingJson object at 0x7fb90cb58b00>]}
[0m07:59:36.230442 [debug] [MainThread]: On master: ROLLBACK
[0m07:59:36.231496 [debug] [MainThread]: On master: COMMIT
[0m07:59:36.231947 [debug] [MainThread]: Using postgres connection "master"
[0m07:59:36.232418 [debug] [MainThread]: On master: COMMIT
[0m07:59:36.233408 [debug] [MainThread]: SQL status: COMMIT in 0.001 seconds
[0m07:59:36.233912 [debug] [MainThread]: On master: Close
[0m07:59:36.240941 [debug] [Thread-1 (]: Began running node seed.dbt_project.raw_transactions
[0m07:59:36.241916 [info ] [Thread-1 (]: 1 of 1 START seed file public.raw_transactions ................................. [RUN]
[0m07:59:36.242630 [debug] [Thread-1 (]: Re-using an available connection from the pool (formerly list_airflow_public, now seed.dbt_project.raw_transactions)
[0m07:59:36.243053 [debug] [Thread-1 (]: Began compiling node seed.dbt_project.raw_transactions
[0m07:59:36.243631 [debug] [Thread-1 (]: Began executing node seed.dbt_project.raw_transactions
[0m07:59:36.284299 [debug] [Thread-1 (]: Using postgres connection "seed.dbt_project.raw_transactions"
[0m07:59:36.284960 [debug] [Thread-1 (]: On seed.dbt_project.raw_transactions: /* {"app": "dbt", "dbt_version": "1.12.5", "profile_name": "dbt-project", "target_name": "dev", "node_id": "seed.dbt_project.raw_transactions"} */
truncate table "airflow"."public"."raw_transactions"
[0m07:59:36.285530 [debug] [Thread-1 (]: Opening a new connection, currently in state closed
[0m07:59:36.293872 [debug] [Thread-1 (]: SQL status: TRUNCATE TABLE in 0.008 seconds
[0m07:59:36.317328 [debug] [Thread-1 (]: Using postgres connection "seed.dbt_project.raw_transactions"
[0m07:59:36.317891 [debug] [Thread-1 (]: On seed.dbt_project.raw_transactions: 
          insert into "airflow"."public"."raw_transactions" ("transaction_id", "transaction_date", "product", "amount") values
          (%s,%s,%s,%s),(%s,%s,%s,%s),(%s,%s,%s,%s),(%s,%s,%s,%s),(%s,%s,%s,%s)
      ...
[0m07:59:36.319275 [debug] [Thread-1 (]: SQL status: INSERT 0 5 in 0.001 seconds
[0m07:59:36.326700 [debug] [Thread-1 (]: Writing runtime SQL for node "seed.dbt_project.raw_transactions"
[0m07:59:36.348628 [debug] [Thread-1 (]: On seed.dbt_project.raw_transactions: COMMIT
[0m07:59:36.349561 [debug] [Thread-1 (]: Using postgres connection "seed.dbt_project.raw_transactions"
[0m07:59:36.350259 [debug] [Thread-1 (]: On seed.dbt_project.raw_transactions: COMMIT
[0m07:59:36.352207 [debug] [Thread-1 (]: SQL status: COMMIT in 0.001 seconds
[0m07:59:36.354786 [debug] [Thread-1 (]: On seed.dbt_project.raw_transactions: Close
[0m07:59:36.356633 [debug] [Thread-1 (]: Sending event: {'category': 'dbt', 'action': 'run_model', 'label': '25fe08c6-689a-4ef8-a693-e72d5d6072b9', 'context': [<snowplow_tracker.self_describing_json.SelfDescribingJson object at 0x7fb910129c40>]}
[0m07:59:36.357313 [info ] [Thread-1 (]: 1 of 1 OK loaded seed file public.raw_transactions ............................. [[32mINSERT 5[0m in 0.11s]
[0m07:59:36.358469 [debug] [Thread-1 (]: Finished running node seed.dbt_project.raw_transactions
[0m07:59:36.362541 [debug] [MainThread]: On master: COMMIT
[0m07:59:36.363498 [debug] [MainThread]: Using postgres connection "master"
[0m07:59:36.364040 [debug] [MainThread]: On master: COMMIT
[0m07:59:36.364586 [debug] [MainThread]: Opening a new connection, currently in state closed
[0m07:59:36.371126 [debug] [MainThread]: SQL status: COMMIT in 0.006 seconds
[0m07:59:36.372079 [debug] [MainThread]: On master: Close
[0m07:59:36.373392 [debug] [MainThread]: Connection 'master' was properly closed.
[0m07:59:36.373919 [debug] [MainThread]: Connection 'seed.dbt_project.raw_transactions' was properly closed.
[0m07:59:36.374562 [info ] [MainThread]: 
[0m07:59:36.375153 [info ] [MainThread]: Finished running 1 seed in 0 hours 0 minutes and 0.27 seconds (0.27s).
[0m07:59:36.376424 [debug] [MainThread]: Command end result
[0m07:59:36.428429 [debug] [MainThread]: Wrote artifact WritableManifest to /opt/airflow/dags/dbt-project/target/manifest.json
[0m07:59:36.432756 [debug] [MainThread]: Wrote artifact SemanticManifest to /opt/airflow/dags/dbt-project/target/semantic_manifest.json
[0m07:59:36.436975 [debug] [MainThread]: Wrote artifact OsiDocument to /opt/airflow/dags/dbt-project/target/osi_document.json
[0m07:59:36.450192 [debug] [MainThread]: Wrote artifact RunExecutionResult to /opt/airflow/dags/dbt-project/target/run_results.json
[0m07:59:36.450948 [info ] [MainThread]: 
[0m07:59:36.451946 [info ] [MainThread]: [32mCompleted successfully[0m
[0m07:59:36.452586 [info ] [MainThread]: 
[0m07:59:36.453118 [info ] [MainThread]: Done. PASS=1 WARN=0 ERROR=0 SKIP=0 NO-OP=0 REUSED=0 TOTAL=1
[0m07:59:36.454026 [warn ] [MainThread]: [[33mWARNING[0m][DeprecationsSummary]: Deprecated functionality
Summary of encountered deprecations:
- ConfigSourcePathDeprecation: 1 occurrence
- ConfigDataPathDeprecation: 1 occurrence
To see all deprecation instances instead of just the first occurrence of each,
run command again with the `--show-all-deprecations` flag. You may also need to
run with `--no-partial-parse` as some deprecations are only encountered during
parsing.
[0m07:59:36.455480 [debug] [MainThread]: Resource report: {"command_name": "seed", "command_success": true, "command_wall_clock_time": 1.4826818, "process_in_blocks": "0", "process_kernel_time": 0.457635, "process_mem_max_rss": "135020", "process_out_blocks": "2216", "process_user_time": 3.62322}
[0m07:59:36.456083 [debug] [MainThread]: Command `dbt seed` succeeded at 07:59:36.455964 after 1.48 seconds
[0m07:59:36.456756 [debug] [MainThread]: Sending event: {'category': 'dbt', 'action': 'invocation', 'label': 'end', 'context': [<snowplow_tracker.self_describing_json.SelfDescribingJson object at 0x7fb90eee0ad0>, <snowplow_tracker.self_describing_json.SelfDescribingJson object at 0x7fb90dca0b00>, <snowplow_tracker.self_describing_json.SelfDescribingJson object at 0x7fb90cbbaf00>]}
[0m07:59:36.457336 [debug] [MainThread]: Flushing usage events
[0m07:59:37.513600 [debug] [MainThread]: An error was encountered while trying to flush usage events
[0m07:59:43.423783 [debug] [MainThread]: Sending event: {'category': 'dbt', 'action': 'invocation', 'label': 'start', 'context': [<snowplow_tracker.self_describing_json.SelfDescribingJson object at 0x7f990b139b20>, <snowplow_tracker.self_describing_json.SelfDescribingJson object at 0x7f990b138ce0>, <snowplow_tracker.self_describing_json.SelfDescribingJson object at 0x7f990b1399a0>]}


============================== 07:59:43.433198 | f4f73260-df1f-47c9-add4-dac6b7d51682 ==============================
[0m07:59:43.433198 [info ] [MainThread]: Running with dbt=1.12.5
[0m07:59:43.434393 [debug] [MainThread]: running dbt with arguments {'hints_enabled': 'True', 'introspect': 'True', 'log_cache_events': 'False', 'target_path': 'None', 'quiet': 'False', 'no_print': 'None', 'maximum_seed_size_mib': '1', 'empty': 'False', 'debug': 'False', 'use_experimental_parser': 'False', 'log_format': 'default', 'send_anonymous_usage_stats': 'True', 'write_json': 'True', 'invocation_command': 'dbt run --select +mart_daily_sales --profiles-dir /opt/airflow/dags/dbt-project', 'partial_parse': 'True', 'log_path': '/opt/airflow/dags/dbt-project/logs', 'static_parser': 'True', 'warn_error_options': 'WarnErrorOptionsV2(error=[], warn=[], silence=[])', 'warn_error': 'None', 'fail_fast': 'False', 'cache_selected_only': 'False', 'indirect_selection': 'eager', 'use_colors': 'True', 'version_check': 'True', 'printer_width': '80', 'profiles_dir': '/opt/airflow/dags/dbt-project'}
[0m07:59:43.528418 [warn ] [MainThread]: [[33mWARNING[0m]: Deprecated functionality
The `source-paths` config has been renamed to `model-paths`. Please update your
`dbt_project.yml` configuration to reflect this change.
[0m07:59:43.529363 [debug] [MainThread]: Sending event: {'category': 'dbt', 'action': 'deprecation', 'label': 'f4f73260-df1f-47c9-add4-dac6b7d51682', 'property_': 'warn', 'context': [<snowplow_tracker.self_describing_json.SelfDescribingJson object at 0x7f9908e608f0>]}
[0m07:59:43.530129 [warn ] [MainThread]: [[33mWARNING[0m]: Deprecated functionality
The `data-paths` config has been renamed to `seed-paths`. Please update your
`dbt_project.yml` configuration to reflect this change.
[0m07:59:43.530845 [debug] [MainThread]: Sending event: {'category': 'dbt', 'action': 'deprecation', 'label': 'f4f73260-df1f-47c9-add4-dac6b7d51682', 'property_': 'warn', 'context': [<snowplow_tracker.self_describing_json.SelfDescribingJson object at 0x7f9908e608f0>]}
[0m07:59:43.775851 [debug] [MainThread]: Sending event: {'category': 'dbt', 'action': 'project_id', 'label': 'f4f73260-df1f-47c9-add4-dac6b7d51682', 'context': [<snowplow_tracker.self_describing_json.SelfDescribingJson object at 0x7f99085bbdd0>]}
[0m07:59:43.939532 [debug] [MainThread]: Sending event: {'category': 'dbt', 'action': 'adapter_info', 'label': 'f4f73260-df1f-47c9-add4-dac6b7d51682', 'context': [<snowplow_tracker.self_describing_json.SelfDescribingJson object at 0x7f990a1e2db0>]}
[0m07:59:43.941485 [info ] [MainThread]: Registered adapter: postgres=1.11.0
[0m07:59:44.226813 [debug] [MainThread]: checksum: b29d9af8eaaa65115adbe4e5d45ac72f370e925f7ab69b36ae2aaa99f6869c57, vars: {}, profile: dbt-project, target: dev, version: 1.12.5
[0m07:59:44.527466 [debug] [MainThread]: Partial parsing enabled: 0 files deleted, 0 files added, 0 files changed.
[0m07:59:44.528735 [debug] [MainThread]: Nothing changed, skipping partial parsing.
[0m07:59:44.529275 [debug] [MainThread]: Partial parsing enabled, no changes found, skipping parsing
[0m07:59:44.550083 [debug] [MainThread]: Sending event: {'category': 'dbt', 'action': 'load_project', 'label': 'f4f73260-df1f-47c9-add4-dac6b7d51682', 'context': [<snowplow_tracker.self_describing_json.SelfDescribingJson object at 0x7f990b2b2720>]}
[0m07:59:44.759025 [debug] [MainThread]: Wrote artifact WritableManifest to /opt/airflow/dags/dbt-project/target/manifest.json
[0m07:59:44.763986 [debug] [MainThread]: Wrote artifact SemanticManifest to /opt/airflow/dags/dbt-project/target/semantic_manifest.json
[0m07:59:44.790774 [debug] [MainThread]: Wrote artifact OsiDocument to /opt/airflow/dags/dbt-project/target/osi_document.json
[0m07:59:44.824570 [debug] [MainThread]: Sending event: {'category': 'dbt', 'action': 'resource_counts', 'label': 'f4f73260-df1f-47c9-add4-dac6b7d51682', 'context': [<snowplow_tracker.self_describing_json.SelfDescribingJson object at 0x7f990718dbe0>]}
[0m07:59:44.825719 [info ] [MainThread]: Found 3 models, 1 seed, 477 macros
[0m07:59:44.826591 [debug] [MainThread]: Sending event: {'category': 'dbt', 'action': 'runnable_timing', 'label': 'f4f73260-df1f-47c9-add4-dac6b7d51682', 'context': [<snowplow_tracker.self_describing_json.SelfDescribingJson object at 0x7f9907179a90>]}
[0m07:59:44.829702 [info ] [MainThread]: 
[0m07:59:44.830486 [info ] [MainThread]: Concurrency: 1 threads (target='dev')
[0m07:59:44.831017 [info ] [MainThread]: 
[0m07:59:44.832016 [debug] [MainThread]: Acquiring new postgres connection 'master'
[0m07:59:44.843630 [debug] [ThreadPool]: Acquiring new postgres connection 'list_airflow'
[0m07:59:44.941252 [debug] [ThreadPool]: Using postgres connection "list_airflow"
[0m07:59:44.942068 [debug] [ThreadPool]: On list_airflow: /* {"app": "dbt", "dbt_version": "1.12.5", "profile_name": "dbt-project", "target_name": "dev", "connection_name": "list_airflow"} */

    select distinct nspname from pg_namespace
  
[0m07:59:44.942584 [debug] [ThreadPool]: Opening a new connection, currently in state init
[0m07:59:44.957383 [debug] [ThreadPool]: SQL status: SELECT 6 in 0.015 seconds
[0m07:59:44.959591 [debug] [ThreadPool]: On list_airflow: Close
[0m07:59:44.962521 [debug] [ThreadPool]: Re-using an available connection from the pool (formerly list_airflow, now list_airflow_public)
[0m07:59:44.972036 [debug] [ThreadPool]: Using postgres connection "list_airflow_public"
[0m07:59:44.972867 [debug] [ThreadPool]: On list_airflow_public: /* {"app": "dbt", "dbt_version": "1.12.5", "profile_name": "dbt-project", "target_name": "dev", "connection_name": "list_airflow_public"} */
select
      'airflow' as database,
      tablename as name,
      schemaname as schema,
      'table' as type
    from pg_tables
    where schemaname ilike 'public'
    union all
    select
      'airflow' as database,
      viewname as name,
      schemaname as schema,
      'view' as type
    from pg_views
    where schemaname ilike 'public'
    union all
    select
      'airflow' as database,
      matviewname as name,
      schemaname as schema,
      'materialized_view' as type
    from pg_matviews
    where schemaname ilike 'public'
    union all
    select distinct
     'airflow' as database,
     proname as name,
     ns.nspname as schema,
     'function' as type
    from pg_proc
     join pg_namespace as ns on pronamespace = ns.oid
    where ns.nspname ilike 'public'
  
[0m07:59:44.973854 [debug] [ThreadPool]: Opening a new connection, currently in state closed
[0m07:59:44.992918 [debug] [ThreadPool]: SQL status: SELECT 53 in 0.019 seconds
[0m07:59:44.996534 [debug] [ThreadPool]: On list_airflow_public: ROLLBACK
[0m07:59:44.997712 [debug] [ThreadPool]: On list_airflow_public: Close
[0m07:59:45.022830 [debug] [MainThread]: Using postgres connection "master"
[0m07:59:45.024367 [debug] [MainThread]: On master: /* {"app": "dbt", "dbt_version": "1.12.5", "profile_name": "dbt-project", "target_name": "dev", "connection_name": "master"} */
select distinct
        dependent_namespace.nspname as dependent_schema,
        dependent_class.relname as dependent_name,
        referenced_namespace.nspname as referenced_schema,
        referenced_class.relname as referenced_name

    -- Query for views: views are entries in pg_class with an entry in pg_rewrite, but we avoid
    -- a seq scan on pg_rewrite by leveraging the fact there is an "internal" row in pg_depend for
    -- the view...
    from pg_class as dependent_class
    join pg_namespace as dependent_namespace on dependent_namespace.oid = dependent_class.relnamespace
    join pg_depend as dependent_depend on dependent_depend.refobjid = dependent_class.oid
        and dependent_depend.classid = 'pg_rewrite'::regclass
        and dependent_depend.refclassid = 'pg_class'::regclass
        and dependent_depend.deptype = 'i'

    -- ... and via pg_depend (that has a row per column, hence the need for "distinct" above, and
    -- making sure to exclude the internal row to avoid a view appearing to depend on itself)...
    join pg_depend as joining_depend on joining_depend.objid = dependent_depend.objid
        and joining_depend.classid = 'pg_rewrite'::regclass
        and joining_depend.refclassid = 'pg_class'::regclass
        and joining_depend.refobjid != dependent_depend.refobjid

    -- ... we can find the tables they query from in pg_class, but excluding system tables. Note we
    -- don't need need to exclude _dependent_ system tables, because they only query from other
    -- system tables, and so are automatically excluded by excluding _referenced_ system tables
    join pg_class as referenced_class on referenced_class.oid = joining_depend.refobjid
    join pg_namespace as referenced_namespace on referenced_namespace.oid = referenced_class.relnamespace
        and referenced_namespace.nspname != 'information_schema'
        and referenced_namespace.nspname not like 'pg\_%'

    order by
        dependent_schema, dependent_name, referenced_schema, referenced_name;
[0m07:59:45.025034 [debug] [MainThread]: Opening a new connection, currently in state init
[0m07:59:45.038934 [debug] [MainThread]: SQL status: SELECT 1 in 0.014 seconds
[0m07:59:45.043389 [debug] [MainThread]: Sending event: {'category': 'dbt', 'action': 'runnable_timing', 'label': 'f4f73260-df1f-47c9-add4-dac6b7d51682', 'context': [<snowplow_tracker.self_describing_json.SelfDescribingJson object at 0x7f9908114cb0>]}
[0m07:59:45.044582 [debug] [MainThread]: On master: ROLLBACK
[0m07:59:45.045951 [debug] [MainThread]: On master: COMMIT
[0m07:59:45.046780 [debug] [MainThread]: Using postgres connection "master"
[0m07:59:45.047494 [debug] [MainThread]: On master: COMMIT
[0m07:59:45.048706 [debug] [MainThread]: SQL status: COMMIT in 0.001 seconds
[0m07:59:45.049684 [debug] [MainThread]: On master: Close
[0m07:59:45.058684 [debug] [Thread-1 (]: Began running node model.dbt_project.stg_transactions
[0m07:59:45.060283 [info ] [Thread-1 (]: 1 of 2 START sql view model public.stg_transactions ............................ [RUN]
[0m07:59:45.061449 [debug] [Thread-1 (]: Re-using an available connection from the pool (formerly list_airflow_public, now model.dbt_project.stg_transactions)
[0m07:59:45.062176 [debug] [Thread-1 (]: Began compiling node model.dbt_project.stg_transactions
[0m07:59:45.075021 [debug] [Thread-1 (]: Writing injected SQL for node "model.dbt_project.stg_transactions"
[0m07:59:45.076812 [debug] [Thread-1 (]: Began executing node model.dbt_project.stg_transactions
[0m07:59:45.105788 [debug] [MainThread]: Sending event: {'category': 'dbt', 'action': 'invocation', 'label': 'start', 'context': [<snowplow_tracker.self_describing_json.SelfDescribingJson object at 0x7f7fb9180410>, <snowplow_tracker.self_describing_json.SelfDescribingJson object at 0x7f7fb7021d30>, <snowplow_tracker.self_describing_json.SelfDescribingJson object at 0x7f7fb7020e00>]}


============================== 07:59:45.115493 | be6f842d-3559-415e-9e2d-4a104d450915 ==============================
[0m07:59:45.115493 [info ] [MainThread]: Running with dbt=1.12.5
[0m07:59:45.116997 [debug] [MainThread]: running dbt with arguments {'log_format': 'default', 'indirect_selection': 'eager', 'use_experimental_parser': 'False', 'quiet': 'False', 'log_path': '/opt/airflow/dags/dbt-project/logs', 'printer_width': '80', 'send_anonymous_usage_stats': 'True', 'use_colors': 'True', 'cache_selected_only': 'False', 'warn_error': 'None', 'write_json': 'True', 'log_cache_events': 'False', 'maximum_seed_size_mib': '1', 'fail_fast': 'False', 'profiles_dir': '/opt/airflow/dags/dbt-project', 'no_print': 'None', 'introspect': 'True', 'version_check': 'True', 'debug': 'False', 'empty': 'False', 'target_path': 'None', 'invocation_command': 'dbt seed --profiles-dir /opt/airflow/dags/dbt-project', 'static_parser': 'True', 'warn_error_options': 'WarnErrorOptionsV2(error=[], warn=[], silence=[])', 'partial_parse': 'True', 'hints_enabled': 'True'}
[0m07:59:45.139816 [debug] [Thread-1 (]: Writing runtime sql for node "model.dbt_project.stg_transactions"
[0m07:59:45.141713 [debug] [Thread-1 (]: Using postgres connection "model.dbt_project.stg_transactions"
[0m07:59:45.142602 [debug] [Thread-1 (]: On model.dbt_project.stg_transactions: /* {"app": "dbt", "dbt_version": "1.12.5", "profile_name": "dbt-project", "target_name": "dev", "node_id": "model.dbt_project.stg_transactions"} */

  create view "airflow"."public"."stg_transactions__dbt_tmp"
    
    
  as (
    

select
    transaction_id as id,
    transaction_date::date as date,
    product as product_name,
    amount::numeric as revenue
from "airflow"."public"."raw_transactions"
  );
[0m07:59:45.143149 [debug] [Thread-1 (]: Opening a new connection, currently in state closed
[0m07:59:45.152335 [debug] [Thread-1 (]: SQL status: CREATE VIEW in 0.009 seconds
[0m07:59:45.164313 [debug] [Thread-1 (]: Using postgres connection "model.dbt_project.stg_transactions"
[0m07:59:45.165495 [debug] [Thread-1 (]: On model.dbt_project.stg_transactions: /* {"app": "dbt", "dbt_version": "1.12.5", "profile_name": "dbt-project", "target_name": "dev", "node_id": "model.dbt_project.stg_transactions"} */
alter table "airflow"."public"."stg_transactions" rename to "stg_transactions__dbt_backup"
[0m07:59:45.167074 [debug] [Thread-1 (]: SQL status: ALTER TABLE in 0.001 seconds
[0m07:59:45.170750 [debug] [Thread-1 (]: Using postgres connection "model.dbt_project.stg_transactions"
[0m07:59:45.171361 [debug] [Thread-1 (]: On model.dbt_project.stg_transactions: /* {"app": "dbt", "dbt_version": "1.12.5", "profile_name": "dbt-project", "target_name": "dev", "node_id": "model.dbt_project.stg_transactions"} */
alter table "airflow"."public"."stg_transactions__dbt_tmp" rename to "stg_transactions"
[0m07:59:45.173291 [debug] [Thread-1 (]: SQL status: ALTER TABLE in 0.001 seconds
[0m07:59:45.203641 [debug] [Thread-1 (]: On model.dbt_project.stg_transactions: COMMIT
[0m07:59:45.204619 [debug] [Thread-1 (]: Using postgres connection "model.dbt_project.stg_transactions"
[0m07:59:45.205273 [debug] [Thread-1 (]: On model.dbt_project.stg_transactions: COMMIT
[0m07:59:45.207203 [debug] [Thread-1 (]: SQL status: COMMIT in 0.001 seconds
[0m07:59:45.217195 [debug] [Thread-1 (]: Applying DROP to: "airflow"."public"."stg_transactions__dbt_backup"
[0m07:59:45.218441 [warn ] [MainThread]: [[33mWARNING[0m]: Deprecated functionality
The `source-paths` config has been renamed to `model-paths`. Please update your
`dbt_project.yml` configuration to reflect this change.
[0m07:59:45.219322 [debug] [MainThread]: Sending event: {'category': 'dbt', 'action': 'deprecation', 'label': 'be6f842d-3559-415e-9e2d-4a104d450915', 'property_': 'warn', 'context': [<snowplow_tracker.self_describing_json.SelfDescribingJson object at 0x7f7fb57afbc0>]}
[0m07:59:45.220239 [warn ] [MainThread]: [[33mWARNING[0m]: Deprecated functionality
The `data-paths` config has been renamed to `seed-paths`. Please update your
`dbt_project.yml` configuration to reflect this change.
[0m07:59:45.221022 [debug] [MainThread]: Sending event: {'category': 'dbt', 'action': 'deprecation', 'label': 'be6f842d-3559-415e-9e2d-4a104d450915', 'property_': 'warn', 'context': [<snowplow_tracker.self_describing_json.SelfDescribingJson object at 0x7f7fb629c1d0>]}
[0m07:59:45.226975 [debug] [Thread-1 (]: Using postgres connection "model.dbt_project.stg_transactions"
[0m07:59:45.227840 [debug] [Thread-1 (]: On model.dbt_project.stg_transactions: /* {"app": "dbt", "dbt_version": "1.12.5", "profile_name": "dbt-project", "target_name": "dev", "node_id": "model.dbt_project.stg_transactions"} */
drop view if exists "airflow"."public"."stg_transactions__dbt_backup" cascade
[0m07:59:45.230747 [debug] [Thread-1 (]: SQL status: DROP VIEW in 0.002 seconds
[0m07:59:45.234907 [debug] [Thread-1 (]: On model.dbt_project.stg_transactions: Close
[0m07:59:45.237789 [debug] [Thread-1 (]: Sending event: {'category': 'dbt', 'action': 'run_model', 'label': 'f4f73260-df1f-47c9-add4-dac6b7d51682', 'context': [<snowplow_tracker.self_describing_json.SelfDescribingJson object at 0x7f990b391ca0>]}
[0m07:59:45.239068 [info ] [Thread-1 (]: 1 of 2 OK created sql view model public.stg_transactions ....................... [[32mCREATE VIEW[0m in 0.17s]
[0m07:59:45.240182 [debug] [Thread-1 (]: Finished running node model.dbt_project.stg_transactions
[0m07:59:45.241881 [debug] [Thread-1 (]: Began running node model.dbt_project.mart_daily_sales
[0m07:59:45.242721 [info ] [Thread-1 (]: 2 of 2 START sql table model public.mart_daily_sales ........................... [RUN]
[0m07:59:45.243567 [debug] [Thread-1 (]: Re-using an available connection from the pool (formerly model.dbt_project.stg_transactions, now model.dbt_project.mart_daily_sales)
[0m07:59:45.244074 [debug] [Thread-1 (]: Began compiling node model.dbt_project.mart_daily_sales
[0m07:59:45.247485 [debug] [Thread-1 (]: Writing injected SQL for node "model.dbt_project.mart_daily_sales"
[0m07:59:45.248789 [debug] [Thread-1 (]: Began executing node model.dbt_project.mart_daily_sales
[0m07:59:45.283374 [debug] [Thread-1 (]: Writing runtime sql for node "model.dbt_project.mart_daily_sales"
[0m07:59:45.285227 [debug] [Thread-1 (]: Using postgres connection "model.dbt_project.mart_daily_sales"
[0m07:59:45.285959 [debug] [Thread-1 (]: On model.dbt_project.mart_daily_sales: /* {"app": "dbt", "dbt_version": "1.12.5", "profile_name": "dbt-project", "target_name": "dev", "node_id": "model.dbt_project.mart_daily_sales"} */

  
    

  create  table "airflow"."public"."mart_daily_sales__dbt_tmp"
  
  
    as
  
  (
    

select
    date as sales_date,
    count(id) as total_transactions,
    sum(revenue) as total_revenue
from "airflow"."public"."stg_transactions"
group by 1
  );
  
[0m07:59:45.286635 [debug] [Thread-1 (]: Opening a new connection, currently in state closed
[0m07:59:45.298533 [debug] [Thread-1 (]: SQL status: SELECT 2 in 0.012 seconds
[0m07:59:45.310457 [debug] [Thread-1 (]: Using postgres connection "model.dbt_project.mart_daily_sales"
[0m07:59:45.311886 [debug] [Thread-1 (]: On model.dbt_project.mart_daily_sales: /* {"app": "dbt", "dbt_version": "1.12.5", "profile_name": "dbt-project", "target_name": "dev", "node_id": "model.dbt_project.mart_daily_sales"} */
alter table "airflow"."public"."mart_daily_sales" rename to "mart_daily_sales__dbt_backup"
[0m07:59:45.313502 [debug] [Thread-1 (]: SQL status: ALTER TABLE in 0.001 seconds
[0m07:59:45.318873 [debug] [Thread-1 (]: Using postgres connection "model.dbt_project.mart_daily_sales"
[0m07:59:45.319737 [debug] [Thread-1 (]: On model.dbt_project.mart_daily_sales: /* {"app": "dbt", "dbt_version": "1.12.5", "profile_name": "dbt-project", "target_name": "dev", "node_id": "model.dbt_project.mart_daily_sales"} */
alter table "airflow"."public"."mart_daily_sales__dbt_tmp" rename to "mart_daily_sales"
[0m07:59:45.321123 [debug] [Thread-1 (]: SQL status: ALTER TABLE in 0.001 seconds
[0m07:59:45.326670 [debug] [Thread-1 (]: On model.dbt_project.mart_daily_sales: COMMIT
[0m07:59:45.327832 [debug] [Thread-1 (]: Using postgres connection "model.dbt_project.mart_daily_sales"
[0m07:59:45.328896 [debug] [Thread-1 (]: On model.dbt_project.mart_daily_sales: COMMIT
[0m07:59:45.331394 [debug] [Thread-1 (]: SQL status: COMMIT in 0.001 seconds
[0m07:59:45.334825 [debug] [Thread-1 (]: Applying DROP to: "airflow"."public"."mart_daily_sales__dbt_backup"
[0m07:59:45.340755 [debug] [Thread-1 (]: Using postgres connection "model.dbt_project.mart_daily_sales"
[0m07:59:45.341686 [debug] [Thread-1 (]: On model.dbt_project.mart_daily_sales: /* {"app": "dbt", "dbt_version": "1.12.5", "profile_name": "dbt-project", "target_name": "dev", "node_id": "model.dbt_project.mart_daily_sales"} */
drop table if exists "airflow"."public"."mart_daily_sales__dbt_backup" cascade
[0m07:59:45.345518 [debug] [Thread-1 (]: SQL status: DROP TABLE in 0.003 seconds
[0m07:59:45.348667 [debug] [Thread-1 (]: On model.dbt_project.mart_daily_sales: Close
[0m07:59:45.350327 [debug] [Thread-1 (]: Sending event: {'category': 'dbt', 'action': 'run_model', 'label': 'f4f73260-df1f-47c9-add4-dac6b7d51682', 'context': [<snowplow_tracker.self_describing_json.SelfDescribingJson object at 0x7f9906050d10>]}
[0m07:59:45.351677 [info ] [Thread-1 (]: 2 of 2 OK created sql table model public.mart_daily_sales ...................... [[32mSELECT 2[0m in 0.11s]
[0m07:59:45.353083 [debug] [Thread-1 (]: Finished running node model.dbt_project.mart_daily_sales
[0m07:59:45.356205 [debug] [MainThread]: On master: COMMIT
[0m07:59:45.357069 [debug] [MainThread]: Using postgres connection "master"
[0m07:59:45.357739 [debug] [MainThread]: On master: COMMIT
[0m07:59:45.358261 [debug] [MainThread]: Opening a new connection, currently in state closed
[0m07:59:45.366113 [debug] [MainThread]: SQL status: COMMIT in 0.008 seconds
[0m07:59:45.367093 [debug] [MainThread]: On master: Close
[0m07:59:45.368096 [debug] [MainThread]: Connection 'master' was properly closed.
[0m07:59:45.368760 [debug] [MainThread]: Connection 'model.dbt_project.mart_daily_sales' was properly closed.
[0m07:59:45.369318 [info ] [MainThread]: 
[0m07:59:45.370080 [info ] [MainThread]: Finished running 1 table model, 1 view model in 0 hours 0 minutes and 0.54 seconds (0.54s).
[0m07:59:45.372145 [debug] [MainThread]: Command end result
[0m07:59:45.447780 [debug] [MainThread]: Wrote artifact WritableManifest to /opt/airflow/dags/dbt-project/target/manifest.json
[0m07:59:45.454731 [debug] [MainThread]: Wrote artifact SemanticManifest to /opt/airflow/dags/dbt-project/target/semantic_manifest.json
[0m07:59:45.461310 [debug] [MainThread]: Wrote artifact OsiDocument to /opt/airflow/dags/dbt-project/target/osi_document.json
[0m07:59:45.484034 [debug] [MainThread]: Wrote artifact RunExecutionResult to /opt/airflow/dags/dbt-project/target/run_results.json
[0m07:59:45.486146 [info ] [MainThread]: 
[0m07:59:45.488846 [info ] [MainThread]: [32mCompleted successfully[0m
[0m07:59:45.490169 [info ] [MainThread]: 
[0m07:59:45.491828 [info ] [MainThread]: Done. PASS=2 WARN=0 ERROR=0 SKIP=0 NO-OP=0 REUSED=0 TOTAL=2
[0m07:59:45.494124 [warn ] [MainThread]: [[33mWARNING[0m][DeprecationsSummary]: Deprecated functionality
Summary of encountered deprecations:
- ConfigSourcePathDeprecation: 1 occurrence
- ConfigDataPathDeprecation: 1 occurrence
To see all deprecation instances instead of just the first occurrence of each,
run command again with the `--show-all-deprecations` flag. You may also need to
run with `--no-partial-parse` as some deprecations are only encountered during
parsing.
[0m07:59:45.498433 [debug] [MainThread]: Resource report: {"command_name": "run", "command_success": true, "command_wall_clock_time": 2.2091959, "process_in_blocks": "32", "process_kernel_time": 0.627147, "process_mem_max_rss": "135112", "process_out_blocks": "2264", "process_user_time": 4.745116}
[0m07:59:45.499960 [debug] [MainThread]: Command `dbt run` succeeded at 07:59:45.499644 after 2.21 seconds
[0m07:59:45.501201 [debug] [MainThread]: Sending event: {'category': 'dbt', 'action': 'invocation', 'label': 'end', 'context': [<snowplow_tracker.self_describing_json.SelfDescribingJson object at 0x7f990b8d5070>, <snowplow_tracker.self_describing_json.SelfDescribingJson object at 0x7f990aa44080>, <snowplow_tracker.self_describing_json.SelfDescribingJson object at 0x7f990a1e2a80>]}
[0m07:59:45.502601 [debug] [MainThread]: Flushing usage events
[0m07:59:45.522324 [debug] [MainThread]: Sending event: {'category': 'dbt', 'action': 'project_id', 'label': 'be6f842d-3559-415e-9e2d-4a104d450915', 'context': [<snowplow_tracker.self_describing_json.SelfDescribingJson object at 0x7f7fb7551d00>]}
[0m07:59:45.702944 [debug] [MainThread]: Sending event: {'category': 'dbt', 'action': 'adapter_info', 'label': 'be6f842d-3559-415e-9e2d-4a104d450915', 'context': [<snowplow_tracker.self_describing_json.SelfDescribingJson object at 0x7f7fb6b075f0>]}
[0m07:59:45.705085 [info ] [MainThread]: Registered adapter: postgres=1.11.0
[0m07:59:45.904959 [debug] [MainThread]: checksum: b29d9af8eaaa65115adbe4e5d45ac72f370e925f7ab69b36ae2aaa99f6869c57, vars: {}, profile: dbt-project, target: dev, version: 1.12.5
[0m07:59:46.055436 [debug] [MainThread]: Partial parsing enabled: 0 files deleted, 0 files added, 0 files changed.
[0m07:59:46.056100 [debug] [MainThread]: Nothing changed, skipping partial parsing.
[0m07:59:46.056749 [debug] [MainThread]: Partial parsing enabled, no changes found, skipping parsing
[0m07:59:46.073151 [debug] [MainThread]: Sending event: {'category': 'dbt', 'action': 'load_project', 'label': 'be6f842d-3559-415e-9e2d-4a104d450915', 'context': [<snowplow_tracker.self_describing_json.SelfDescribingJson object at 0x7f7fb624bf80>]}
[0m07:59:46.232395 [debug] [MainThread]: Wrote artifact WritableManifest to /opt/airflow/dags/dbt-project/target/manifest.json
[0m07:59:46.235549 [debug] [MainThread]: Wrote artifact SemanticManifest to /opt/airflow/dags/dbt-project/target/semantic_manifest.json
[0m07:59:46.255004 [debug] [MainThread]: Wrote artifact OsiDocument to /opt/airflow/dags/dbt-project/target/osi_document.json
[0m07:59:46.275193 [debug] [MainThread]: Sending event: {'category': 'dbt', 'action': 'resource_counts', 'label': 'be6f842d-3559-415e-9e2d-4a104d450915', 'context': [<snowplow_tracker.self_describing_json.SelfDescribingJson object at 0x7f7fb43ddeb0>]}
[0m07:59:46.275873 [info ] [MainThread]: Found 3 models, 1 seed, 477 macros
[0m07:59:46.276500 [debug] [MainThread]: Sending event: {'category': 'dbt', 'action': 'runnable_timing', 'label': 'be6f842d-3559-415e-9e2d-4a104d450915', 'context': [<snowplow_tracker.self_describing_json.SelfDescribingJson object at 0x7f7fb4f19130>]}
[0m07:59:46.279208 [info ] [MainThread]: 
[0m07:59:46.279821 [info ] [MainThread]: Concurrency: 1 threads (target='dev')
[0m07:59:46.280345 [info ] [MainThread]: 
[0m07:59:46.281053 [debug] [MainThread]: Acquiring new postgres connection 'master'
[0m07:59:46.282416 [debug] [ThreadPool]: Acquiring new postgres connection 'list_airflow'
[0m07:59:46.359085 [debug] [ThreadPool]: Using postgres connection "list_airflow"
[0m07:59:46.359648 [debug] [ThreadPool]: On list_airflow: /* {"app": "dbt", "dbt_version": "1.12.5", "profile_name": "dbt-project", "target_name": "dev", "connection_name": "list_airflow"} */

    select distinct nspname from pg_namespace
  
[0m07:59:46.359980 [debug] [ThreadPool]: Opening a new connection, currently in state init
[0m07:59:46.367449 [debug] [ThreadPool]: SQL status: SELECT 6 in 0.007 seconds
[0m07:59:46.369144 [debug] [ThreadPool]: On list_airflow: Close
[0m07:59:46.376012 [debug] [ThreadPool]: Re-using an available connection from the pool (formerly list_airflow, now list_airflow_public)
[0m07:59:46.382966 [debug] [ThreadPool]: Using postgres connection "list_airflow_public"
[0m07:59:46.383760 [debug] [ThreadPool]: On list_airflow_public: /* {"app": "dbt", "dbt_version": "1.12.5", "profile_name": "dbt-project", "target_name": "dev", "connection_name": "list_airflow_public"} */
select
      'airflow' as database,
      tablename as name,
      schemaname as schema,
      'table' as type
    from pg_tables
    where schemaname ilike 'public'
    union all
    select
      'airflow' as database,
      viewname as name,
      schemaname as schema,
      'view' as type
    from pg_views
    where schemaname ilike 'public'
    union all
    select
      'airflow' as database,
      matviewname as name,
      schemaname as schema,
      'materialized_view' as type
    from pg_matviews
    where schemaname ilike 'public'
    union all
    select distinct
     'airflow' as database,
     proname as name,
     ns.nspname as schema,
     'function' as type
    from pg_proc
     join pg_namespace as ns on pronamespace = ns.oid
    where ns.nspname ilike 'public'
  
[0m07:59:46.384192 [debug] [ThreadPool]: Opening a new connection, currently in state closed
[0m07:59:46.397148 [debug] [ThreadPool]: SQL status: SELECT 53 in 0.013 seconds
[0m07:59:46.400228 [debug] [ThreadPool]: On list_airflow_public: ROLLBACK
[0m07:59:46.401269 [debug] [ThreadPool]: On list_airflow_public: Close
[0m07:59:46.416158 [debug] [MainThread]: Using postgres connection "master"
[0m07:59:46.417123 [debug] [MainThread]: On master: /* {"app": "dbt", "dbt_version": "1.12.5", "profile_name": "dbt-project", "target_name": "dev", "connection_name": "master"} */
select distinct
        dependent_namespace.nspname as dependent_schema,
        dependent_class.relname as dependent_name,
        referenced_namespace.nspname as referenced_schema,
        referenced_class.relname as referenced_name

    -- Query for views: views are entries in pg_class with an entry in pg_rewrite, but we avoid
    -- a seq scan on pg_rewrite by leveraging the fact there is an "internal" row in pg_depend for
    -- the view...
    from pg_class as dependent_class
    join pg_namespace as dependent_namespace on dependent_namespace.oid = dependent_class.relnamespace
    join pg_depend as dependent_depend on dependent_depend.refobjid = dependent_class.oid
        and dependent_depend.classid = 'pg_rewrite'::regclass
        and dependent_depend.refclassid = 'pg_class'::regclass
        and dependent_depend.deptype = 'i'

    -- ... and via pg_depend (that has a row per column, hence the need for "distinct" above, and
    -- making sure to exclude the internal row to avoid a view appearing to depend on itself)...
    join pg_depend as joining_depend on joining_depend.objid = dependent_depend.objid
        and joining_depend.classid = 'pg_rewrite'::regclass
        and joining_depend.refclassid = 'pg_class'::regclass
        and joining_depend.refobjid != dependent_depend.refobjid

    -- ... we can find the tables they query from in pg_class, but excluding system tables. Note we
    -- don't need need to exclude _dependent_ system tables, because they only query from other
    -- system tables, and so are automatically excluded by excluding _referenced_ system tables
    join pg_class as referenced_class on referenced_class.oid = joining_depend.refobjid
    join pg_namespace as referenced_namespace on referenced_namespace.oid = referenced_class.relnamespace
        and referenced_namespace.nspname != 'information_schema'
        and referenced_namespace.nspname not like 'pg\_%'

    order by
        dependent_schema, dependent_name, referenced_schema, referenced_name;
[0m07:59:46.417757 [debug] [MainThread]: Opening a new connection, currently in state init
[0m07:59:46.428189 [debug] [MainThread]: SQL status: SELECT 1 in 0.010 seconds
[0m07:59:46.430754 [debug] [MainThread]: Sending event: {'category': 'dbt', 'action': 'runnable_timing', 'label': 'be6f842d-3559-415e-9e2d-4a104d450915', 'context': [<snowplow_tracker.self_describing_json.SelfDescribingJson object at 0x7f7fb4bb7ef0>]}
[0m07:59:46.431484 [debug] [MainThread]: On master: ROLLBACK
[0m07:59:46.432508 [debug] [MainThread]: On master: COMMIT
[0m07:59:46.433009 [debug] [MainThread]: Using postgres connection "master"
[0m07:59:46.433605 [debug] [MainThread]: On master: COMMIT
[0m07:59:46.434567 [debug] [MainThread]: SQL status: COMMIT in 0.001 seconds
[0m07:59:46.435034 [debug] [MainThread]: On master: Close
[0m07:59:46.443668 [debug] [Thread-1 (]: Began running node seed.dbt_project.raw_transactions
[0m07:59:46.444580 [info ] [Thread-1 (]: 1 of 1 START seed file public.raw_transactions ................................. [RUN]
[0m07:59:46.445319 [debug] [Thread-1 (]: Re-using an available connection from the pool (formerly list_airflow_public, now seed.dbt_project.raw_transactions)
[0m07:59:46.445724 [debug] [Thread-1 (]: Began compiling node seed.dbt_project.raw_transactions
[0m07:59:46.446264 [debug] [Thread-1 (]: Began executing node seed.dbt_project.raw_transactions
[0m07:59:46.481174 [debug] [Thread-1 (]: Using postgres connection "seed.dbt_project.raw_transactions"
[0m07:59:46.481840 [debug] [Thread-1 (]: On seed.dbt_project.raw_transactions: /* {"app": "dbt", "dbt_version": "1.12.5", "profile_name": "dbt-project", "target_name": "dev", "node_id": "seed.dbt_project.raw_transactions"} */
truncate table "airflow"."public"."raw_transactions"
[0m07:59:46.482333 [debug] [Thread-1 (]: Opening a new connection, currently in state closed
[0m07:59:46.492348 [debug] [Thread-1 (]: SQL status: TRUNCATE TABLE in 0.010 seconds
[0m07:59:46.517133 [debug] [Thread-1 (]: Using postgres connection "seed.dbt_project.raw_transactions"
[0m07:59:46.517762 [debug] [Thread-1 (]: On seed.dbt_project.raw_transactions: 
          insert into "airflow"."public"."raw_transactions" ("transaction_id", "transaction_date", "product", "amount") values
          (%s,%s,%s,%s),(%s,%s,%s,%s),(%s,%s,%s,%s),(%s,%s,%s,%s),(%s,%s,%s,%s)
      ...
[0m07:59:46.519342 [debug] [Thread-1 (]: SQL status: INSERT 0 5 in 0.001 seconds
[0m07:59:46.525943 [debug] [Thread-1 (]: Writing runtime SQL for node "seed.dbt_project.raw_transactions"
[0m07:59:46.545344 [debug] [Thread-1 (]: On seed.dbt_project.raw_transactions: COMMIT
[0m07:59:46.545912 [debug] [Thread-1 (]: Using postgres connection "seed.dbt_project.raw_transactions"
[0m07:59:46.546391 [debug] [Thread-1 (]: On seed.dbt_project.raw_transactions: COMMIT
[0m07:59:46.548239 [debug] [Thread-1 (]: SQL status: COMMIT in 0.001 seconds
[0m07:59:46.550680 [debug] [Thread-1 (]: On seed.dbt_project.raw_transactions: Close
[0m07:59:46.553308 [debug] [Thread-1 (]: Sending event: {'category': 'dbt', 'action': 'run_model', 'label': 'be6f842d-3559-415e-9e2d-4a104d450915', 'context': [<snowplow_tracker.self_describing_json.SelfDescribingJson object at 0x7f7fb88dd9a0>]}
[0m07:59:46.554378 [info ] [Thread-1 (]: 1 of 1 OK loaded seed file public.raw_transactions ............................. [[32mINSERT 5[0m in 0.11s]
[0m07:59:46.555401 [debug] [Thread-1 (]: Finished running node seed.dbt_project.raw_transactions
[0m07:59:46.557971 [debug] [MainThread]: An error was encountered while trying to flush usage events
[0m07:59:46.558701 [debug] [MainThread]: On master: COMMIT
[0m07:59:46.559417 [debug] [MainThread]: Using postgres connection "master"
[0m07:59:46.559910 [debug] [MainThread]: On master: COMMIT
[0m07:59:46.560423 [debug] [MainThread]: Opening a new connection, currently in state closed
[0m07:59:46.568664 [debug] [MainThread]: SQL status: COMMIT in 0.008 seconds
[0m07:59:46.569491 [debug] [MainThread]: On master: Close
[0m07:59:46.570340 [debug] [MainThread]: Connection 'master' was properly closed.
[0m07:59:46.570736 [debug] [MainThread]: Connection 'seed.dbt_project.raw_transactions' was properly closed.
[0m07:59:46.571322 [info ] [MainThread]: 
[0m07:59:46.571794 [info ] [MainThread]: Finished running 1 seed in 0 hours 0 minutes and 0.29 seconds (0.29s).
[0m07:59:46.572860 [debug] [MainThread]: Command end result
[0m07:59:46.630698 [debug] [MainThread]: Wrote artifact WritableManifest to /opt/airflow/dags/dbt-project/target/manifest.json
[0m07:59:46.634707 [debug] [MainThread]: Wrote artifact SemanticManifest to /opt/airflow/dags/dbt-project/target/semantic_manifest.json
[0m07:59:46.638447 [debug] [MainThread]: Wrote artifact OsiDocument to /opt/airflow/dags/dbt-project/target/osi_document.json
[0m07:59:46.652882 [debug] [MainThread]: Wrote artifact RunExecutionResult to /opt/airflow/dags/dbt-project/target/run_results.json
[0m07:59:46.653718 [info ] [MainThread]: 
[0m07:59:46.654629 [info ] [MainThread]: [32mCompleted successfully[0m
[0m07:59:46.655317 [info ] [MainThread]: 
[0m07:59:46.655895 [info ] [MainThread]: Done. PASS=1 WARN=0 ERROR=0 SKIP=0 NO-OP=0 REUSED=0 TOTAL=1
[0m07:59:46.656937 [warn ] [MainThread]: [[33mWARNING[0m][DeprecationsSummary]: Deprecated functionality
Summary of encountered deprecations:
- ConfigSourcePathDeprecation: 1 occurrence
- ConfigDataPathDeprecation: 1 occurrence
To see all deprecation instances instead of just the first occurrence of each,
run command again with the `--show-all-deprecations` flag. You may also need to
run with `--no-partial-parse` as some deprecations are only encountered during
parsing.
[0m07:59:46.658633 [debug] [MainThread]: Resource report: {"command_name": "seed", "command_success": true, "command_wall_clock_time": 1.7142446, "process_in_blocks": "0", "process_kernel_time": 0.669555, "process_mem_max_rss": "136088", "process_out_blocks": "2200", "process_user_time": 4.614356}
[0m07:59:46.659525 [debug] [MainThread]: Command `dbt seed` succeeded at 07:59:46.659242 after 1.72 seconds
[0m07:59:46.660105 [debug] [MainThread]: Sending event: {'category': 'dbt', 'action': 'invocation', 'label': 'end', 'context': [<snowplow_tracker.self_describing_json.SelfDescribingJson object at 0x7f7fb63980b0>, <snowplow_tracker.self_describing_json.SelfDescribingJson object at 0x7f7fb4377950>, <snowplow_tracker.self_describing_json.SelfDescribingJson object at 0x7f7fb6249730>]}
[0m07:59:46.660826 [debug] [MainThread]: Flushing usage events
[0m07:59:47.644803 [debug] [MainThread]: An error was encountered while trying to flush usage events
