[2026-09-17T06:05:32.725+0000] {processor.py:186} INFO - Started process (PID=29) to work on /opt/airflow/dags/etl_to_datamart.py
[2026-09-17T06:05:32.731+0000] {processor.py:914} INFO - Processing file /opt/airflow/dags/etl_to_datamart.py for tasks to queue
[2026-09-17T06:05:32.748+0000] {logging_mixin.py:190} INFO - [2026-09-17T06:05:32.746+0000] {dagbag.py:587} INFO - Filling up the DagBag from /opt/airflow/dags/etl_to_datamart.py
[2026-09-17T06:05:32.842+0000] {processor.py:925} INFO - DAG(s) 'dag_isi_data_mart' retrieved from /opt/airflow/dags/etl_to_datamart.py
[2026-09-17T06:05:32.935+0000] {logging_mixin.py:190} INFO - [2026-09-17T06:05:32.935+0000] {dag.py:3211} INFO - Sync 1 DAGs
[2026-09-17T06:05:32.988+0000] {logging_mixin.py:190} INFO - [2026-09-17T06:05:32.987+0000] {dag.py:4138} INFO - Setting next_dagrun for dag_isi_data_mart to None, run_after=None
[2026-09-17T06:05:33.035+0000] {processor.py:208} INFO - Processing /opt/airflow/dags/etl_to_datamart.py took 0.353 seconds
[2026-09-17T06:06:03.339+0000] {processor.py:186} INFO - Started process (PID=37) to work on /opt/airflow/dags/etl_to_datamart.py
[2026-09-17T06:06:03.340+0000] {processor.py:914} INFO - Processing file /opt/airflow/dags/etl_to_datamart.py for tasks to queue
[2026-09-17T06:06:03.342+0000] {logging_mixin.py:190} INFO - [2026-09-17T06:06:03.341+0000] {dagbag.py:587} INFO - Filling up the DagBag from /opt/airflow/dags/etl_to_datamart.py
[2026-09-17T06:06:03.363+0000] {processor.py:925} INFO - DAG(s) 'dag_isi_data_mart' retrieved from /opt/airflow/dags/etl_to_datamart.py
[2026-09-17T06:06:03.401+0000] {logging_mixin.py:190} INFO - [2026-09-17T06:06:03.400+0000] {dag.py:3211} INFO - Sync 1 DAGs
[2026-09-17T06:06:03.419+0000] {logging_mixin.py:190} INFO - [2026-09-17T06:06:03.419+0000] {dag.py:4138} INFO - Setting next_dagrun for dag_isi_data_mart to None, run_after=None
[2026-09-17T06:06:03.445+0000] {processor.py:208} INFO - Processing /opt/airflow/dags/etl_to_datamart.py took 0.114 seconds
[2026-09-17T06:06:33.622+0000] {processor.py:186} INFO - Started process (PID=45) to work on /opt/airflow/dags/etl_to_datamart.py
[2026-09-17T06:06:33.623+0000] {processor.py:914} INFO - Processing file /opt/airflow/dags/etl_to_datamart.py for tasks to queue
[2026-09-17T06:06:33.627+0000] {logging_mixin.py:190} INFO - [2026-09-17T06:06:33.626+0000] {dagbag.py:587} INFO - Filling up the DagBag from /opt/airflow/dags/etl_to_datamart.py
[2026-09-17T06:06:33.643+0000] {processor.py:925} INFO - DAG(s) 'dag_isi_data_mart' retrieved from /opt/airflow/dags/etl_to_datamart.py
[2026-09-17T06:06:33.684+0000] {logging_mixin.py:190} INFO - [2026-09-17T06:06:33.684+0000] {dag.py:3211} INFO - Sync 1 DAGs
[2026-09-17T06:06:33.701+0000] {logging_mixin.py:190} INFO - [2026-09-17T06:06:33.701+0000] {dag.py:4138} INFO - Setting next_dagrun for dag_isi_data_mart to None, run_after=None
[2026-09-17T06:06:33.726+0000] {processor.py:208} INFO - Processing /opt/airflow/dags/etl_to_datamart.py took 0.112 seconds
[2026-09-17T06:07:03.979+0000] {processor.py:186} INFO - Started process (PID=52) to work on /opt/airflow/dags/etl_to_datamart.py
[2026-09-17T06:07:03.981+0000] {processor.py:914} INFO - Processing file /opt/airflow/dags/etl_to_datamart.py for tasks to queue
[2026-09-17T06:07:03.983+0000] {logging_mixin.py:190} INFO - [2026-09-17T06:07:03.983+0000] {dagbag.py:587} INFO - Filling up the DagBag from /opt/airflow/dags/etl_to_datamart.py
[2026-09-17T06:07:04.000+0000] {processor.py:925} INFO - DAG(s) 'dag_isi_data_mart' retrieved from /opt/airflow/dags/etl_to_datamart.py
[2026-09-17T06:07:04.033+0000] {logging_mixin.py:190} INFO - [2026-09-17T06:07:04.033+0000] {dag.py:3211} INFO - Sync 1 DAGs
[2026-09-17T06:07:04.049+0000] {logging_mixin.py:190} INFO - [2026-09-17T06:07:04.049+0000] {dag.py:4138} INFO - Setting next_dagrun for dag_isi_data_mart to None, run_after=None
[2026-09-17T06:07:04.070+0000] {processor.py:208} INFO - Processing /opt/airflow/dags/etl_to_datamart.py took 0.097 seconds
[2026-09-17T06:07:34.248+0000] {processor.py:186} INFO - Started process (PID=60) to work on /opt/airflow/dags/etl_to_datamart.py
[2026-09-17T06:07:34.250+0000] {processor.py:914} INFO - Processing file /opt/airflow/dags/etl_to_datamart.py for tasks to queue
[2026-09-17T06:07:34.257+0000] {logging_mixin.py:190} INFO - [2026-09-17T06:07:34.256+0000] {dagbag.py:587} INFO - Filling up the DagBag from /opt/airflow/dags/etl_to_datamart.py
[2026-09-17T06:07:34.279+0000] {processor.py:925} INFO - DAG(s) 'dag_isi_data_mart' retrieved from /opt/airflow/dags/etl_to_datamart.py
[2026-09-17T06:07:34.321+0000] {logging_mixin.py:190} INFO - [2026-09-17T06:07:34.320+0000] {dag.py:3211} INFO - Sync 1 DAGs
[2026-09-17T06:07:34.348+0000] {logging_mixin.py:190} INFO - [2026-09-17T06:07:34.347+0000] {dag.py:4138} INFO - Setting next_dagrun for dag_isi_data_mart to None, run_after=None
[2026-09-17T06:07:34.748+0000] {processor.py:208} INFO - Processing /opt/airflow/dags/etl_to_datamart.py took 0.507 seconds
[2026-09-17T06:08:05.039+0000] {processor.py:186} INFO - Started process (PID=68) to work on /opt/airflow/dags/etl_to_datamart.py
[2026-09-17T06:08:05.041+0000] {processor.py:914} INFO - Processing file /opt/airflow/dags/etl_to_datamart.py for tasks to queue
[2026-09-17T06:08:05.045+0000] {logging_mixin.py:190} INFO - [2026-09-17T06:08:05.044+0000] {dagbag.py:587} INFO - Filling up the DagBag from /opt/airflow/dags/etl_to_datamart.py
[2026-09-17T06:08:05.068+0000] {processor.py:925} INFO - DAG(s) 'dag_isi_data_mart' retrieved from /opt/airflow/dags/etl_to_datamart.py
[2026-09-17T06:08:05.116+0000] {logging_mixin.py:190} INFO - [2026-09-17T06:08:05.115+0000] {dag.py:3211} INFO - Sync 1 DAGs
[2026-09-17T06:08:05.401+0000] {logging_mixin.py:190} INFO - [2026-09-17T06:08:05.401+0000] {dag.py:4138} INFO - Setting next_dagrun for dag_isi_data_mart to None, run_after=None
[2026-09-17T06:08:05.428+0000] {processor.py:208} INFO - Processing /opt/airflow/dags/etl_to_datamart.py took 0.399 seconds
[2026-09-17T06:08:35.699+0000] {processor.py:186} INFO - Started process (PID=76) to work on /opt/airflow/dags/etl_to_datamart.py
[2026-09-17T06:08:35.701+0000] {processor.py:914} INFO - Processing file /opt/airflow/dags/etl_to_datamart.py for tasks to queue
[2026-09-17T06:08:35.703+0000] {logging_mixin.py:190} INFO - [2026-09-17T06:08:35.702+0000] {dagbag.py:587} INFO - Filling up the DagBag from /opt/airflow/dags/etl_to_datamart.py
[2026-09-17T06:08:35.720+0000] {processor.py:925} INFO - DAG(s) 'dag_isi_data_mart' retrieved from /opt/airflow/dags/etl_to_datamart.py
[2026-09-17T06:08:35.968+0000] {logging_mixin.py:190} INFO - [2026-09-17T06:08:35.968+0000] {dag.py:3211} INFO - Sync 1 DAGs
[2026-09-17T06:08:35.983+0000] {logging_mixin.py:190} INFO - [2026-09-17T06:08:35.982+0000] {dag.py:4138} INFO - Setting next_dagrun for dag_isi_data_mart to None, run_after=None
[2026-09-17T06:08:36.004+0000] {processor.py:208} INFO - Processing /opt/airflow/dags/etl_to_datamart.py took 0.312 seconds
[2026-09-17T06:09:06.254+0000] {processor.py:186} INFO - Started process (PID=83) to work on /opt/airflow/dags/etl_to_datamart.py
[2026-09-17T06:09:06.255+0000] {processor.py:914} INFO - Processing file /opt/airflow/dags/etl_to_datamart.py for tasks to queue
[2026-09-17T06:09:06.258+0000] {logging_mixin.py:190} INFO - [2026-09-17T06:09:06.257+0000] {dagbag.py:587} INFO - Filling up the DagBag from /opt/airflow/dags/etl_to_datamart.py
[2026-09-17T06:09:06.466+0000] {processor.py:925} INFO - DAG(s) 'dag_isi_data_mart' retrieved from /opt/airflow/dags/etl_to_datamart.py
[2026-09-17T06:09:06.502+0000] {logging_mixin.py:190} INFO - [2026-09-17T06:09:06.502+0000] {dag.py:3211} INFO - Sync 1 DAGs
[2026-09-17T06:09:06.519+0000] {logging_mixin.py:190} INFO - [2026-09-17T06:09:06.519+0000] {dag.py:4138} INFO - Setting next_dagrun for dag_isi_data_mart to None, run_after=None
[2026-09-17T06:09:06.543+0000] {processor.py:208} INFO - Processing /opt/airflow/dags/etl_to_datamart.py took 0.295 seconds
[2026-09-17T06:09:36.957+0000] {processor.py:186} INFO - Started process (PID=91) to work on /opt/airflow/dags/etl_to_datamart.py
[2026-09-17T06:09:36.958+0000] {processor.py:914} INFO - Processing file /opt/airflow/dags/etl_to_datamart.py for tasks to queue
[2026-09-17T06:09:36.960+0000] {logging_mixin.py:190} INFO - [2026-09-17T06:09:36.959+0000] {dagbag.py:587} INFO - Filling up the DagBag from /opt/airflow/dags/etl_to_datamart.py
[2026-09-17T06:09:36.976+0000] {processor.py:925} INFO - DAG(s) 'dag_isi_data_mart' retrieved from /opt/airflow/dags/etl_to_datamart.py
[2026-09-17T06:09:37.002+0000] {logging_mixin.py:190} INFO - [2026-09-17T06:09:37.002+0000] {dag.py:3211} INFO - Sync 1 DAGs
[2026-09-17T06:09:37.016+0000] {logging_mixin.py:190} INFO - [2026-09-17T06:09:37.016+0000] {dag.py:4138} INFO - Setting next_dagrun for dag_isi_data_mart to None, run_after=None
[2026-09-17T06:09:37.034+0000] {processor.py:208} INFO - Processing /opt/airflow/dags/etl_to_datamart.py took 0.085 seconds
[2026-09-17T06:10:07.201+0000] {processor.py:186} INFO - Started process (PID=99) to work on /opt/airflow/dags/etl_to_datamart.py
[2026-09-17T06:10:07.203+0000] {processor.py:914} INFO - Processing file /opt/airflow/dags/etl_to_datamart.py for tasks to queue
[2026-09-17T06:10:07.205+0000] {logging_mixin.py:190} INFO - [2026-09-17T06:10:07.205+0000] {dagbag.py:587} INFO - Filling up the DagBag from /opt/airflow/dags/etl_to_datamart.py
[2026-09-17T06:10:07.221+0000] {processor.py:925} INFO - DAG(s) 'dag_isi_data_mart' retrieved from /opt/airflow/dags/etl_to_datamart.py
[2026-09-17T06:10:07.259+0000] {logging_mixin.py:190} INFO - [2026-09-17T06:10:07.259+0000] {dag.py:3211} INFO - Sync 1 DAGs
[2026-09-17T06:10:07.275+0000] {logging_mixin.py:190} INFO - [2026-09-17T06:10:07.275+0000] {dag.py:4138} INFO - Setting next_dagrun for dag_isi_data_mart to None, run_after=None
[2026-09-17T06:10:07.298+0000] {processor.py:208} INFO - Processing /opt/airflow/dags/etl_to_datamart.py took 0.103 seconds
[2026-09-17T06:10:37.660+0000] {processor.py:186} INFO - Started process (PID=107) to work on /opt/airflow/dags/etl_to_datamart.py
[2026-09-17T06:10:37.661+0000] {processor.py:914} INFO - Processing file /opt/airflow/dags/etl_to_datamart.py for tasks to queue
[2026-09-17T06:10:37.664+0000] {logging_mixin.py:190} INFO - [2026-09-17T06:10:37.664+0000] {dagbag.py:587} INFO - Filling up the DagBag from /opt/airflow/dags/etl_to_datamart.py
[2026-09-17T06:10:37.680+0000] {processor.py:925} INFO - DAG(s) 'dag_isi_data_mart' retrieved from /opt/airflow/dags/etl_to_datamart.py
[2026-09-17T06:10:37.713+0000] {logging_mixin.py:190} INFO - [2026-09-17T06:10:37.713+0000] {dag.py:3211} INFO - Sync 1 DAGs
[2026-09-17T06:10:37.730+0000] {logging_mixin.py:190} INFO - [2026-09-17T06:10:37.729+0000] {dag.py:4138} INFO - Setting next_dagrun for dag_isi_data_mart to None, run_after=None
[2026-09-17T06:10:37.748+0000] {processor.py:208} INFO - Processing /opt/airflow/dags/etl_to_datamart.py took 0.095 seconds
[2026-09-17T06:11:07.925+0000] {processor.py:186} INFO - Started process (PID=116) to work on /opt/airflow/dags/etl_to_datamart.py
[2026-09-17T06:11:07.926+0000] {processor.py:914} INFO - Processing file /opt/airflow/dags/etl_to_datamart.py for tasks to queue
[2026-09-17T06:11:07.930+0000] {logging_mixin.py:190} INFO - [2026-09-17T06:11:07.929+0000] {dagbag.py:587} INFO - Filling up the DagBag from /opt/airflow/dags/etl_to_datamart.py
[2026-09-17T06:11:07.946+0000] {processor.py:925} INFO - DAG(s) 'dag_isi_data_mart' retrieved from /opt/airflow/dags/etl_to_datamart.py
[2026-09-17T06:11:07.977+0000] {logging_mixin.py:190} INFO - [2026-09-17T06:11:07.977+0000] {dag.py:3211} INFO - Sync 1 DAGs
[2026-09-17T06:11:07.992+0000] {logging_mixin.py:190} INFO - [2026-09-17T06:11:07.991+0000] {dag.py:4138} INFO - Setting next_dagrun for dag_isi_data_mart to None, run_after=None
[2026-09-17T06:11:08.012+0000] {processor.py:208} INFO - Processing /opt/airflow/dags/etl_to_datamart.py took 0.096 seconds
[2026-09-17T06:11:38.228+0000] {processor.py:186} INFO - Started process (PID=124) to work on /opt/airflow/dags/etl_to_datamart.py
[2026-09-17T06:11:38.229+0000] {processor.py:914} INFO - Processing file /opt/airflow/dags/etl_to_datamart.py for tasks to queue
[2026-09-17T06:11:38.231+0000] {logging_mixin.py:190} INFO - [2026-09-17T06:11:38.231+0000] {dagbag.py:587} INFO - Filling up the DagBag from /opt/airflow/dags/etl_to_datamart.py
[2026-09-17T06:11:38.248+0000] {processor.py:925} INFO - DAG(s) 'dag_isi_data_mart' retrieved from /opt/airflow/dags/etl_to_datamart.py
[2026-09-17T06:11:38.280+0000] {logging_mixin.py:190} INFO - [2026-09-17T06:11:38.279+0000] {dag.py:3211} INFO - Sync 1 DAGs
[2026-09-17T06:11:38.298+0000] {logging_mixin.py:190} INFO - [2026-09-17T06:11:38.297+0000] {dag.py:4138} INFO - Setting next_dagrun for dag_isi_data_mart to None, run_after=None
[2026-09-17T06:11:38.321+0000] {processor.py:208} INFO - Processing /opt/airflow/dags/etl_to_datamart.py took 0.100 seconds
[2026-09-17T06:12:08.563+0000] {processor.py:186} INFO - Started process (PID=132) to work on /opt/airflow/dags/etl_to_datamart.py
[2026-09-17T06:12:08.564+0000] {processor.py:914} INFO - Processing file /opt/airflow/dags/etl_to_datamart.py for tasks to queue
[2026-09-17T06:12:08.566+0000] {logging_mixin.py:190} INFO - [2026-09-17T06:12:08.566+0000] {dagbag.py:587} INFO - Filling up the DagBag from /opt/airflow/dags/etl_to_datamart.py
[2026-09-17T06:12:08.581+0000] {processor.py:925} INFO - DAG(s) 'dag_isi_data_mart' retrieved from /opt/airflow/dags/etl_to_datamart.py
[2026-09-17T06:12:08.611+0000] {logging_mixin.py:190} INFO - [2026-09-17T06:12:08.610+0000] {dag.py:3211} INFO - Sync 1 DAGs
[2026-09-17T06:12:08.626+0000] {logging_mixin.py:190} INFO - [2026-09-17T06:12:08.626+0000] {dag.py:4138} INFO - Setting next_dagrun for dag_isi_data_mart to None, run_after=None
[2026-09-17T06:12:08.647+0000] {processor.py:208} INFO - Processing /opt/airflow/dags/etl_to_datamart.py took 0.090 seconds
[2026-09-17T06:12:38.817+0000] {processor.py:186} INFO - Started process (PID=140) to work on /opt/airflow/dags/etl_to_datamart.py
[2026-09-17T06:12:38.818+0000] {processor.py:914} INFO - Processing file /opt/airflow/dags/etl_to_datamart.py for tasks to queue
[2026-09-17T06:12:38.821+0000] {logging_mixin.py:190} INFO - [2026-09-17T06:12:38.821+0000] {dagbag.py:587} INFO - Filling up the DagBag from /opt/airflow/dags/etl_to_datamart.py
[2026-09-17T06:12:38.837+0000] {processor.py:925} INFO - DAG(s) 'dag_isi_data_mart' retrieved from /opt/airflow/dags/etl_to_datamart.py
[2026-09-17T06:12:38.864+0000] {logging_mixin.py:190} INFO - [2026-09-17T06:12:38.864+0000] {dag.py:3211} INFO - Sync 1 DAGs
[2026-09-17T06:12:38.880+0000] {logging_mixin.py:190} INFO - [2026-09-17T06:12:38.879+0000] {dag.py:4138} INFO - Setting next_dagrun for dag_isi_data_mart to None, run_after=None
[2026-09-17T06:12:38.895+0000] {processor.py:208} INFO - Processing /opt/airflow/dags/etl_to_datamart.py took 0.085 seconds
[2026-09-17T06:13:09.138+0000] {processor.py:186} INFO - Started process (PID=148) to work on /opt/airflow/dags/etl_to_datamart.py
[2026-09-17T06:13:09.140+0000] {processor.py:914} INFO - Processing file /opt/airflow/dags/etl_to_datamart.py for tasks to queue
[2026-09-17T06:13:09.144+0000] {logging_mixin.py:190} INFO - [2026-09-17T06:13:09.143+0000] {dagbag.py:587} INFO - Filling up the DagBag from /opt/airflow/dags/etl_to_datamart.py
[2026-09-17T06:13:09.205+0000] {processor.py:925} INFO - DAG(s) 'dag_isi_data_mart' retrieved from /opt/airflow/dags/etl_to_datamart.py
[2026-09-17T06:13:09.268+0000] {logging_mixin.py:190} INFO - [2026-09-17T06:13:09.267+0000] {dag.py:3211} INFO - Sync 1 DAGs
[2026-09-17T06:13:09.304+0000] {logging_mixin.py:190} INFO - [2026-09-17T06:13:09.303+0000] {dag.py:4138} INFO - Setting next_dagrun for dag_isi_data_mart to None, run_after=None
[2026-09-17T06:13:09.342+0000] {processor.py:208} INFO - Processing /opt/airflow/dags/etl_to_datamart.py took 0.218 seconds
[2026-09-17T06:13:39.593+0000] {processor.py:186} INFO - Started process (PID=162) to work on /opt/airflow/dags/etl_to_datamart.py
[2026-09-17T06:13:39.594+0000] {processor.py:914} INFO - Processing file /opt/airflow/dags/etl_to_datamart.py for tasks to queue
[2026-09-17T06:13:39.597+0000] {logging_mixin.py:190} INFO - [2026-09-17T06:13:39.596+0000] {dagbag.py:587} INFO - Filling up the DagBag from /opt/airflow/dags/etl_to_datamart.py
[2026-09-17T06:13:39.621+0000] {processor.py:925} INFO - DAG(s) 'dag_isi_data_mart' retrieved from /opt/airflow/dags/etl_to_datamart.py
[2026-09-17T06:13:39.662+0000] {logging_mixin.py:190} INFO - [2026-09-17T06:13:39.661+0000] {dag.py:3211} INFO - Sync 1 DAGs
[2026-09-17T06:13:39.681+0000] {logging_mixin.py:190} INFO - [2026-09-17T06:13:39.680+0000] {dag.py:4138} INFO - Setting next_dagrun for dag_isi_data_mart to None, run_after=None
[2026-09-17T06:13:39.704+0000] {processor.py:208} INFO - Processing /opt/airflow/dags/etl_to_datamart.py took 0.117 seconds
[2026-09-17T06:14:09.837+0000] {processor.py:186} INFO - Started process (PID=170) to work on /opt/airflow/dags/etl_to_datamart.py
[2026-09-17T06:14:09.838+0000] {processor.py:914} INFO - Processing file /opt/airflow/dags/etl_to_datamart.py for tasks to queue
[2026-09-17T06:14:09.841+0000] {logging_mixin.py:190} INFO - [2026-09-17T06:14:09.840+0000] {dagbag.py:587} INFO - Filling up the DagBag from /opt/airflow/dags/etl_to_datamart.py
[2026-09-17T06:14:09.856+0000] {processor.py:925} INFO - DAG(s) 'dag_isi_data_mart' retrieved from /opt/airflow/dags/etl_to_datamart.py
[2026-09-17T06:14:09.890+0000] {logging_mixin.py:190} INFO - [2026-09-17T06:14:09.890+0000] {dag.py:3211} INFO - Sync 1 DAGs
[2026-09-17T06:14:09.907+0000] {logging_mixin.py:190} INFO - [2026-09-17T06:14:09.907+0000] {dag.py:4138} INFO - Setting next_dagrun for dag_isi_data_mart to None, run_after=None
[2026-09-17T06:14:09.931+0000] {processor.py:208} INFO - Processing /opt/airflow/dags/etl_to_datamart.py took 0.101 seconds
[2026-09-17T06:14:40.210+0000] {processor.py:186} INFO - Started process (PID=178) to work on /opt/airflow/dags/etl_to_datamart.py
[2026-09-17T06:14:40.211+0000] {processor.py:914} INFO - Processing file /opt/airflow/dags/etl_to_datamart.py for tasks to queue
[2026-09-17T06:14:40.214+0000] {logging_mixin.py:190} INFO - [2026-09-17T06:14:40.213+0000] {dagbag.py:587} INFO - Filling up the DagBag from /opt/airflow/dags/etl_to_datamart.py
[2026-09-17T06:14:40.235+0000] {processor.py:925} INFO - DAG(s) 'dag_isi_data_mart' retrieved from /opt/airflow/dags/etl_to_datamart.py
[2026-09-17T06:14:40.270+0000] {logging_mixin.py:190} INFO - [2026-09-17T06:14:40.270+0000] {dag.py:3211} INFO - Sync 1 DAGs
[2026-09-17T06:14:40.288+0000] {logging_mixin.py:190} INFO - [2026-09-17T06:14:40.288+0000] {dag.py:4138} INFO - Setting next_dagrun for dag_isi_data_mart to None, run_after=None
[2026-09-17T06:14:40.312+0000] {processor.py:208} INFO - Processing /opt/airflow/dags/etl_to_datamart.py took 0.110 seconds
[2026-09-17T06:15:10.571+0000] {processor.py:186} INFO - Started process (PID=186) to work on /opt/airflow/dags/etl_to_datamart.py
[2026-09-17T06:15:10.572+0000] {processor.py:914} INFO - Processing file /opt/airflow/dags/etl_to_datamart.py for tasks to queue
[2026-09-17T06:15:10.575+0000] {logging_mixin.py:190} INFO - [2026-09-17T06:15:10.574+0000] {dagbag.py:587} INFO - Filling up the DagBag from /opt/airflow/dags/etl_to_datamart.py
[2026-09-17T06:15:10.590+0000] {processor.py:925} INFO - DAG(s) 'dag_isi_data_mart' retrieved from /opt/airflow/dags/etl_to_datamart.py
[2026-09-17T06:15:10.623+0000] {logging_mixin.py:190} INFO - [2026-09-17T06:15:10.622+0000] {dag.py:3211} INFO - Sync 1 DAGs
[2026-09-17T06:15:10.639+0000] {logging_mixin.py:190} INFO - [2026-09-17T06:15:10.638+0000] {dag.py:4138} INFO - Setting next_dagrun for dag_isi_data_mart to None, run_after=None
[2026-09-17T06:15:10.661+0000] {processor.py:208} INFO - Processing /opt/airflow/dags/etl_to_datamart.py took 0.097 seconds
[2026-09-17T06:15:40.942+0000] {processor.py:186} INFO - Started process (PID=195) to work on /opt/airflow/dags/etl_to_datamart.py
[2026-09-17T06:15:40.943+0000] {processor.py:914} INFO - Processing file /opt/airflow/dags/etl_to_datamart.py for tasks to queue
[2026-09-17T06:15:40.946+0000] {logging_mixin.py:190} INFO - [2026-09-17T06:15:40.945+0000] {dagbag.py:587} INFO - Filling up the DagBag from /opt/airflow/dags/etl_to_datamart.py
[2026-09-17T06:15:40.961+0000] {processor.py:925} INFO - DAG(s) 'dag_isi_data_mart' retrieved from /opt/airflow/dags/etl_to_datamart.py
[2026-09-17T06:15:40.990+0000] {logging_mixin.py:190} INFO - [2026-09-17T06:15:40.990+0000] {dag.py:3211} INFO - Sync 1 DAGs
[2026-09-17T06:15:41.004+0000] {logging_mixin.py:190} INFO - [2026-09-17T06:15:41.003+0000] {dag.py:4138} INFO - Setting next_dagrun for dag_isi_data_mart to None, run_after=None
[2026-09-17T06:15:41.023+0000] {processor.py:208} INFO - Processing /opt/airflow/dags/etl_to_datamart.py took 0.087 seconds
[2026-09-17T06:16:11.198+0000] {processor.py:186} INFO - Started process (PID=203) to work on /opt/airflow/dags/etl_to_datamart.py
[2026-09-17T06:16:11.199+0000] {processor.py:914} INFO - Processing file /opt/airflow/dags/etl_to_datamart.py for tasks to queue
[2026-09-17T06:16:11.201+0000] {logging_mixin.py:190} INFO - [2026-09-17T06:16:11.200+0000] {dagbag.py:587} INFO - Filling up the DagBag from /opt/airflow/dags/etl_to_datamart.py
[2026-09-17T06:16:11.221+0000] {processor.py:925} INFO - DAG(s) 'dag_isi_data_mart' retrieved from /opt/airflow/dags/etl_to_datamart.py
[2026-09-17T06:16:11.259+0000] {logging_mixin.py:190} INFO - [2026-09-17T06:16:11.258+0000] {dag.py:3211} INFO - Sync 1 DAGs
[2026-09-17T06:16:11.280+0000] {logging_mixin.py:190} INFO - [2026-09-17T06:16:11.280+0000] {dag.py:4138} INFO - Setting next_dagrun for dag_isi_data_mart to None, run_after=None
[2026-09-17T06:16:11.311+0000] {processor.py:208} INFO - Processing /opt/airflow/dags/etl_to_datamart.py took 0.122 seconds
[2026-09-17T06:16:41.576+0000] {processor.py:186} INFO - Started process (PID=211) to work on /opt/airflow/dags/etl_to_datamart.py
[2026-09-17T06:16:41.577+0000] {processor.py:914} INFO - Processing file /opt/airflow/dags/etl_to_datamart.py for tasks to queue
[2026-09-17T06:16:41.579+0000] {logging_mixin.py:190} INFO - [2026-09-17T06:16:41.578+0000] {dagbag.py:587} INFO - Filling up the DagBag from /opt/airflow/dags/etl_to_datamart.py
[2026-09-17T06:16:41.592+0000] {processor.py:925} INFO - DAG(s) 'dag_isi_data_mart' retrieved from /opt/airflow/dags/etl_to_datamart.py
[2026-09-17T06:16:41.619+0000] {logging_mixin.py:190} INFO - [2026-09-17T06:16:41.619+0000] {dag.py:3211} INFO - Sync 1 DAGs
[2026-09-17T06:16:41.635+0000] {logging_mixin.py:190} INFO - [2026-09-17T06:16:41.635+0000] {dag.py:4138} INFO - Setting next_dagrun for dag_isi_data_mart to None, run_after=None
[2026-09-17T06:16:41.653+0000] {processor.py:208} INFO - Processing /opt/airflow/dags/etl_to_datamart.py took 0.083 seconds
[2026-09-17T06:17:11.823+0000] {processor.py:186} INFO - Started process (PID=218) to work on /opt/airflow/dags/etl_to_datamart.py
[2026-09-17T06:17:11.823+0000] {processor.py:914} INFO - Processing file /opt/airflow/dags/etl_to_datamart.py for tasks to queue
[2026-09-17T06:17:11.825+0000] {logging_mixin.py:190} INFO - [2026-09-17T06:17:11.825+0000] {dagbag.py:587} INFO - Filling up the DagBag from /opt/airflow/dags/etl_to_datamart.py
[2026-09-17T06:17:11.839+0000] {processor.py:925} INFO - DAG(s) 'dag_isi_data_mart' retrieved from /opt/airflow/dags/etl_to_datamart.py
[2026-09-17T06:17:11.869+0000] {logging_mixin.py:190} INFO - [2026-09-17T06:17:11.869+0000] {dag.py:3211} INFO - Sync 1 DAGs
[2026-09-17T06:17:11.883+0000] {logging_mixin.py:190} INFO - [2026-09-17T06:17:11.883+0000] {dag.py:4138} INFO - Setting next_dagrun for dag_isi_data_mart to None, run_after=None
[2026-09-17T06:17:11.902+0000] {processor.py:208} INFO - Processing /opt/airflow/dags/etl_to_datamart.py took 0.086 seconds
[2026-09-17T06:17:42.144+0000] {processor.py:186} INFO - Started process (PID=226) to work on /opt/airflow/dags/etl_to_datamart.py
[2026-09-17T06:17:42.145+0000] {processor.py:914} INFO - Processing file /opt/airflow/dags/etl_to_datamart.py for tasks to queue
[2026-09-17T06:17:42.147+0000] {logging_mixin.py:190} INFO - [2026-09-17T06:17:42.147+0000] {dagbag.py:587} INFO - Filling up the DagBag from /opt/airflow/dags/etl_to_datamart.py
[2026-09-17T06:17:42.161+0000] {processor.py:925} INFO - DAG(s) 'dag_isi_data_mart' retrieved from /opt/airflow/dags/etl_to_datamart.py
[2026-09-17T06:17:42.191+0000] {logging_mixin.py:190} INFO - [2026-09-17T06:17:42.190+0000] {dag.py:3211} INFO - Sync 1 DAGs
[2026-09-17T06:17:42.206+0000] {logging_mixin.py:190} INFO - [2026-09-17T06:17:42.205+0000] {dag.py:4138} INFO - Setting next_dagrun for dag_isi_data_mart to None, run_after=None
[2026-09-17T06:17:42.223+0000] {processor.py:208} INFO - Processing /opt/airflow/dags/etl_to_datamart.py took 0.085 seconds
[2026-09-17T06:18:12.392+0000] {processor.py:186} INFO - Started process (PID=234) to work on /opt/airflow/dags/etl_to_datamart.py
[2026-09-17T06:18:12.393+0000] {processor.py:914} INFO - Processing file /opt/airflow/dags/etl_to_datamart.py for tasks to queue
[2026-09-17T06:18:12.396+0000] {logging_mixin.py:190} INFO - [2026-09-17T06:18:12.395+0000] {dagbag.py:587} INFO - Filling up the DagBag from /opt/airflow/dags/etl_to_datamart.py
[2026-09-17T06:18:12.410+0000] {processor.py:925} INFO - DAG(s) 'dag_isi_data_mart' retrieved from /opt/airflow/dags/etl_to_datamart.py
[2026-09-17T06:18:12.441+0000] {logging_mixin.py:190} INFO - [2026-09-17T06:18:12.441+0000] {dag.py:3211} INFO - Sync 1 DAGs
[2026-09-17T06:18:12.456+0000] {logging_mixin.py:190} INFO - [2026-09-17T06:18:12.456+0000] {dag.py:4138} INFO - Setting next_dagrun for dag_isi_data_mart to None, run_after=None
[2026-09-17T06:18:12.478+0000] {processor.py:208} INFO - Processing /opt/airflow/dags/etl_to_datamart.py took 0.091 seconds
[2026-09-17T06:18:42.731+0000] {processor.py:186} INFO - Started process (PID=242) to work on /opt/airflow/dags/etl_to_datamart.py
[2026-09-17T06:18:42.733+0000] {processor.py:914} INFO - Processing file /opt/airflow/dags/etl_to_datamart.py for tasks to queue
[2026-09-17T06:18:42.735+0000] {logging_mixin.py:190} INFO - [2026-09-17T06:18:42.735+0000] {dagbag.py:587} INFO - Filling up the DagBag from /opt/airflow/dags/etl_to_datamart.py
[2026-09-17T06:18:42.753+0000] {processor.py:925} INFO - DAG(s) 'dag_isi_data_mart' retrieved from /opt/airflow/dags/etl_to_datamart.py
[2026-09-17T06:18:42.781+0000] {logging_mixin.py:190} INFO - [2026-09-17T06:18:42.781+0000] {dag.py:3211} INFO - Sync 1 DAGs
[2026-09-17T06:18:42.798+0000] {logging_mixin.py:190} INFO - [2026-09-17T06:18:42.798+0000] {dag.py:4138} INFO - Setting next_dagrun for dag_isi_data_mart to None, run_after=None
[2026-09-17T06:18:42.820+0000] {processor.py:208} INFO - Processing /opt/airflow/dags/etl_to_datamart.py took 0.098 seconds
[2026-09-17T06:19:12.984+0000] {processor.py:186} INFO - Started process (PID=250) to work on /opt/airflow/dags/etl_to_datamart.py
[2026-09-17T06:19:12.984+0000] {processor.py:914} INFO - Processing file /opt/airflow/dags/etl_to_datamart.py for tasks to queue
[2026-09-17T06:19:12.987+0000] {logging_mixin.py:190} INFO - [2026-09-17T06:19:12.987+0000] {dagbag.py:587} INFO - Filling up the DagBag from /opt/airflow/dags/etl_to_datamart.py
[2026-09-17T06:19:13.005+0000] {processor.py:925} INFO - DAG(s) 'dag_isi_data_mart' retrieved from /opt/airflow/dags/etl_to_datamart.py
[2026-09-17T06:19:13.036+0000] {logging_mixin.py:190} INFO - [2026-09-17T06:19:13.036+0000] {dag.py:3211} INFO - Sync 1 DAGs
[2026-09-17T06:19:13.051+0000] {logging_mixin.py:190} INFO - [2026-09-17T06:19:13.051+0000] {dag.py:4138} INFO - Setting next_dagrun for dag_isi_data_mart to None, run_after=None
[2026-09-17T06:19:13.075+0000] {processor.py:208} INFO - Processing /opt/airflow/dags/etl_to_datamart.py took 0.098 seconds
[2026-09-17T06:19:43.293+0000] {processor.py:186} INFO - Started process (PID=258) to work on /opt/airflow/dags/etl_to_datamart.py
[2026-09-17T06:19:43.294+0000] {processor.py:914} INFO - Processing file /opt/airflow/dags/etl_to_datamart.py for tasks to queue
[2026-09-17T06:19:43.298+0000] {logging_mixin.py:190} INFO - [2026-09-17T06:19:43.297+0000] {dagbag.py:587} INFO - Filling up the DagBag from /opt/airflow/dags/etl_to_datamart.py
[2026-09-17T06:19:43.317+0000] {processor.py:925} INFO - DAG(s) 'dag_isi_data_mart' retrieved from /opt/airflow/dags/etl_to_datamart.py
[2026-09-17T06:19:43.348+0000] {logging_mixin.py:190} INFO - [2026-09-17T06:19:43.347+0000] {dag.py:3211} INFO - Sync 1 DAGs
[2026-09-17T06:19:43.366+0000] {logging_mixin.py:190} INFO - [2026-09-17T06:19:43.366+0000] {dag.py:4138} INFO - Setting next_dagrun for dag_isi_data_mart to None, run_after=None
[2026-09-17T06:19:43.384+0000] {processor.py:208} INFO - Processing /opt/airflow/dags/etl_to_datamart.py took 0.102 seconds
[2026-09-17T06:20:13.526+0000] {processor.py:186} INFO - Started process (PID=266) to work on /opt/airflow/dags/etl_to_datamart.py
[2026-09-17T06:20:13.527+0000] {processor.py:914} INFO - Processing file /opt/airflow/dags/etl_to_datamart.py for tasks to queue
[2026-09-17T06:20:13.531+0000] {logging_mixin.py:190} INFO - [2026-09-17T06:20:13.531+0000] {dagbag.py:587} INFO - Filling up the DagBag from /opt/airflow/dags/etl_to_datamart.py
[2026-09-17T06:20:13.546+0000] {processor.py:925} INFO - DAG(s) 'dag_isi_data_mart' retrieved from /opt/airflow/dags/etl_to_datamart.py
[2026-09-17T06:20:13.578+0000] {logging_mixin.py:190} INFO - [2026-09-17T06:20:13.578+0000] {dag.py:3211} INFO - Sync 1 DAGs
[2026-09-17T06:20:13.594+0000] {logging_mixin.py:190} INFO - [2026-09-17T06:20:13.593+0000] {dag.py:4138} INFO - Setting next_dagrun for dag_isi_data_mart to None, run_after=None
[2026-09-17T06:20:13.614+0000] {processor.py:208} INFO - Processing /opt/airflow/dags/etl_to_datamart.py took 0.094 seconds
[2026-09-17T06:20:43.893+0000] {processor.py:186} INFO - Started process (PID=274) to work on /opt/airflow/dags/etl_to_datamart.py
[2026-09-17T06:20:43.894+0000] {processor.py:914} INFO - Processing file /opt/airflow/dags/etl_to_datamart.py for tasks to queue
[2026-09-17T06:20:43.896+0000] {logging_mixin.py:190} INFO - [2026-09-17T06:20:43.896+0000] {dagbag.py:587} INFO - Filling up the DagBag from /opt/airflow/dags/etl_to_datamart.py
[2026-09-17T06:20:43.912+0000] {processor.py:925} INFO - DAG(s) 'dag_isi_data_mart' retrieved from /opt/airflow/dags/etl_to_datamart.py
[2026-09-17T06:20:43.939+0000] {logging_mixin.py:190} INFO - [2026-09-17T06:20:43.939+0000] {dag.py:3211} INFO - Sync 1 DAGs
[2026-09-17T06:20:43.955+0000] {logging_mixin.py:190} INFO - [2026-09-17T06:20:43.955+0000] {dag.py:4138} INFO - Setting next_dagrun for dag_isi_data_mart to None, run_after=None
[2026-09-17T06:20:43.973+0000] {processor.py:208} INFO - Processing /opt/airflow/dags/etl_to_datamart.py took 0.086 seconds
[2026-09-17T06:21:14.132+0000] {processor.py:186} INFO - Started process (PID=282) to work on /opt/airflow/dags/etl_to_datamart.py
[2026-09-17T06:21:14.133+0000] {processor.py:914} INFO - Processing file /opt/airflow/dags/etl_to_datamart.py for tasks to queue
[2026-09-17T06:21:14.135+0000] {logging_mixin.py:190} INFO - [2026-09-17T06:21:14.135+0000] {dagbag.py:587} INFO - Filling up the DagBag from /opt/airflow/dags/etl_to_datamart.py
[2026-09-17T06:21:14.149+0000] {processor.py:925} INFO - DAG(s) 'dag_isi_data_mart' retrieved from /opt/airflow/dags/etl_to_datamart.py
[2026-09-17T06:21:14.186+0000] {logging_mixin.py:190} INFO - [2026-09-17T06:21:14.186+0000] {dag.py:3211} INFO - Sync 1 DAGs
[2026-09-17T06:21:14.202+0000] {logging_mixin.py:190} INFO - [2026-09-17T06:21:14.202+0000] {dag.py:4138} INFO - Setting next_dagrun for dag_isi_data_mart to None, run_after=None
[2026-09-17T06:21:14.221+0000] {processor.py:208} INFO - Processing /opt/airflow/dags/etl_to_datamart.py took 0.095 seconds
[2026-09-17T06:21:44.418+0000] {processor.py:186} INFO - Started process (PID=290) to work on /opt/airflow/dags/etl_to_datamart.py
[2026-09-17T06:21:44.419+0000] {processor.py:914} INFO - Processing file /opt/airflow/dags/etl_to_datamart.py for tasks to queue
[2026-09-17T06:21:44.421+0000] {logging_mixin.py:190} INFO - [2026-09-17T06:21:44.421+0000] {dagbag.py:587} INFO - Filling up the DagBag from /opt/airflow/dags/etl_to_datamart.py
[2026-09-17T06:21:44.436+0000] {processor.py:925} INFO - DAG(s) 'dag_isi_data_mart' retrieved from /opt/airflow/dags/etl_to_datamart.py
[2026-09-17T06:21:44.465+0000] {logging_mixin.py:190} INFO - [2026-09-17T06:21:44.465+0000] {dag.py:3211} INFO - Sync 1 DAGs
[2026-09-17T06:21:44.480+0000] {logging_mixin.py:190} INFO - [2026-09-17T06:21:44.480+0000] {dag.py:4138} INFO - Setting next_dagrun for dag_isi_data_mart to None, run_after=None
[2026-09-17T06:21:44.501+0000] {processor.py:208} INFO - Processing /opt/airflow/dags/etl_to_datamart.py took 0.090 seconds
[2026-09-17T06:22:14.664+0000] {processor.py:186} INFO - Started process (PID=298) to work on /opt/airflow/dags/etl_to_datamart.py
[2026-09-17T06:22:14.665+0000] {processor.py:914} INFO - Processing file /opt/airflow/dags/etl_to_datamart.py for tasks to queue
[2026-09-17T06:22:14.667+0000] {logging_mixin.py:190} INFO - [2026-09-17T06:22:14.667+0000] {dagbag.py:587} INFO - Filling up the DagBag from /opt/airflow/dags/etl_to_datamart.py
[2026-09-17T06:22:14.682+0000] {processor.py:925} INFO - DAG(s) 'dag_isi_data_mart' retrieved from /opt/airflow/dags/etl_to_datamart.py
[2026-09-17T06:22:14.713+0000] {logging_mixin.py:190} INFO - [2026-09-17T06:22:14.713+0000] {dag.py:3211} INFO - Sync 1 DAGs
[2026-09-17T06:22:14.728+0000] {logging_mixin.py:190} INFO - [2026-09-17T06:22:14.728+0000] {dag.py:4138} INFO - Setting next_dagrun for dag_isi_data_mart to None, run_after=None
[2026-09-17T06:22:14.749+0000] {processor.py:208} INFO - Processing /opt/airflow/dags/etl_to_datamart.py took 0.090 seconds
[2026-09-17T06:22:45.002+0000] {processor.py:186} INFO - Started process (PID=306) to work on /opt/airflow/dags/etl_to_datamart.py
[2026-09-17T06:22:45.003+0000] {processor.py:914} INFO - Processing file /opt/airflow/dags/etl_to_datamart.py for tasks to queue
[2026-09-17T06:22:45.006+0000] {logging_mixin.py:190} INFO - [2026-09-17T06:22:45.005+0000] {dagbag.py:587} INFO - Filling up the DagBag from /opt/airflow/dags/etl_to_datamart.py
[2026-09-17T06:22:45.025+0000] {processor.py:925} INFO - DAG(s) 'dag_isi_data_mart' retrieved from /opt/airflow/dags/etl_to_datamart.py
[2026-09-17T06:22:45.062+0000] {logging_mixin.py:190} INFO - [2026-09-17T06:22:45.062+0000] {dag.py:3211} INFO - Sync 1 DAGs
[2026-09-17T06:22:45.081+0000] {logging_mixin.py:190} INFO - [2026-09-17T06:22:45.081+0000] {dag.py:4138} INFO - Setting next_dagrun for dag_isi_data_mart to None, run_after=None
[2026-09-17T06:22:45.106+0000] {processor.py:208} INFO - Processing /opt/airflow/dags/etl_to_datamart.py took 0.114 seconds
[2026-09-17T06:23:15.246+0000] {processor.py:186} INFO - Started process (PID=314) to work on /opt/airflow/dags/etl_to_datamart.py
[2026-09-17T06:23:15.246+0000] {processor.py:914} INFO - Processing file /opt/airflow/dags/etl_to_datamart.py for tasks to queue
[2026-09-17T06:23:15.248+0000] {logging_mixin.py:190} INFO - [2026-09-17T06:23:15.248+0000] {dagbag.py:587} INFO - Filling up the DagBag from /opt/airflow/dags/etl_to_datamart.py
[2026-09-17T06:23:15.264+0000] {processor.py:925} INFO - DAG(s) 'dag_isi_data_mart' retrieved from /opt/airflow/dags/etl_to_datamart.py
[2026-09-17T06:23:15.294+0000] {logging_mixin.py:190} INFO - [2026-09-17T06:23:15.293+0000] {dag.py:3211} INFO - Sync 1 DAGs
[2026-09-17T06:23:15.308+0000] {logging_mixin.py:190} INFO - [2026-09-17T06:23:15.308+0000] {dag.py:4138} INFO - Setting next_dagrun for dag_isi_data_mart to None, run_after=None
[2026-09-17T06:23:15.328+0000] {processor.py:208} INFO - Processing /opt/airflow/dags/etl_to_datamart.py took 0.088 seconds
[2026-09-17T06:23:45.591+0000] {processor.py:186} INFO - Started process (PID=322) to work on /opt/airflow/dags/etl_to_datamart.py
[2026-09-17T06:23:45.592+0000] {processor.py:914} INFO - Processing file /opt/airflow/dags/etl_to_datamart.py for tasks to queue
[2026-09-17T06:23:45.594+0000] {logging_mixin.py:190} INFO - [2026-09-17T06:23:45.594+0000] {dagbag.py:587} INFO - Filling up the DagBag from /opt/airflow/dags/etl_to_datamart.py
[2026-09-17T06:23:45.610+0000] {processor.py:925} INFO - DAG(s) 'dag_isi_data_mart' retrieved from /opt/airflow/dags/etl_to_datamart.py
[2026-09-17T06:23:45.639+0000] {logging_mixin.py:190} INFO - [2026-09-17T06:23:45.638+0000] {dag.py:3211} INFO - Sync 1 DAGs
[2026-09-17T06:23:45.656+0000] {logging_mixin.py:190} INFO - [2026-09-17T06:23:45.655+0000] {dag.py:4138} INFO - Setting next_dagrun for dag_isi_data_mart to None, run_after=None
[2026-09-17T06:23:45.675+0000] {processor.py:208} INFO - Processing /opt/airflow/dags/etl_to_datamart.py took 0.091 seconds
[2026-09-17T06:24:15.941+0000] {processor.py:186} INFO - Started process (PID=330) to work on /opt/airflow/dags/etl_to_datamart.py
[2026-09-17T06:24:15.942+0000] {processor.py:914} INFO - Processing file /opt/airflow/dags/etl_to_datamart.py for tasks to queue
[2026-09-17T06:24:15.946+0000] {logging_mixin.py:190} INFO - [2026-09-17T06:24:15.945+0000] {dagbag.py:587} INFO - Filling up the DagBag from /opt/airflow/dags/etl_to_datamart.py
[2026-09-17T06:24:15.968+0000] {processor.py:925} INFO - DAG(s) 'dag_isi_data_mart' retrieved from /opt/airflow/dags/etl_to_datamart.py
[2026-09-17T06:24:16.008+0000] {logging_mixin.py:190} INFO - [2026-09-17T06:24:16.008+0000] {dag.py:3211} INFO - Sync 1 DAGs
[2026-09-17T06:24:16.031+0000] {logging_mixin.py:190} INFO - [2026-09-17T06:24:16.030+0000] {dag.py:4138} INFO - Setting next_dagrun for dag_isi_data_mart to None, run_after=None
[2026-09-17T06:24:16.056+0000] {processor.py:208} INFO - Processing /opt/airflow/dags/etl_to_datamart.py took 0.124 seconds
[2026-09-17T06:24:46.329+0000] {processor.py:186} INFO - Started process (PID=338) to work on /opt/airflow/dags/etl_to_datamart.py
[2026-09-17T06:24:46.330+0000] {processor.py:914} INFO - Processing file /opt/airflow/dags/etl_to_datamart.py for tasks to queue
[2026-09-17T06:24:46.333+0000] {logging_mixin.py:190} INFO - [2026-09-17T06:24:46.332+0000] {dagbag.py:587} INFO - Filling up the DagBag from /opt/airflow/dags/etl_to_datamart.py
[2026-09-17T06:24:46.349+0000] {processor.py:925} INFO - DAG(s) 'dag_isi_data_mart' retrieved from /opt/airflow/dags/etl_to_datamart.py
[2026-09-17T06:24:46.379+0000] {logging_mixin.py:190} INFO - [2026-09-17T06:24:46.379+0000] {dag.py:3211} INFO - Sync 1 DAGs
[2026-09-17T06:24:46.396+0000] {logging_mixin.py:190} INFO - [2026-09-17T06:24:46.395+0000] {dag.py:4138} INFO - Setting next_dagrun for dag_isi_data_mart to None, run_after=None
[2026-09-17T06:24:46.419+0000] {processor.py:208} INFO - Processing /opt/airflow/dags/etl_to_datamart.py took 0.096 seconds
[2026-09-17T06:25:16.621+0000] {processor.py:186} INFO - Started process (PID=346) to work on /opt/airflow/dags/etl_to_datamart.py
[2026-09-17T06:25:16.622+0000] {processor.py:914} INFO - Processing file /opt/airflow/dags/etl_to_datamart.py for tasks to queue
[2026-09-17T06:25:16.624+0000] {logging_mixin.py:190} INFO - [2026-09-17T06:25:16.624+0000] {dagbag.py:587} INFO - Filling up the DagBag from /opt/airflow/dags/etl_to_datamart.py
[2026-09-17T06:25:16.650+0000] {processor.py:925} INFO - DAG(s) 'dag_isi_data_mart' retrieved from /opt/airflow/dags/etl_to_datamart.py
[2026-09-17T06:25:16.700+0000] {logging_mixin.py:190} INFO - [2026-09-17T06:25:16.699+0000] {dag.py:3211} INFO - Sync 1 DAGs
[2026-09-17T06:25:16.718+0000] {logging_mixin.py:190} INFO - [2026-09-17T06:25:16.718+0000] {dag.py:4138} INFO - Setting next_dagrun for dag_isi_data_mart to None, run_after=None
[2026-09-17T06:25:16.741+0000] {processor.py:208} INFO - Processing /opt/airflow/dags/etl_to_datamart.py took 0.126 seconds
[2026-09-17T06:25:47.012+0000] {processor.py:186} INFO - Started process (PID=354) to work on /opt/airflow/dags/etl_to_datamart.py
[2026-09-17T06:25:47.013+0000] {processor.py:914} INFO - Processing file /opt/airflow/dags/etl_to_datamart.py for tasks to queue
[2026-09-17T06:25:47.016+0000] {logging_mixin.py:190} INFO - [2026-09-17T06:25:47.015+0000] {dagbag.py:587} INFO - Filling up the DagBag from /opt/airflow/dags/etl_to_datamart.py
[2026-09-17T06:25:47.040+0000] {processor.py:925} INFO - DAG(s) 'dag_isi_data_mart' retrieved from /opt/airflow/dags/etl_to_datamart.py
[2026-09-17T06:25:47.079+0000] {logging_mixin.py:190} INFO - [2026-09-17T06:25:47.079+0000] {dag.py:3211} INFO - Sync 1 DAGs
[2026-09-17T06:25:47.102+0000] {logging_mixin.py:190} INFO - [2026-09-17T06:25:47.101+0000] {dag.py:4138} INFO - Setting next_dagrun for dag_isi_data_mart to None, run_after=None
[2026-09-17T06:25:47.128+0000] {processor.py:208} INFO - Processing /opt/airflow/dags/etl_to_datamart.py took 0.128 seconds
[2026-09-17T06:26:17.385+0000] {processor.py:186} INFO - Started process (PID=363) to work on /opt/airflow/dags/etl_to_datamart.py
[2026-09-17T06:26:17.386+0000] {processor.py:914} INFO - Processing file /opt/airflow/dags/etl_to_datamart.py for tasks to queue
[2026-09-17T06:26:17.389+0000] {logging_mixin.py:190} INFO - [2026-09-17T06:26:17.388+0000] {dagbag.py:587} INFO - Filling up the DagBag from /opt/airflow/dags/etl_to_datamart.py
[2026-09-17T06:26:17.404+0000] {processor.py:925} INFO - DAG(s) 'dag_isi_data_mart' retrieved from /opt/airflow/dags/etl_to_datamart.py
[2026-09-17T06:26:17.433+0000] {logging_mixin.py:190} INFO - [2026-09-17T06:26:17.432+0000] {dag.py:3211} INFO - Sync 1 DAGs
[2026-09-17T06:26:17.449+0000] {logging_mixin.py:190} INFO - [2026-09-17T06:26:17.448+0000] {dag.py:4138} INFO - Setting next_dagrun for dag_isi_data_mart to None, run_after=None
[2026-09-17T06:26:17.468+0000] {processor.py:208} INFO - Processing /opt/airflow/dags/etl_to_datamart.py took 0.089 seconds
[2026-09-17T06:26:47.623+0000] {processor.py:186} INFO - Started process (PID=371) to work on /opt/airflow/dags/etl_to_datamart.py
[2026-09-17T06:26:47.624+0000] {processor.py:914} INFO - Processing file /opt/airflow/dags/etl_to_datamart.py for tasks to queue
[2026-09-17T06:26:47.626+0000] {logging_mixin.py:190} INFO - [2026-09-17T06:26:47.625+0000] {dagbag.py:587} INFO - Filling up the DagBag from /opt/airflow/dags/etl_to_datamart.py
[2026-09-17T06:26:47.640+0000] {processor.py:925} INFO - DAG(s) 'dag_isi_data_mart' retrieved from /opt/airflow/dags/etl_to_datamart.py
[2026-09-17T06:26:47.667+0000] {logging_mixin.py:190} INFO - [2026-09-17T06:26:47.667+0000] {dag.py:3211} INFO - Sync 1 DAGs
[2026-09-17T06:26:47.682+0000] {logging_mixin.py:190} INFO - [2026-09-17T06:26:47.682+0000] {dag.py:4138} INFO - Setting next_dagrun for dag_isi_data_mart to None, run_after=None
[2026-09-17T06:26:47.701+0000] {processor.py:208} INFO - Processing /opt/airflow/dags/etl_to_datamart.py took 0.084 seconds
[2026-09-17T06:27:17.911+0000] {processor.py:186} INFO - Started process (PID=379) to work on /opt/airflow/dags/etl_to_datamart.py
[2026-09-17T06:27:17.913+0000] {processor.py:914} INFO - Processing file /opt/airflow/dags/etl_to_datamart.py for tasks to queue
[2026-09-17T06:27:17.915+0000] {logging_mixin.py:190} INFO - [2026-09-17T06:27:17.914+0000] {dagbag.py:587} INFO - Filling up the DagBag from /opt/airflow/dags/etl_to_datamart.py
[2026-09-17T06:27:17.933+0000] {processor.py:925} INFO - DAG(s) 'dag_isi_data_mart' retrieved from /opt/airflow/dags/etl_to_datamart.py
[2026-09-17T06:27:17.968+0000] {logging_mixin.py:190} INFO - [2026-09-17T06:27:17.967+0000] {dag.py:3211} INFO - Sync 1 DAGs
[2026-09-17T06:27:17.994+0000] {logging_mixin.py:190} INFO - [2026-09-17T06:27:17.993+0000] {dag.py:4138} INFO - Setting next_dagrun for dag_isi_data_mart to None, run_after=None
[2026-09-17T06:27:18.014+0000] {processor.py:208} INFO - Processing /opt/airflow/dags/etl_to_datamart.py took 0.111 seconds
[2026-09-17T06:27:48.292+0000] {processor.py:186} INFO - Started process (PID=387) to work on /opt/airflow/dags/etl_to_datamart.py
[2026-09-17T06:27:48.293+0000] {processor.py:914} INFO - Processing file /opt/airflow/dags/etl_to_datamart.py for tasks to queue
[2026-09-17T06:27:48.296+0000] {logging_mixin.py:190} INFO - [2026-09-17T06:27:48.295+0000] {dagbag.py:587} INFO - Filling up the DagBag from /opt/airflow/dags/etl_to_datamart.py
[2026-09-17T06:27:48.312+0000] {processor.py:925} INFO - DAG(s) 'dag_isi_data_mart' retrieved from /opt/airflow/dags/etl_to_datamart.py
[2026-09-17T06:27:48.352+0000] {logging_mixin.py:190} INFO - [2026-09-17T06:27:48.352+0000] {dag.py:3211} INFO - Sync 1 DAGs
[2026-09-17T06:27:48.367+0000] {logging_mixin.py:190} INFO - [2026-09-17T06:27:48.367+0000] {dag.py:4138} INFO - Setting next_dagrun for dag_isi_data_mart to None, run_after=None
[2026-09-17T06:27:48.387+0000] {processor.py:208} INFO - Processing /opt/airflow/dags/etl_to_datamart.py took 0.103 seconds
[2026-09-17T06:28:18.636+0000] {processor.py:186} INFO - Started process (PID=395) to work on /opt/airflow/dags/etl_to_datamart.py
[2026-09-17T06:28:18.637+0000] {processor.py:914} INFO - Processing file /opt/airflow/dags/etl_to_datamart.py for tasks to queue
[2026-09-17T06:28:18.640+0000] {logging_mixin.py:190} INFO - [2026-09-17T06:28:18.640+0000] {dagbag.py:587} INFO - Filling up the DagBag from /opt/airflow/dags/etl_to_datamart.py
[2026-09-17T06:28:18.655+0000] {processor.py:925} INFO - DAG(s) 'dag_isi_data_mart' retrieved from /opt/airflow/dags/etl_to_datamart.py
[2026-09-17T06:28:18.684+0000] {logging_mixin.py:190} INFO - [2026-09-17T06:28:18.684+0000] {dag.py:3211} INFO - Sync 1 DAGs
[2026-09-17T06:28:18.704+0000] {logging_mixin.py:190} INFO - [2026-09-17T06:28:18.704+0000] {dag.py:4138} INFO - Setting next_dagrun for dag_isi_data_mart to None, run_after=None
[2026-09-17T06:28:18.730+0000] {processor.py:208} INFO - Processing /opt/airflow/dags/etl_to_datamart.py took 0.100 seconds
[2026-09-17T06:28:48.888+0000] {processor.py:186} INFO - Started process (PID=403) to work on /opt/airflow/dags/etl_to_datamart.py
[2026-09-17T06:28:48.889+0000] {processor.py:914} INFO - Processing file /opt/airflow/dags/etl_to_datamart.py for tasks to queue
[2026-09-17T06:28:48.893+0000] {logging_mixin.py:190} INFO - [2026-09-17T06:28:48.892+0000] {dagbag.py:587} INFO - Filling up the DagBag from /opt/airflow/dags/etl_to_datamart.py
[2026-09-17T06:28:48.910+0000] {processor.py:925} INFO - DAG(s) 'dag_isi_data_mart' retrieved from /opt/airflow/dags/etl_to_datamart.py
[2026-09-17T06:28:48.949+0000] {logging_mixin.py:190} INFO - [2026-09-17T06:28:48.948+0000] {dag.py:3211} INFO - Sync 1 DAGs
[2026-09-17T06:28:48.965+0000] {logging_mixin.py:190} INFO - [2026-09-17T06:28:48.965+0000] {dag.py:4138} INFO - Setting next_dagrun for dag_isi_data_mart to None, run_after=None
[2026-09-17T06:28:48.988+0000] {processor.py:208} INFO - Processing /opt/airflow/dags/etl_to_datamart.py took 0.108 seconds
[2026-09-17T06:29:19.231+0000] {processor.py:186} INFO - Started process (PID=411) to work on /opt/airflow/dags/etl_to_datamart.py
[2026-09-17T06:29:19.232+0000] {processor.py:914} INFO - Processing file /opt/airflow/dags/etl_to_datamart.py for tasks to queue
[2026-09-17T06:29:19.235+0000] {logging_mixin.py:190} INFO - [2026-09-17T06:29:19.234+0000] {dagbag.py:587} INFO - Filling up the DagBag from /opt/airflow/dags/etl_to_datamart.py
[2026-09-17T06:29:19.255+0000] {processor.py:925} INFO - DAG(s) 'dag_isi_data_mart' retrieved from /opt/airflow/dags/etl_to_datamart.py
[2026-09-17T06:29:19.290+0000] {logging_mixin.py:190} INFO - [2026-09-17T06:29:19.290+0000] {dag.py:3211} INFO - Sync 1 DAGs
[2026-09-17T06:29:19.307+0000] {logging_mixin.py:190} INFO - [2026-09-17T06:29:19.306+0000] {dag.py:4138} INFO - Setting next_dagrun for dag_isi_data_mart to None, run_after=None
[2026-09-17T06:29:19.327+0000] {processor.py:208} INFO - Processing /opt/airflow/dags/etl_to_datamart.py took 0.104 seconds
[2026-09-17T06:29:49.480+0000] {processor.py:186} INFO - Started process (PID=419) to work on /opt/airflow/dags/etl_to_datamart.py
[2026-09-17T06:29:49.481+0000] {processor.py:914} INFO - Processing file /opt/airflow/dags/etl_to_datamart.py for tasks to queue
[2026-09-17T06:29:49.483+0000] {logging_mixin.py:190} INFO - [2026-09-17T06:29:49.482+0000] {dagbag.py:587} INFO - Filling up the DagBag from /opt/airflow/dags/etl_to_datamart.py
[2026-09-17T06:29:49.499+0000] {processor.py:925} INFO - DAG(s) 'dag_isi_data_mart' retrieved from /opt/airflow/dags/etl_to_datamart.py
[2026-09-17T06:29:49.534+0000] {logging_mixin.py:190} INFO - [2026-09-17T06:29:49.533+0000] {dag.py:3211} INFO - Sync 1 DAGs
[2026-09-17T06:29:49.551+0000] {logging_mixin.py:190} INFO - [2026-09-17T06:29:49.550+0000] {dag.py:4138} INFO - Setting next_dagrun for dag_isi_data_mart to None, run_after=None
[2026-09-17T06:29:49.572+0000] {processor.py:208} INFO - Processing /opt/airflow/dags/etl_to_datamart.py took 0.100 seconds
[2026-09-17T06:30:19.843+0000] {processor.py:186} INFO - Started process (PID=427) to work on /opt/airflow/dags/etl_to_datamart.py
[2026-09-17T06:30:19.844+0000] {processor.py:914} INFO - Processing file /opt/airflow/dags/etl_to_datamart.py for tasks to queue
[2026-09-17T06:30:19.847+0000] {logging_mixin.py:190} INFO - [2026-09-17T06:30:19.846+0000] {dagbag.py:587} INFO - Filling up the DagBag from /opt/airflow/dags/etl_to_datamart.py
[2026-09-17T06:30:19.863+0000] {processor.py:925} INFO - DAG(s) 'dag_isi_data_mart' retrieved from /opt/airflow/dags/etl_to_datamart.py
[2026-09-17T06:30:19.896+0000] {logging_mixin.py:190} INFO - [2026-09-17T06:30:19.896+0000] {dag.py:3211} INFO - Sync 1 DAGs
[2026-09-17T06:30:19.911+0000] {logging_mixin.py:190} INFO - [2026-09-17T06:30:19.911+0000] {dag.py:4138} INFO - Setting next_dagrun for dag_isi_data_mart to None, run_after=None
[2026-09-17T06:30:19.931+0000] {processor.py:208} INFO - Processing /opt/airflow/dags/etl_to_datamart.py took 0.095 seconds
[2026-09-17T06:30:50.124+0000] {processor.py:186} INFO - Started process (PID=435) to work on /opt/airflow/dags/etl_to_datamart.py
[2026-09-17T06:30:50.125+0000] {processor.py:914} INFO - Processing file /opt/airflow/dags/etl_to_datamart.py for tasks to queue
[2026-09-17T06:30:50.127+0000] {logging_mixin.py:190} INFO - [2026-09-17T06:30:50.127+0000] {dagbag.py:587} INFO - Filling up the DagBag from /opt/airflow/dags/etl_to_datamart.py
[2026-09-17T06:30:50.147+0000] {processor.py:925} INFO - DAG(s) 'dag_isi_data_mart' retrieved from /opt/airflow/dags/etl_to_datamart.py
[2026-09-17T06:30:50.181+0000] {logging_mixin.py:190} INFO - [2026-09-17T06:30:50.180+0000] {dag.py:3211} INFO - Sync 1 DAGs
[2026-09-17T06:30:50.197+0000] {logging_mixin.py:190} INFO - [2026-09-17T06:30:50.197+0000] {dag.py:4138} INFO - Setting next_dagrun for dag_isi_data_mart to None, run_after=None
[2026-09-17T06:30:50.217+0000] {processor.py:208} INFO - Processing /opt/airflow/dags/etl_to_datamart.py took 0.100 seconds
[2026-09-17T06:31:20.438+0000] {processor.py:186} INFO - Started process (PID=443) to work on /opt/airflow/dags/etl_to_datamart.py
[2026-09-17T06:31:20.439+0000] {processor.py:914} INFO - Processing file /opt/airflow/dags/etl_to_datamart.py for tasks to queue
[2026-09-17T06:31:20.442+0000] {logging_mixin.py:190} INFO - [2026-09-17T06:31:20.442+0000] {dagbag.py:587} INFO - Filling up the DagBag from /opt/airflow/dags/etl_to_datamart.py
[2026-09-17T06:31:20.462+0000] {processor.py:925} INFO - DAG(s) 'dag_isi_data_mart' retrieved from /opt/airflow/dags/etl_to_datamart.py
[2026-09-17T06:31:20.499+0000] {logging_mixin.py:190} INFO - [2026-09-17T06:31:20.498+0000] {dag.py:3211} INFO - Sync 1 DAGs
[2026-09-17T06:31:20.517+0000] {logging_mixin.py:190} INFO - [2026-09-17T06:31:20.517+0000] {dag.py:4138} INFO - Setting next_dagrun for dag_isi_data_mart to None, run_after=None
[2026-09-17T06:31:20.540+0000] {processor.py:208} INFO - Processing /opt/airflow/dags/etl_to_datamart.py took 0.110 seconds
[2026-09-17T06:31:50.688+0000] {processor.py:186} INFO - Started process (PID=451) to work on /opt/airflow/dags/etl_to_datamart.py
[2026-09-17T06:31:50.689+0000] {processor.py:914} INFO - Processing file /opt/airflow/dags/etl_to_datamart.py for tasks to queue
[2026-09-17T06:31:50.693+0000] {logging_mixin.py:190} INFO - [2026-09-17T06:31:50.692+0000] {dagbag.py:587} INFO - Filling up the DagBag from /opt/airflow/dags/etl_to_datamart.py
[2026-09-17T06:31:50.708+0000] {processor.py:925} INFO - DAG(s) 'dag_isi_data_mart' retrieved from /opt/airflow/dags/etl_to_datamart.py
[2026-09-17T06:31:50.752+0000] {logging_mixin.py:190} INFO - [2026-09-17T06:31:50.751+0000] {dag.py:3211} INFO - Sync 1 DAGs
[2026-09-17T06:31:50.772+0000] {logging_mixin.py:190} INFO - [2026-09-17T06:31:50.771+0000] {dag.py:4138} INFO - Setting next_dagrun for dag_isi_data_mart to None, run_after=None
[2026-09-17T06:31:50.792+0000] {processor.py:208} INFO - Processing /opt/airflow/dags/etl_to_datamart.py took 0.113 seconds
[2026-09-17T06:32:20.991+0000] {processor.py:186} INFO - Started process (PID=459) to work on /opt/airflow/dags/etl_to_datamart.py
[2026-09-17T06:32:20.992+0000] {processor.py:914} INFO - Processing file /opt/airflow/dags/etl_to_datamart.py for tasks to queue
[2026-09-17T06:32:20.994+0000] {logging_mixin.py:190} INFO - [2026-09-17T06:32:20.994+0000] {dagbag.py:587} INFO - Filling up the DagBag from /opt/airflow/dags/etl_to_datamart.py
[2026-09-17T06:32:21.009+0000] {processor.py:925} INFO - DAG(s) 'dag_isi_data_mart' retrieved from /opt/airflow/dags/etl_to_datamart.py
[2026-09-17T06:32:21.039+0000] {logging_mixin.py:190} INFO - [2026-09-17T06:32:21.038+0000] {dag.py:3211} INFO - Sync 1 DAGs
[2026-09-17T06:32:21.053+0000] {logging_mixin.py:190} INFO - [2026-09-17T06:32:21.053+0000] {dag.py:4138} INFO - Setting next_dagrun for dag_isi_data_mart to None, run_after=None
[2026-09-17T06:32:21.072+0000] {processor.py:208} INFO - Processing /opt/airflow/dags/etl_to_datamart.py took 0.087 seconds
[2026-09-17T06:32:51.317+0000] {processor.py:186} INFO - Started process (PID=467) to work on /opt/airflow/dags/etl_to_datamart.py
[2026-09-17T06:32:51.318+0000] {processor.py:914} INFO - Processing file /opt/airflow/dags/etl_to_datamart.py for tasks to queue
[2026-09-17T06:32:51.320+0000] {logging_mixin.py:190} INFO - [2026-09-17T06:32:51.320+0000] {dagbag.py:587} INFO - Filling up the DagBag from /opt/airflow/dags/etl_to_datamart.py
[2026-09-17T06:32:51.335+0000] {processor.py:925} INFO - DAG(s) 'dag_isi_data_mart' retrieved from /opt/airflow/dags/etl_to_datamart.py
[2026-09-17T06:32:51.364+0000] {logging_mixin.py:190} INFO - [2026-09-17T06:32:51.364+0000] {dag.py:3211} INFO - Sync 1 DAGs
[2026-09-17T06:32:51.379+0000] {logging_mixin.py:190} INFO - [2026-09-17T06:32:51.379+0000] {dag.py:4138} INFO - Setting next_dagrun for dag_isi_data_mart to None, run_after=None
[2026-09-17T06:32:51.398+0000] {processor.py:208} INFO - Processing /opt/airflow/dags/etl_to_datamart.py took 0.088 seconds
[2026-09-17T06:33:21.568+0000] {processor.py:186} INFO - Started process (PID=474) to work on /opt/airflow/dags/etl_to_datamart.py
[2026-09-17T06:33:21.569+0000] {processor.py:914} INFO - Processing file /opt/airflow/dags/etl_to_datamart.py for tasks to queue
[2026-09-17T06:33:21.571+0000] {logging_mixin.py:190} INFO - [2026-09-17T06:33:21.571+0000] {dagbag.py:587} INFO - Filling up the DagBag from /opt/airflow/dags/etl_to_datamart.py
[2026-09-17T06:33:21.590+0000] {processor.py:925} INFO - DAG(s) 'dag_isi_data_mart' retrieved from /opt/airflow/dags/etl_to_datamart.py
[2026-09-17T06:33:21.626+0000] {logging_mixin.py:190} INFO - [2026-09-17T06:33:21.625+0000] {dag.py:3211} INFO - Sync 1 DAGs
[2026-09-17T06:33:21.640+0000] {logging_mixin.py:190} INFO - [2026-09-17T06:33:21.639+0000] {dag.py:4138} INFO - Setting next_dagrun for dag_isi_data_mart to None, run_after=None
[2026-09-17T06:33:21.659+0000] {processor.py:208} INFO - Processing /opt/airflow/dags/etl_to_datamart.py took 0.099 seconds
[2026-09-17T06:33:51.851+0000] {processor.py:186} INFO - Started process (PID=482) to work on /opt/airflow/dags/etl_to_datamart.py
[2026-09-17T06:33:51.852+0000] {processor.py:914} INFO - Processing file /opt/airflow/dags/etl_to_datamart.py for tasks to queue
[2026-09-17T06:33:51.854+0000] {logging_mixin.py:190} INFO - [2026-09-17T06:33:51.854+0000] {dagbag.py:587} INFO - Filling up the DagBag from /opt/airflow/dags/etl_to_datamart.py
[2026-09-17T06:33:51.873+0000] {processor.py:925} INFO - DAG(s) 'dag_isi_data_mart' retrieved from /opt/airflow/dags/etl_to_datamart.py
[2026-09-17T06:33:51.904+0000] {logging_mixin.py:190} INFO - [2026-09-17T06:33:51.904+0000] {dag.py:3211} INFO - Sync 1 DAGs
[2026-09-17T06:33:51.921+0000] {logging_mixin.py:190} INFO - [2026-09-17T06:33:51.921+0000] {dag.py:4138} INFO - Setting next_dagrun for dag_isi_data_mart to None, run_after=None
[2026-09-17T06:33:51.943+0000] {processor.py:208} INFO - Processing /opt/airflow/dags/etl_to_datamart.py took 0.100 seconds
[2026-09-17T06:34:22.115+0000] {processor.py:186} INFO - Started process (PID=490) to work on /opt/airflow/dags/etl_to_datamart.py
[2026-09-17T06:34:22.116+0000] {processor.py:914} INFO - Processing file /opt/airflow/dags/etl_to_datamart.py for tasks to queue
[2026-09-17T06:34:22.118+0000] {logging_mixin.py:190} INFO - [2026-09-17T06:34:22.117+0000] {dagbag.py:587} INFO - Filling up the DagBag from /opt/airflow/dags/etl_to_datamart.py
[2026-09-17T06:34:22.132+0000] {processor.py:925} INFO - DAG(s) 'dag_isi_data_mart' retrieved from /opt/airflow/dags/etl_to_datamart.py
[2026-09-17T06:34:22.160+0000] {logging_mixin.py:190} INFO - [2026-09-17T06:34:22.160+0000] {dag.py:3211} INFO - Sync 1 DAGs
[2026-09-17T06:34:22.176+0000] {logging_mixin.py:190} INFO - [2026-09-17T06:34:22.176+0000] {dag.py:4138} INFO - Setting next_dagrun for dag_isi_data_mart to None, run_after=None
[2026-09-17T06:34:22.193+0000] {processor.py:208} INFO - Processing /opt/airflow/dags/etl_to_datamart.py took 0.085 seconds
[2026-09-17T06:34:52.416+0000] {processor.py:186} INFO - Started process (PID=498) to work on /opt/airflow/dags/etl_to_datamart.py
[2026-09-17T06:34:52.418+0000] {processor.py:914} INFO - Processing file /opt/airflow/dags/etl_to_datamart.py for tasks to queue
[2026-09-17T06:34:52.421+0000] {logging_mixin.py:190} INFO - [2026-09-17T06:34:52.420+0000] {dagbag.py:587} INFO - Filling up the DagBag from /opt/airflow/dags/etl_to_datamart.py
[2026-09-17T06:34:52.439+0000] {processor.py:925} INFO - DAG(s) 'dag_isi_data_mart' retrieved from /opt/airflow/dags/etl_to_datamart.py
[2026-09-17T06:34:52.487+0000] {logging_mixin.py:190} INFO - [2026-09-17T06:34:52.487+0000] {dag.py:3211} INFO - Sync 1 DAGs
[2026-09-17T06:34:52.539+0000] {logging_mixin.py:190} INFO - [2026-09-17T06:34:52.538+0000] {dag.py:4138} INFO - Setting next_dagrun for dag_isi_data_mart to None, run_after=None
[2026-09-17T06:34:52.580+0000] {processor.py:208} INFO - Processing /opt/airflow/dags/etl_to_datamart.py took 0.173 seconds
[2026-09-17T06:35:22.835+0000] {processor.py:186} INFO - Started process (PID=506) to work on /opt/airflow/dags/etl_to_datamart.py
[2026-09-17T06:35:22.837+0000] {processor.py:914} INFO - Processing file /opt/airflow/dags/etl_to_datamart.py for tasks to queue
[2026-09-17T06:35:22.840+0000] {logging_mixin.py:190} INFO - [2026-09-17T06:35:22.840+0000] {dagbag.py:587} INFO - Filling up the DagBag from /opt/airflow/dags/etl_to_datamart.py
[2026-09-17T06:35:22.861+0000] {processor.py:925} INFO - DAG(s) 'dag_isi_data_mart' retrieved from /opt/airflow/dags/etl_to_datamart.py
[2026-09-17T06:35:22.904+0000] {logging_mixin.py:190} INFO - [2026-09-17T06:35:22.904+0000] {dag.py:3211} INFO - Sync 1 DAGs
[2026-09-17T06:35:22.925+0000] {logging_mixin.py:190} INFO - [2026-09-17T06:35:22.925+0000] {dag.py:4138} INFO - Setting next_dagrun for dag_isi_data_mart to None, run_after=None
[2026-09-17T06:35:22.952+0000] {processor.py:208} INFO - Processing /opt/airflow/dags/etl_to_datamart.py took 0.126 seconds
[2026-09-17T06:35:53.097+0000] {processor.py:186} INFO - Started process (PID=514) to work on /opt/airflow/dags/etl_to_datamart.py
[2026-09-17T06:35:53.099+0000] {processor.py:914} INFO - Processing file /opt/airflow/dags/etl_to_datamart.py for tasks to queue
[2026-09-17T06:35:53.101+0000] {logging_mixin.py:190} INFO - [2026-09-17T06:35:53.101+0000] {dagbag.py:587} INFO - Filling up the DagBag from /opt/airflow/dags/etl_to_datamart.py
[2026-09-17T06:35:53.118+0000] {processor.py:925} INFO - DAG(s) 'dag_isi_data_mart' retrieved from /opt/airflow/dags/etl_to_datamart.py
[2026-09-17T06:35:53.156+0000] {logging_mixin.py:190} INFO - [2026-09-17T06:35:53.156+0000] {dag.py:3211} INFO - Sync 1 DAGs
[2026-09-17T06:35:53.177+0000] {logging_mixin.py:190} INFO - [2026-09-17T06:35:53.176+0000] {dag.py:4138} INFO - Setting next_dagrun for dag_isi_data_mart to None, run_after=None
[2026-09-17T06:35:53.199+0000] {processor.py:208} INFO - Processing /opt/airflow/dags/etl_to_datamart.py took 0.109 seconds
[2026-09-17T06:36:23.462+0000] {processor.py:186} INFO - Started process (PID=522) to work on /opt/airflow/dags/etl_to_datamart.py
[2026-09-17T06:36:23.463+0000] {processor.py:914} INFO - Processing file /opt/airflow/dags/etl_to_datamart.py for tasks to queue
[2026-09-17T06:36:23.466+0000] {logging_mixin.py:190} INFO - [2026-09-17T06:36:23.466+0000] {dagbag.py:587} INFO - Filling up the DagBag from /opt/airflow/dags/etl_to_datamart.py
[2026-09-17T06:36:23.483+0000] {processor.py:925} INFO - DAG(s) 'dag_isi_data_mart' retrieved from /opt/airflow/dags/etl_to_datamart.py
[2026-09-17T06:36:23.522+0000] {logging_mixin.py:190} INFO - [2026-09-17T06:36:23.522+0000] {dag.py:3211} INFO - Sync 1 DAGs
[2026-09-17T06:36:23.542+0000] {logging_mixin.py:190} INFO - [2026-09-17T06:36:23.541+0000] {dag.py:4138} INFO - Setting next_dagrun for dag_isi_data_mart to None, run_after=None
[2026-09-17T06:36:23.563+0000] {processor.py:208} INFO - Processing /opt/airflow/dags/etl_to_datamart.py took 0.109 seconds
[2026-09-17T06:36:53.708+0000] {processor.py:186} INFO - Started process (PID=530) to work on /opt/airflow/dags/etl_to_datamart.py
[2026-09-17T06:36:53.709+0000] {processor.py:914} INFO - Processing file /opt/airflow/dags/etl_to_datamart.py for tasks to queue
[2026-09-17T06:36:53.713+0000] {logging_mixin.py:190} INFO - [2026-09-17T06:36:53.713+0000] {dagbag.py:587} INFO - Filling up the DagBag from /opt/airflow/dags/etl_to_datamart.py
[2026-09-17T06:36:53.732+0000] {processor.py:925} INFO - DAG(s) 'dag_isi_data_mart' retrieved from /opt/airflow/dags/etl_to_datamart.py
[2026-09-17T06:36:53.768+0000] {logging_mixin.py:190} INFO - [2026-09-17T06:36:53.767+0000] {dag.py:3211} INFO - Sync 1 DAGs
[2026-09-17T06:36:53.784+0000] {logging_mixin.py:190} INFO - [2026-09-17T06:36:53.784+0000] {dag.py:4138} INFO - Setting next_dagrun for dag_isi_data_mart to None, run_after=None
[2026-09-17T06:36:53.807+0000] {processor.py:208} INFO - Processing /opt/airflow/dags/etl_to_datamart.py took 0.106 seconds
[2026-09-17T06:37:24.057+0000] {processor.py:186} INFO - Started process (PID=538) to work on /opt/airflow/dags/etl_to_datamart.py
[2026-09-17T06:37:24.058+0000] {processor.py:914} INFO - Processing file /opt/airflow/dags/etl_to_datamart.py for tasks to queue
[2026-09-17T06:37:24.063+0000] {logging_mixin.py:190} INFO - [2026-09-17T06:37:24.062+0000] {dagbag.py:587} INFO - Filling up the DagBag from /opt/airflow/dags/etl_to_datamart.py
[2026-09-17T06:37:24.087+0000] {processor.py:925} INFO - DAG(s) 'dag_isi_data_mart' retrieved from /opt/airflow/dags/etl_to_datamart.py
[2026-09-17T06:37:24.123+0000] {logging_mixin.py:190} INFO - [2026-09-17T06:37:24.123+0000] {dag.py:3211} INFO - Sync 1 DAGs
[2026-09-17T06:37:24.148+0000] {logging_mixin.py:190} INFO - [2026-09-17T06:37:24.147+0000] {dag.py:4138} INFO - Setting next_dagrun for dag_isi_data_mart to None, run_after=None
[2026-09-17T06:37:24.173+0000] {processor.py:208} INFO - Processing /opt/airflow/dags/etl_to_datamart.py took 0.123 seconds
[2026-09-17T06:37:54.313+0000] {processor.py:186} INFO - Started process (PID=546) to work on /opt/airflow/dags/etl_to_datamart.py
[2026-09-17T06:37:54.314+0000] {processor.py:914} INFO - Processing file /opt/airflow/dags/etl_to_datamart.py for tasks to queue
[2026-09-17T06:37:54.317+0000] {logging_mixin.py:190} INFO - [2026-09-17T06:37:54.316+0000] {dagbag.py:587} INFO - Filling up the DagBag from /opt/airflow/dags/etl_to_datamart.py
[2026-09-17T06:37:54.336+0000] {processor.py:925} INFO - DAG(s) 'dag_isi_data_mart' retrieved from /opt/airflow/dags/etl_to_datamart.py
[2026-09-17T06:37:54.370+0000] {logging_mixin.py:190} INFO - [2026-09-17T06:37:54.370+0000] {dag.py:3211} INFO - Sync 1 DAGs
[2026-09-17T06:37:54.387+0000] {logging_mixin.py:190} INFO - [2026-09-17T06:37:54.386+0000] {dag.py:4138} INFO - Setting next_dagrun for dag_isi_data_mart to None, run_after=None
[2026-09-17T06:37:54.409+0000] {processor.py:208} INFO - Processing /opt/airflow/dags/etl_to_datamart.py took 0.104 seconds
[2026-09-17T06:38:24.654+0000] {processor.py:186} INFO - Started process (PID=554) to work on /opt/airflow/dags/etl_to_datamart.py
[2026-09-17T06:38:24.655+0000] {processor.py:914} INFO - Processing file /opt/airflow/dags/etl_to_datamart.py for tasks to queue
[2026-09-17T06:38:24.658+0000] {logging_mixin.py:190} INFO - [2026-09-17T06:38:24.658+0000] {dagbag.py:587} INFO - Filling up the DagBag from /opt/airflow/dags/etl_to_datamart.py
[2026-09-17T06:38:24.675+0000] {processor.py:925} INFO - DAG(s) 'dag_isi_data_mart' retrieved from /opt/airflow/dags/etl_to_datamart.py
[2026-09-17T06:38:24.706+0000] {logging_mixin.py:190} INFO - [2026-09-17T06:38:24.706+0000] {dag.py:3211} INFO - Sync 1 DAGs
[2026-09-17T06:38:24.720+0000] {logging_mixin.py:190} INFO - [2026-09-17T06:38:24.720+0000] {dag.py:4138} INFO - Setting next_dagrun for dag_isi_data_mart to None, run_after=None
[2026-09-17T06:38:24.739+0000] {processor.py:208} INFO - Processing /opt/airflow/dags/etl_to_datamart.py took 0.092 seconds
[2026-09-17T06:38:54.917+0000] {processor.py:186} INFO - Started process (PID=562) to work on /opt/airflow/dags/etl_to_datamart.py
[2026-09-17T06:38:54.918+0000] {processor.py:914} INFO - Processing file /opt/airflow/dags/etl_to_datamart.py for tasks to queue
[2026-09-17T06:38:54.921+0000] {logging_mixin.py:190} INFO - [2026-09-17T06:38:54.920+0000] {dagbag.py:587} INFO - Filling up the DagBag from /opt/airflow/dags/etl_to_datamart.py
[2026-09-17T06:38:54.942+0000] {processor.py:925} INFO - DAG(s) 'dag_isi_data_mart' retrieved from /opt/airflow/dags/etl_to_datamart.py
[2026-09-17T06:38:54.984+0000] {logging_mixin.py:190} INFO - [2026-09-17T06:38:54.984+0000] {dag.py:3211} INFO - Sync 1 DAGs
[2026-09-17T06:38:55.004+0000] {logging_mixin.py:190} INFO - [2026-09-17T06:38:55.004+0000] {dag.py:4138} INFO - Setting next_dagrun for dag_isi_data_mart to None, run_after=None
[2026-09-17T06:38:55.030+0000] {processor.py:208} INFO - Processing /opt/airflow/dags/etl_to_datamart.py took 0.121 seconds
[2026-09-17T06:39:25.290+0000] {processor.py:186} INFO - Started process (PID=570) to work on /opt/airflow/dags/etl_to_datamart.py
[2026-09-17T06:39:25.291+0000] {processor.py:914} INFO - Processing file /opt/airflow/dags/etl_to_datamart.py for tasks to queue
[2026-09-17T06:39:25.293+0000] {logging_mixin.py:190} INFO - [2026-09-17T06:39:25.293+0000] {dagbag.py:587} INFO - Filling up the DagBag from /opt/airflow/dags/etl_to_datamart.py
[2026-09-17T06:39:25.309+0000] {processor.py:925} INFO - DAG(s) 'dag_isi_data_mart' retrieved from /opt/airflow/dags/etl_to_datamart.py
[2026-09-17T06:39:25.337+0000] {logging_mixin.py:190} INFO - [2026-09-17T06:39:25.336+0000] {dag.py:3211} INFO - Sync 1 DAGs
[2026-09-17T06:39:25.351+0000] {logging_mixin.py:190} INFO - [2026-09-17T06:39:25.351+0000] {dag.py:4138} INFO - Setting next_dagrun for dag_isi_data_mart to None, run_after=None
[2026-09-17T06:39:25.371+0000] {processor.py:208} INFO - Processing /opt/airflow/dags/etl_to_datamart.py took 0.088 seconds
[2026-09-17T06:39:55.553+0000] {processor.py:186} INFO - Started process (PID=578) to work on /opt/airflow/dags/etl_to_datamart.py
[2026-09-17T06:39:55.554+0000] {processor.py:914} INFO - Processing file /opt/airflow/dags/etl_to_datamart.py for tasks to queue
[2026-09-17T06:39:55.556+0000] {logging_mixin.py:190} INFO - [2026-09-17T06:39:55.556+0000] {dagbag.py:587} INFO - Filling up the DagBag from /opt/airflow/dags/etl_to_datamart.py
[2026-09-17T06:39:55.578+0000] {processor.py:925} INFO - DAG(s) 'dag_isi_data_mart' retrieved from /opt/airflow/dags/etl_to_datamart.py
[2026-09-17T06:39:55.617+0000] {logging_mixin.py:190} INFO - [2026-09-17T06:39:55.616+0000] {dag.py:3211} INFO - Sync 1 DAGs
[2026-09-17T06:39:55.636+0000] {logging_mixin.py:190} INFO - [2026-09-17T06:39:55.635+0000] {dag.py:4138} INFO - Setting next_dagrun for dag_isi_data_mart to None, run_after=None
[2026-09-17T06:39:55.660+0000] {processor.py:208} INFO - Processing /opt/airflow/dags/etl_to_datamart.py took 0.115 seconds
[2026-09-17T06:40:25.861+0000] {processor.py:186} INFO - Started process (PID=586) to work on /opt/airflow/dags/etl_to_datamart.py
[2026-09-17T06:40:25.862+0000] {processor.py:914} INFO - Processing file /opt/airflow/dags/etl_to_datamart.py for tasks to queue
[2026-09-17T06:40:25.866+0000] {logging_mixin.py:190} INFO - [2026-09-17T06:40:25.866+0000] {dagbag.py:587} INFO - Filling up the DagBag from /opt/airflow/dags/etl_to_datamart.py
[2026-09-17T06:40:25.893+0000] {processor.py:925} INFO - DAG(s) 'dag_isi_data_mart' retrieved from /opt/airflow/dags/etl_to_datamart.py
[2026-09-17T06:40:25.944+0000] {logging_mixin.py:190} INFO - [2026-09-17T06:40:25.943+0000] {dag.py:3211} INFO - Sync 1 DAGs
[2026-09-17T06:40:25.965+0000] {logging_mixin.py:190} INFO - [2026-09-17T06:40:25.965+0000] {dag.py:4138} INFO - Setting next_dagrun for dag_isi_data_mart to None, run_after=None
[2026-09-17T06:40:25.993+0000] {processor.py:208} INFO - Processing /opt/airflow/dags/etl_to_datamart.py took 0.142 seconds
[2026-09-17T06:40:56.167+0000] {processor.py:186} INFO - Started process (PID=594) to work on /opt/airflow/dags/etl_to_datamart.py
[2026-09-17T06:40:56.168+0000] {processor.py:914} INFO - Processing file /opt/airflow/dags/etl_to_datamart.py for tasks to queue
[2026-09-17T06:40:56.171+0000] {logging_mixin.py:190} INFO - [2026-09-17T06:40:56.170+0000] {dagbag.py:587} INFO - Filling up the DagBag from /opt/airflow/dags/etl_to_datamart.py
[2026-09-17T06:40:56.189+0000] {processor.py:925} INFO - DAG(s) 'dag_isi_data_mart' retrieved from /opt/airflow/dags/etl_to_datamart.py
[2026-09-17T06:40:56.219+0000] {logging_mixin.py:190} INFO - [2026-09-17T06:40:56.218+0000] {dag.py:3211} INFO - Sync 1 DAGs
[2026-09-17T06:40:56.233+0000] {logging_mixin.py:190} INFO - [2026-09-17T06:40:56.233+0000] {dag.py:4138} INFO - Setting next_dagrun for dag_isi_data_mart to None, run_after=None
[2026-09-17T06:40:56.253+0000] {processor.py:208} INFO - Processing /opt/airflow/dags/etl_to_datamart.py took 0.092 seconds
[2026-09-17T06:41:26.487+0000] {processor.py:186} INFO - Started process (PID=602) to work on /opt/airflow/dags/etl_to_datamart.py
[2026-09-17T06:41:26.487+0000] {processor.py:914} INFO - Processing file /opt/airflow/dags/etl_to_datamart.py for tasks to queue
[2026-09-17T06:41:26.490+0000] {logging_mixin.py:190} INFO - [2026-09-17T06:41:26.490+0000] {dagbag.py:587} INFO - Filling up the DagBag from /opt/airflow/dags/etl_to_datamart.py
[2026-09-17T06:41:26.505+0000] {processor.py:925} INFO - DAG(s) 'dag_isi_data_mart' retrieved from /opt/airflow/dags/etl_to_datamart.py
[2026-09-17T06:41:26.531+0000] {logging_mixin.py:190} INFO - [2026-09-17T06:41:26.530+0000] {dag.py:3211} INFO - Sync 1 DAGs
[2026-09-17T06:41:26.545+0000] {logging_mixin.py:190} INFO - [2026-09-17T06:41:26.544+0000] {dag.py:4138} INFO - Setting next_dagrun for dag_isi_data_mart to None, run_after=None
[2026-09-17T06:41:26.564+0000] {processor.py:208} INFO - Processing /opt/airflow/dags/etl_to_datamart.py took 0.083 seconds
[2026-09-17T06:41:56.746+0000] {processor.py:186} INFO - Started process (PID=610) to work on /opt/airflow/dags/etl_to_datamart.py
[2026-09-17T06:41:56.747+0000] {processor.py:914} INFO - Processing file /opt/airflow/dags/etl_to_datamart.py for tasks to queue
[2026-09-17T06:41:56.749+0000] {logging_mixin.py:190} INFO - [2026-09-17T06:41:56.749+0000] {dagbag.py:587} INFO - Filling up the DagBag from /opt/airflow/dags/etl_to_datamart.py
[2026-09-17T06:41:56.765+0000] {processor.py:925} INFO - DAG(s) 'dag_isi_data_mart' retrieved from /opt/airflow/dags/etl_to_datamart.py
[2026-09-17T06:41:56.796+0000] {logging_mixin.py:190} INFO - [2026-09-17T06:41:56.795+0000] {dag.py:3211} INFO - Sync 1 DAGs
[2026-09-17T06:41:56.810+0000] {logging_mixin.py:190} INFO - [2026-09-17T06:41:56.810+0000] {dag.py:4138} INFO - Setting next_dagrun for dag_isi_data_mart to None, run_after=None
[2026-09-17T06:41:56.830+0000] {processor.py:208} INFO - Processing /opt/airflow/dags/etl_to_datamart.py took 0.091 seconds
[2026-09-17T06:42:27.025+0000] {processor.py:186} INFO - Started process (PID=618) to work on /opt/airflow/dags/etl_to_datamart.py
[2026-09-17T06:42:27.026+0000] {processor.py:914} INFO - Processing file /opt/airflow/dags/etl_to_datamart.py for tasks to queue
[2026-09-17T06:42:27.028+0000] {logging_mixin.py:190} INFO - [2026-09-17T06:42:27.028+0000] {dagbag.py:587} INFO - Filling up the DagBag from /opt/airflow/dags/etl_to_datamart.py
[2026-09-17T06:42:27.046+0000] {processor.py:925} INFO - DAG(s) 'dag_isi_data_mart' retrieved from /opt/airflow/dags/etl_to_datamart.py
[2026-09-17T06:42:27.075+0000] {logging_mixin.py:190} INFO - [2026-09-17T06:42:27.075+0000] {dag.py:3211} INFO - Sync 1 DAGs
[2026-09-17T06:42:27.091+0000] {logging_mixin.py:190} INFO - [2026-09-17T06:42:27.091+0000] {dag.py:4138} INFO - Setting next_dagrun for dag_isi_data_mart to None, run_after=None
[2026-09-17T06:42:27.110+0000] {processor.py:208} INFO - Processing /opt/airflow/dags/etl_to_datamart.py took 0.093 seconds
[2026-09-17T06:42:57.298+0000] {processor.py:186} INFO - Started process (PID=626) to work on /opt/airflow/dags/etl_to_datamart.py
[2026-09-17T06:42:57.300+0000] {processor.py:914} INFO - Processing file /opt/airflow/dags/etl_to_datamart.py for tasks to queue
[2026-09-17T06:42:57.302+0000] {logging_mixin.py:190} INFO - [2026-09-17T06:42:57.302+0000] {dagbag.py:587} INFO - Filling up the DagBag from /opt/airflow/dags/etl_to_datamart.py
[2026-09-17T06:42:57.323+0000] {processor.py:925} INFO - DAG(s) 'dag_isi_data_mart' retrieved from /opt/airflow/dags/etl_to_datamart.py
[2026-09-17T06:42:57.356+0000] {logging_mixin.py:190} INFO - [2026-09-17T06:42:57.356+0000] {dag.py:3211} INFO - Sync 1 DAGs
[2026-09-17T06:42:57.375+0000] {logging_mixin.py:190} INFO - [2026-09-17T06:42:57.374+0000] {dag.py:4138} INFO - Setting next_dagrun for dag_isi_data_mart to None, run_after=None
[2026-09-17T06:42:57.397+0000] {processor.py:208} INFO - Processing /opt/airflow/dags/etl_to_datamart.py took 0.107 seconds
[2026-09-17T06:43:27.575+0000] {processor.py:186} INFO - Started process (PID=634) to work on /opt/airflow/dags/etl_to_datamart.py
[2026-09-17T06:43:27.576+0000] {processor.py:914} INFO - Processing file /opt/airflow/dags/etl_to_datamart.py for tasks to queue
[2026-09-17T06:43:27.578+0000] {logging_mixin.py:190} INFO - [2026-09-17T06:43:27.578+0000] {dagbag.py:587} INFO - Filling up the DagBag from /opt/airflow/dags/etl_to_datamart.py
[2026-09-17T06:43:27.600+0000] {processor.py:925} INFO - DAG(s) 'dag_isi_data_mart' retrieved from /opt/airflow/dags/etl_to_datamart.py
[2026-09-17T06:43:27.636+0000] {logging_mixin.py:190} INFO - [2026-09-17T06:43:27.636+0000] {dag.py:3211} INFO - Sync 1 DAGs
[2026-09-17T06:43:27.653+0000] {logging_mixin.py:190} INFO - [2026-09-17T06:43:27.653+0000] {dag.py:4138} INFO - Setting next_dagrun for dag_isi_data_mart to None, run_after=None
[2026-09-17T06:43:27.672+0000] {processor.py:208} INFO - Processing /opt/airflow/dags/etl_to_datamart.py took 0.104 seconds
[2026-09-17T06:43:57.894+0000] {processor.py:186} INFO - Started process (PID=642) to work on /opt/airflow/dags/etl_to_datamart.py
[2026-09-17T06:43:57.895+0000] {processor.py:914} INFO - Processing file /opt/airflow/dags/etl_to_datamart.py for tasks to queue
[2026-09-17T06:43:57.898+0000] {logging_mixin.py:190} INFO - [2026-09-17T06:43:57.897+0000] {dagbag.py:587} INFO - Filling up the DagBag from /opt/airflow/dags/etl_to_datamart.py
[2026-09-17T06:43:57.917+0000] {processor.py:925} INFO - DAG(s) 'dag_isi_data_mart' retrieved from /opt/airflow/dags/etl_to_datamart.py
[2026-09-17T06:43:57.952+0000] {logging_mixin.py:190} INFO - [2026-09-17T06:43:57.951+0000] {dag.py:3211} INFO - Sync 1 DAGs
[2026-09-17T06:43:57.966+0000] {logging_mixin.py:190} INFO - [2026-09-17T06:43:57.965+0000] {dag.py:4138} INFO - Setting next_dagrun for dag_isi_data_mart to None, run_after=None
[2026-09-17T06:43:57.985+0000] {processor.py:208} INFO - Processing /opt/airflow/dags/etl_to_datamart.py took 0.100 seconds
[2026-09-17T06:44:28.149+0000] {processor.py:186} INFO - Started process (PID=650) to work on /opt/airflow/dags/etl_to_datamart.py
[2026-09-17T06:44:28.150+0000] {processor.py:914} INFO - Processing file /opt/airflow/dags/etl_to_datamart.py for tasks to queue
[2026-09-17T06:44:28.153+0000] {logging_mixin.py:190} INFO - [2026-09-17T06:44:28.153+0000] {dagbag.py:587} INFO - Filling up the DagBag from /opt/airflow/dags/etl_to_datamart.py
[2026-09-17T06:44:28.172+0000] {processor.py:925} INFO - DAG(s) 'dag_isi_data_mart' retrieved from /opt/airflow/dags/etl_to_datamart.py
[2026-09-17T06:44:28.205+0000] {logging_mixin.py:190} INFO - [2026-09-17T06:44:28.205+0000] {dag.py:3211} INFO - Sync 1 DAGs
[2026-09-17T06:44:28.220+0000] {logging_mixin.py:190} INFO - [2026-09-17T06:44:28.220+0000] {dag.py:4138} INFO - Setting next_dagrun for dag_isi_data_mart to None, run_after=None
[2026-09-17T06:44:28.239+0000] {processor.py:208} INFO - Processing /opt/airflow/dags/etl_to_datamart.py took 0.098 seconds
[2026-09-17T06:44:58.458+0000] {processor.py:186} INFO - Started process (PID=658) to work on /opt/airflow/dags/etl_to_datamart.py
[2026-09-17T06:44:58.459+0000] {processor.py:914} INFO - Processing file /opt/airflow/dags/etl_to_datamart.py for tasks to queue
[2026-09-17T06:44:58.461+0000] {logging_mixin.py:190} INFO - [2026-09-17T06:44:58.461+0000] {dagbag.py:587} INFO - Filling up the DagBag from /opt/airflow/dags/etl_to_datamart.py
[2026-09-17T06:44:58.477+0000] {processor.py:925} INFO - DAG(s) 'dag_isi_data_mart' retrieved from /opt/airflow/dags/etl_to_datamart.py
[2026-09-17T06:44:58.509+0000] {logging_mixin.py:190} INFO - [2026-09-17T06:44:58.509+0000] {dag.py:3211} INFO - Sync 1 DAGs
[2026-09-17T06:44:58.524+0000] {logging_mixin.py:190} INFO - [2026-09-17T06:44:58.524+0000] {dag.py:4138} INFO - Setting next_dagrun for dag_isi_data_mart to None, run_after=None
[2026-09-17T06:44:58.545+0000] {processor.py:208} INFO - Processing /opt/airflow/dags/etl_to_datamart.py took 0.093 seconds
[2026-09-17T06:45:28.842+0000] {processor.py:186} INFO - Started process (PID=666) to work on /opt/airflow/dags/etl_to_datamart.py
[2026-09-17T06:45:28.843+0000] {processor.py:914} INFO - Processing file /opt/airflow/dags/etl_to_datamart.py for tasks to queue
[2026-09-17T06:45:28.846+0000] {logging_mixin.py:190} INFO - [2026-09-17T06:45:28.846+0000] {dagbag.py:587} INFO - Filling up the DagBag from /opt/airflow/dags/etl_to_datamart.py
[2026-09-17T06:45:28.875+0000] {processor.py:925} INFO - DAG(s) 'dag_isi_data_mart' retrieved from /opt/airflow/dags/etl_to_datamart.py
[2026-09-17T06:45:28.931+0000] {logging_mixin.py:190} INFO - [2026-09-17T06:45:28.931+0000] {dag.py:3211} INFO - Sync 1 DAGs
[2026-09-17T06:45:28.962+0000] {logging_mixin.py:190} INFO - [2026-09-17T06:45:28.962+0000] {dag.py:4138} INFO - Setting next_dagrun for dag_isi_data_mart to None, run_after=None
[2026-09-17T06:45:28.987+0000] {processor.py:208} INFO - Processing /opt/airflow/dags/etl_to_datamart.py took 0.156 seconds
[2026-09-17T06:45:59.297+0000] {processor.py:186} INFO - Started process (PID=675) to work on /opt/airflow/dags/etl_to_datamart.py
[2026-09-17T06:45:59.298+0000] {processor.py:914} INFO - Processing file /opt/airflow/dags/etl_to_datamart.py for tasks to queue
[2026-09-17T06:45:59.301+0000] {logging_mixin.py:190} INFO - [2026-09-17T06:45:59.300+0000] {dagbag.py:587} INFO - Filling up the DagBag from /opt/airflow/dags/etl_to_datamart.py
[2026-09-17T06:45:59.319+0000] {processor.py:925} INFO - DAG(s) 'dag_isi_data_mart' retrieved from /opt/airflow/dags/etl_to_datamart.py
[2026-09-17T06:45:59.361+0000] {logging_mixin.py:190} INFO - [2026-09-17T06:45:59.360+0000] {dag.py:3211} INFO - Sync 1 DAGs
[2026-09-17T06:45:59.380+0000] {logging_mixin.py:190} INFO - [2026-09-17T06:45:59.380+0000] {dag.py:4138} INFO - Setting next_dagrun for dag_isi_data_mart to None, run_after=None
[2026-09-17T06:45:59.409+0000] {processor.py:208} INFO - Processing /opt/airflow/dags/etl_to_datamart.py took 0.121 seconds
[2026-09-17T06:46:29.539+0000] {processor.py:186} INFO - Started process (PID=683) to work on /opt/airflow/dags/etl_to_datamart.py
[2026-09-17T06:46:29.540+0000] {processor.py:914} INFO - Processing file /opt/airflow/dags/etl_to_datamart.py for tasks to queue
[2026-09-17T06:46:29.542+0000] {logging_mixin.py:190} INFO - [2026-09-17T06:46:29.542+0000] {dagbag.py:587} INFO - Filling up the DagBag from /opt/airflow/dags/etl_to_datamart.py
[2026-09-17T06:46:29.562+0000] {processor.py:925} INFO - DAG(s) 'dag_isi_data_mart' retrieved from /opt/airflow/dags/etl_to_datamart.py
[2026-09-17T06:46:29.600+0000] {logging_mixin.py:190} INFO - [2026-09-17T06:46:29.599+0000] {dag.py:3211} INFO - Sync 1 DAGs
[2026-09-17T06:46:29.618+0000] {logging_mixin.py:190} INFO - [2026-09-17T06:46:29.618+0000] {dag.py:4138} INFO - Setting next_dagrun for dag_isi_data_mart to None, run_after=None
[2026-09-17T06:46:29.641+0000] {processor.py:208} INFO - Processing /opt/airflow/dags/etl_to_datamart.py took 0.111 seconds
[2026-09-17T06:46:59.911+0000] {processor.py:186} INFO - Started process (PID=691) to work on /opt/airflow/dags/etl_to_datamart.py
[2026-09-17T06:46:59.912+0000] {processor.py:914} INFO - Processing file /opt/airflow/dags/etl_to_datamart.py for tasks to queue
[2026-09-17T06:46:59.914+0000] {logging_mixin.py:190} INFO - [2026-09-17T06:46:59.913+0000] {dagbag.py:587} INFO - Filling up the DagBag from /opt/airflow/dags/etl_to_datamart.py
[2026-09-17T06:46:59.931+0000] {processor.py:925} INFO - DAG(s) 'dag_isi_data_mart' retrieved from /opt/airflow/dags/etl_to_datamart.py
[2026-09-17T06:46:59.968+0000] {logging_mixin.py:190} INFO - [2026-09-17T06:46:59.967+0000] {dag.py:3211} INFO - Sync 1 DAGs
[2026-09-17T06:46:59.987+0000] {logging_mixin.py:190} INFO - [2026-09-17T06:46:59.987+0000] {dag.py:4138} INFO - Setting next_dagrun for dag_isi_data_mart to None, run_after=None
[2026-09-17T06:47:00.006+0000] {processor.py:208} INFO - Processing /opt/airflow/dags/etl_to_datamart.py took 0.102 seconds
[2026-09-17T06:47:30.269+0000] {processor.py:186} INFO - Started process (PID=699) to work on /opt/airflow/dags/etl_to_datamart.py
[2026-09-17T06:47:30.270+0000] {processor.py:914} INFO - Processing file /opt/airflow/dags/etl_to_datamart.py for tasks to queue
[2026-09-17T06:47:30.273+0000] {logging_mixin.py:190} INFO - [2026-09-17T06:47:30.272+0000] {dagbag.py:587} INFO - Filling up the DagBag from /opt/airflow/dags/etl_to_datamart.py
[2026-09-17T06:47:30.291+0000] {processor.py:925} INFO - DAG(s) 'dag_isi_data_mart' retrieved from /opt/airflow/dags/etl_to_datamart.py
[2026-09-17T06:47:30.327+0000] {logging_mixin.py:190} INFO - [2026-09-17T06:47:30.326+0000] {dag.py:3211} INFO - Sync 1 DAGs
[2026-09-17T06:47:30.341+0000] {logging_mixin.py:190} INFO - [2026-09-17T06:47:30.341+0000] {dag.py:4138} INFO - Setting next_dagrun for dag_isi_data_mart to None, run_after=None
[2026-09-17T06:47:30.361+0000] {processor.py:208} INFO - Processing /opt/airflow/dags/etl_to_datamart.py took 0.099 seconds
[2026-09-17T06:48:00.530+0000] {processor.py:186} INFO - Started process (PID=707) to work on /opt/airflow/dags/etl_to_datamart.py
[2026-09-17T06:48:00.531+0000] {processor.py:914} INFO - Processing file /opt/airflow/dags/etl_to_datamart.py for tasks to queue
[2026-09-17T06:48:00.534+0000] {logging_mixin.py:190} INFO - [2026-09-17T06:48:00.533+0000] {dagbag.py:587} INFO - Filling up the DagBag from /opt/airflow/dags/etl_to_datamart.py
[2026-09-17T06:48:00.553+0000] {processor.py:925} INFO - DAG(s) 'dag_isi_data_mart' retrieved from /opt/airflow/dags/etl_to_datamart.py
[2026-09-17T06:48:00.593+0000] {logging_mixin.py:190} INFO - [2026-09-17T06:48:00.593+0000] {dag.py:3211} INFO - Sync 1 DAGs
[2026-09-17T06:48:00.611+0000] {logging_mixin.py:190} INFO - [2026-09-17T06:48:00.611+0000] {dag.py:4138} INFO - Setting next_dagrun for dag_isi_data_mart to None, run_after=None
[2026-09-17T06:48:00.635+0000] {processor.py:208} INFO - Processing /opt/airflow/dags/etl_to_datamart.py took 0.114 seconds
[2026-09-17T06:48:30.894+0000] {processor.py:186} INFO - Started process (PID=715) to work on /opt/airflow/dags/etl_to_datamart.py
[2026-09-17T06:48:30.895+0000] {processor.py:914} INFO - Processing file /opt/airflow/dags/etl_to_datamart.py for tasks to queue
[2026-09-17T06:48:30.898+0000] {logging_mixin.py:190} INFO - [2026-09-17T06:48:30.897+0000] {dagbag.py:587} INFO - Filling up the DagBag from /opt/airflow/dags/etl_to_datamart.py
[2026-09-17T06:48:30.917+0000] {processor.py:925} INFO - DAG(s) 'dag_isi_data_mart' retrieved from /opt/airflow/dags/etl_to_datamart.py
[2026-09-17T06:48:30.951+0000] {logging_mixin.py:190} INFO - [2026-09-17T06:48:30.951+0000] {dag.py:3211} INFO - Sync 1 DAGs
[2026-09-17T06:48:30.968+0000] {logging_mixin.py:190} INFO - [2026-09-17T06:48:30.968+0000] {dag.py:4138} INFO - Setting next_dagrun for dag_isi_data_mart to None, run_after=None
[2026-09-17T06:48:30.991+0000] {processor.py:208} INFO - Processing /opt/airflow/dags/etl_to_datamart.py took 0.105 seconds
[2026-09-17T06:49:01.249+0000] {processor.py:186} INFO - Started process (PID=723) to work on /opt/airflow/dags/etl_to_datamart.py
[2026-09-17T06:49:01.250+0000] {processor.py:914} INFO - Processing file /opt/airflow/dags/etl_to_datamart.py for tasks to queue
[2026-09-17T06:49:01.253+0000] {logging_mixin.py:190} INFO - [2026-09-17T06:49:01.253+0000] {dagbag.py:587} INFO - Filling up the DagBag from /opt/airflow/dags/etl_to_datamart.py
[2026-09-17T06:49:01.270+0000] {processor.py:925} INFO - DAG(s) 'dag_isi_data_mart' retrieved from /opt/airflow/dags/etl_to_datamart.py
[2026-09-17T06:49:01.310+0000] {logging_mixin.py:190} INFO - [2026-09-17T06:49:01.310+0000] {dag.py:3211} INFO - Sync 1 DAGs
[2026-09-17T06:49:01.330+0000] {logging_mixin.py:190} INFO - [2026-09-17T06:49:01.330+0000] {dag.py:4138} INFO - Setting next_dagrun for dag_isi_data_mart to None, run_after=None
[2026-09-17T06:49:01.354+0000] {processor.py:208} INFO - Processing /opt/airflow/dags/etl_to_datamart.py took 0.112 seconds
[2026-09-17T06:49:31.492+0000] {processor.py:186} INFO - Started process (PID=731) to work on /opt/airflow/dags/etl_to_datamart.py
[2026-09-17T06:49:31.493+0000] {processor.py:914} INFO - Processing file /opt/airflow/dags/etl_to_datamart.py for tasks to queue
[2026-09-17T06:49:31.495+0000] {logging_mixin.py:190} INFO - [2026-09-17T06:49:31.495+0000] {dagbag.py:587} INFO - Filling up the DagBag from /opt/airflow/dags/etl_to_datamart.py
[2026-09-17T06:49:31.511+0000] {processor.py:925} INFO - DAG(s) 'dag_isi_data_mart' retrieved from /opt/airflow/dags/etl_to_datamart.py
[2026-09-17T06:49:31.540+0000] {logging_mixin.py:190} INFO - [2026-09-17T06:49:31.539+0000] {dag.py:3211} INFO - Sync 1 DAGs
[2026-09-17T06:49:31.555+0000] {logging_mixin.py:190} INFO - [2026-09-17T06:49:31.555+0000] {dag.py:4138} INFO - Setting next_dagrun for dag_isi_data_mart to None, run_after=None
[2026-09-17T06:49:31.575+0000] {processor.py:208} INFO - Processing /opt/airflow/dags/etl_to_datamart.py took 0.089 seconds
[2026-09-17T06:50:01.842+0000] {processor.py:186} INFO - Started process (PID=739) to work on /opt/airflow/dags/etl_to_datamart.py
[2026-09-17T06:50:01.845+0000] {processor.py:914} INFO - Processing file /opt/airflow/dags/etl_to_datamart.py for tasks to queue
[2026-09-17T06:50:01.853+0000] {logging_mixin.py:190} INFO - [2026-09-17T06:50:01.852+0000] {dagbag.py:587} INFO - Filling up the DagBag from /opt/airflow/dags/etl_to_datamart.py
[2026-09-17T06:50:01.871+0000] {processor.py:925} INFO - DAG(s) 'dag_isi_data_mart' retrieved from /opt/airflow/dags/etl_to_datamart.py
[2026-09-17T06:50:01.906+0000] {logging_mixin.py:190} INFO - [2026-09-17T06:50:01.905+0000] {dag.py:3211} INFO - Sync 1 DAGs
[2026-09-17T06:50:01.925+0000] {logging_mixin.py:190} INFO - [2026-09-17T06:50:01.924+0000] {dag.py:4138} INFO - Setting next_dagrun for dag_isi_data_mart to None, run_after=None
[2026-09-17T06:50:01.946+0000] {processor.py:208} INFO - Processing /opt/airflow/dags/etl_to_datamart.py took 0.117 seconds
[2026-09-17T06:50:32.119+0000] {processor.py:186} INFO - Started process (PID=747) to work on /opt/airflow/dags/etl_to_datamart.py
[2026-09-17T06:50:32.120+0000] {processor.py:914} INFO - Processing file /opt/airflow/dags/etl_to_datamart.py for tasks to queue
[2026-09-17T06:50:32.124+0000] {logging_mixin.py:190} INFO - [2026-09-17T06:50:32.123+0000] {dagbag.py:587} INFO - Filling up the DagBag from /opt/airflow/dags/etl_to_datamart.py
[2026-09-17T06:50:32.148+0000] {processor.py:925} INFO - DAG(s) 'dag_isi_data_mart' retrieved from /opt/airflow/dags/etl_to_datamart.py
[2026-09-17T06:50:32.186+0000] {logging_mixin.py:190} INFO - [2026-09-17T06:50:32.186+0000] {dag.py:3211} INFO - Sync 1 DAGs
[2026-09-17T06:50:32.205+0000] {logging_mixin.py:190} INFO - [2026-09-17T06:50:32.204+0000] {dag.py:4138} INFO - Setting next_dagrun for dag_isi_data_mart to None, run_after=None
[2026-09-17T06:50:32.229+0000] {processor.py:208} INFO - Processing /opt/airflow/dags/etl_to_datamart.py took 0.120 seconds
[2026-09-17T06:51:02.499+0000] {processor.py:186} INFO - Started process (PID=756) to work on /opt/airflow/dags/etl_to_datamart.py
[2026-09-17T06:51:02.500+0000] {processor.py:914} INFO - Processing file /opt/airflow/dags/etl_to_datamart.py for tasks to queue
[2026-09-17T06:51:02.503+0000] {logging_mixin.py:190} INFO - [2026-09-17T06:51:02.503+0000] {dagbag.py:587} INFO - Filling up the DagBag from /opt/airflow/dags/etl_to_datamart.py
[2026-09-17T06:51:02.517+0000] {processor.py:925} INFO - DAG(s) 'dag_isi_data_mart' retrieved from /opt/airflow/dags/etl_to_datamart.py
[2026-09-17T06:51:02.550+0000] {logging_mixin.py:190} INFO - [2026-09-17T06:51:02.550+0000] {dag.py:3211} INFO - Sync 1 DAGs
[2026-09-17T06:51:02.567+0000] {logging_mixin.py:190} INFO - [2026-09-17T06:51:02.566+0000] {dag.py:4138} INFO - Setting next_dagrun for dag_isi_data_mart to None, run_after=None
[2026-09-17T06:51:02.586+0000] {processor.py:208} INFO - Processing /opt/airflow/dags/etl_to_datamart.py took 0.093 seconds
[2026-09-17T06:51:32.867+0000] {processor.py:186} INFO - Started process (PID=764) to work on /opt/airflow/dags/etl_to_datamart.py
[2026-09-17T06:51:32.868+0000] {processor.py:914} INFO - Processing file /opt/airflow/dags/etl_to_datamart.py for tasks to queue
[2026-09-17T06:51:32.870+0000] {logging_mixin.py:190} INFO - [2026-09-17T06:51:32.870+0000] {dagbag.py:587} INFO - Filling up the DagBag from /opt/airflow/dags/etl_to_datamart.py
[2026-09-17T06:51:32.892+0000] {processor.py:925} INFO - DAG(s) 'dag_isi_data_mart' retrieved from /opt/airflow/dags/etl_to_datamart.py
[2026-09-17T06:51:32.992+0000] {logging_mixin.py:190} INFO - [2026-09-17T06:51:32.991+0000] {dag.py:3211} INFO - Sync 1 DAGs
[2026-09-17T06:51:33.041+0000] {logging_mixin.py:190} INFO - [2026-09-17T06:51:33.041+0000] {dag.py:4138} INFO - Setting next_dagrun for dag_isi_data_mart to None, run_after=None
[2026-09-17T06:51:33.068+0000] {processor.py:208} INFO - Processing /opt/airflow/dags/etl_to_datamart.py took 0.209 seconds
[2026-09-17T06:52:03.365+0000] {processor.py:186} INFO - Started process (PID=773) to work on /opt/airflow/dags/etl_to_datamart.py
[2026-09-17T06:52:03.367+0000] {processor.py:914} INFO - Processing file /opt/airflow/dags/etl_to_datamart.py for tasks to queue
[2026-09-17T06:52:03.371+0000] {logging_mixin.py:190} INFO - [2026-09-17T06:52:03.370+0000] {dagbag.py:587} INFO - Filling up the DagBag from /opt/airflow/dags/etl_to_datamart.py
[2026-09-17T06:52:03.392+0000] {processor.py:925} INFO - DAG(s) 'dag_isi_data_mart' retrieved from /opt/airflow/dags/etl_to_datamart.py
[2026-09-17T06:52:03.452+0000] {logging_mixin.py:190} INFO - [2026-09-17T06:52:03.452+0000] {dag.py:3211} INFO - Sync 1 DAGs
[2026-09-17T06:52:03.486+0000] {logging_mixin.py:190} INFO - [2026-09-17T06:52:03.485+0000] {dag.py:4138} INFO - Setting next_dagrun for dag_isi_data_mart to None, run_after=None
[2026-09-17T06:52:03.517+0000] {processor.py:208} INFO - Processing /opt/airflow/dags/etl_to_datamart.py took 0.163 seconds
[2026-09-17T06:52:33.841+0000] {processor.py:186} INFO - Started process (PID=782) to work on /opt/airflow/dags/etl_to_datamart.py
[2026-09-17T06:52:33.845+0000] {processor.py:914} INFO - Processing file /opt/airflow/dags/etl_to_datamart.py for tasks to queue
[2026-09-17T06:52:33.856+0000] {logging_mixin.py:190} INFO - [2026-09-17T06:52:33.855+0000] {dagbag.py:587} INFO - Filling up the DagBag from /opt/airflow/dags/etl_to_datamart.py
[2026-09-17T06:52:33.929+0000] {processor.py:925} INFO - DAG(s) 'dag_isi_data_mart' retrieved from /opt/airflow/dags/etl_to_datamart.py
[2026-09-17T06:52:34.026+0000] {logging_mixin.py:190} INFO - [2026-09-17T06:52:34.026+0000] {dag.py:3211} INFO - Sync 1 DAGs
[2026-09-17T06:52:34.066+0000] {logging_mixin.py:190} INFO - [2026-09-17T06:52:34.066+0000] {dag.py:4138} INFO - Setting next_dagrun for dag_isi_data_mart to None, run_after=None
[2026-09-17T06:52:34.100+0000] {processor.py:208} INFO - Processing /opt/airflow/dags/etl_to_datamart.py took 0.279 seconds
[2026-09-17T06:53:04.211+0000] {processor.py:186} INFO - Started process (PID=792) to work on /opt/airflow/dags/etl_to_datamart.py
[2026-09-17T06:53:04.212+0000] {processor.py:914} INFO - Processing file /opt/airflow/dags/etl_to_datamart.py for tasks to queue
[2026-09-17T06:53:04.215+0000] {logging_mixin.py:190} INFO - [2026-09-17T06:53:04.215+0000] {dagbag.py:587} INFO - Filling up the DagBag from /opt/airflow/dags/etl_to_datamart.py
[2026-09-17T06:53:04.232+0000] {processor.py:925} INFO - DAG(s) 'dag_isi_data_mart' retrieved from /opt/airflow/dags/etl_to_datamart.py
[2026-09-17T06:53:04.265+0000] {logging_mixin.py:190} INFO - [2026-09-17T06:53:04.265+0000] {dag.py:3211} INFO - Sync 1 DAGs
[2026-09-17T06:53:04.281+0000] {logging_mixin.py:190} INFO - [2026-09-17T06:53:04.281+0000] {dag.py:4138} INFO - Setting next_dagrun for dag_isi_data_mart to None, run_after=None
[2026-09-17T06:53:04.301+0000] {processor.py:208} INFO - Processing /opt/airflow/dags/etl_to_datamart.py took 0.096 seconds
[2026-09-17T06:53:34.575+0000] {processor.py:186} INFO - Started process (PID=801) to work on /opt/airflow/dags/etl_to_datamart.py
[2026-09-17T06:53:34.577+0000] {processor.py:914} INFO - Processing file /opt/airflow/dags/etl_to_datamart.py for tasks to queue
[2026-09-17T06:53:34.580+0000] {logging_mixin.py:190} INFO - [2026-09-17T06:53:34.580+0000] {dagbag.py:587} INFO - Filling up the DagBag from /opt/airflow/dags/etl_to_datamart.py
[2026-09-17T06:53:34.599+0000] {processor.py:925} INFO - DAG(s) 'dag_isi_data_mart' retrieved from /opt/airflow/dags/etl_to_datamart.py
[2026-09-17T06:53:34.635+0000] {logging_mixin.py:190} INFO - [2026-09-17T06:53:34.634+0000] {dag.py:3211} INFO - Sync 1 DAGs
[2026-09-17T06:53:34.654+0000] {logging_mixin.py:190} INFO - [2026-09-17T06:53:34.654+0000] {dag.py:4138} INFO - Setting next_dagrun for dag_isi_data_mart to None, run_after=None
[2026-09-17T06:53:34.676+0000] {processor.py:208} INFO - Processing /opt/airflow/dags/etl_to_datamart.py took 0.110 seconds
[2026-09-17T06:54:04.959+0000] {processor.py:186} INFO - Started process (PID=810) to work on /opt/airflow/dags/etl_to_datamart.py
[2026-09-17T06:54:04.960+0000] {processor.py:914} INFO - Processing file /opt/airflow/dags/etl_to_datamart.py for tasks to queue
[2026-09-17T06:54:04.963+0000] {logging_mixin.py:190} INFO - [2026-09-17T06:54:04.963+0000] {dagbag.py:587} INFO - Filling up the DagBag from /opt/airflow/dags/etl_to_datamart.py
[2026-09-17T06:54:04.979+0000] {processor.py:925} INFO - DAG(s) 'dag_isi_data_mart' retrieved from /opt/airflow/dags/etl_to_datamart.py
[2026-09-17T06:54:05.016+0000] {logging_mixin.py:190} INFO - [2026-09-17T06:54:05.015+0000] {dag.py:3211} INFO - Sync 1 DAGs
[2026-09-17T06:54:05.034+0000] {logging_mixin.py:190} INFO - [2026-09-17T06:54:05.034+0000] {dag.py:4138} INFO - Setting next_dagrun for dag_isi_data_mart to None, run_after=None
[2026-09-17T06:54:05.058+0000] {processor.py:208} INFO - Processing /opt/airflow/dags/etl_to_datamart.py took 0.108 seconds
[2026-09-17T06:54:35.337+0000] {processor.py:186} INFO - Started process (PID=819) to work on /opt/airflow/dags/etl_to_datamart.py
[2026-09-17T06:54:35.341+0000] {processor.py:914} INFO - Processing file /opt/airflow/dags/etl_to_datamart.py for tasks to queue
[2026-09-17T06:54:35.346+0000] {logging_mixin.py:190} INFO - [2026-09-17T06:54:35.345+0000] {dagbag.py:587} INFO - Filling up the DagBag from /opt/airflow/dags/etl_to_datamart.py
[2026-09-17T06:54:35.369+0000] {processor.py:925} INFO - DAG(s) 'dag_isi_data_mart' retrieved from /opt/airflow/dags/etl_to_datamart.py
[2026-09-17T06:54:35.449+0000] {logging_mixin.py:190} INFO - [2026-09-17T06:54:35.449+0000] {dag.py:3211} INFO - Sync 1 DAGs
[2026-09-17T06:54:35.499+0000] {logging_mixin.py:190} INFO - [2026-09-17T06:54:35.499+0000] {dag.py:4138} INFO - Setting next_dagrun for dag_isi_data_mart to None, run_after=None
[2026-09-17T06:54:35.530+0000] {processor.py:208} INFO - Processing /opt/airflow/dags/etl_to_datamart.py took 0.200 seconds
[2026-09-17T06:55:05.637+0000] {processor.py:186} INFO - Started process (PID=828) to work on /opt/airflow/dags/etl_to_datamart.py
[2026-09-17T06:55:05.638+0000] {processor.py:914} INFO - Processing file /opt/airflow/dags/etl_to_datamart.py for tasks to queue
[2026-09-17T06:55:05.649+0000] {logging_mixin.py:190} INFO - [2026-09-17T06:55:05.648+0000] {dagbag.py:587} INFO - Filling up the DagBag from /opt/airflow/dags/etl_to_datamart.py
[2026-09-17T06:55:05.683+0000] {processor.py:925} INFO - DAG(s) 'dag_isi_data_mart' retrieved from /opt/airflow/dags/etl_to_datamart.py
[2026-09-17T06:55:05.773+0000] {logging_mixin.py:190} INFO - [2026-09-17T06:55:05.773+0000] {dag.py:3211} INFO - Sync 1 DAGs
[2026-09-17T06:55:05.815+0000] {logging_mixin.py:190} INFO - [2026-09-17T06:55:05.815+0000] {dag.py:4138} INFO - Setting next_dagrun for dag_isi_data_mart to None, run_after=None
[2026-09-17T06:55:05.841+0000] {processor.py:208} INFO - Processing /opt/airflow/dags/etl_to_datamart.py took 0.215 seconds
[2026-09-17T06:55:36.131+0000] {processor.py:186} INFO - Started process (PID=837) to work on /opt/airflow/dags/etl_to_datamart.py
[2026-09-17T06:55:36.132+0000] {processor.py:914} INFO - Processing file /opt/airflow/dags/etl_to_datamart.py for tasks to queue
[2026-09-17T06:55:36.134+0000] {logging_mixin.py:190} INFO - [2026-09-17T06:55:36.134+0000] {dagbag.py:587} INFO - Filling up the DagBag from /opt/airflow/dags/etl_to_datamart.py
[2026-09-17T06:55:36.152+0000] {processor.py:925} INFO - DAG(s) 'dag_isi_data_mart' retrieved from /opt/airflow/dags/etl_to_datamart.py
[2026-09-17T06:55:36.190+0000] {logging_mixin.py:190} INFO - [2026-09-17T06:55:36.189+0000] {dag.py:3211} INFO - Sync 1 DAGs
[2026-09-17T06:55:36.206+0000] {logging_mixin.py:190} INFO - [2026-09-17T06:55:36.206+0000] {dag.py:4138} INFO - Setting next_dagrun for dag_isi_data_mart to None, run_after=None
[2026-09-17T06:55:36.227+0000] {processor.py:208} INFO - Processing /opt/airflow/dags/etl_to_datamart.py took 0.105 seconds
[2026-09-17T06:56:06.511+0000] {processor.py:186} INFO - Started process (PID=846) to work on /opt/airflow/dags/etl_to_datamart.py
[2026-09-17T06:56:06.512+0000] {processor.py:914} INFO - Processing file /opt/airflow/dags/etl_to_datamart.py for tasks to queue
[2026-09-17T06:56:06.514+0000] {logging_mixin.py:190} INFO - [2026-09-17T06:56:06.514+0000] {dagbag.py:587} INFO - Filling up the DagBag from /opt/airflow/dags/etl_to_datamart.py
[2026-09-17T06:56:06.528+0000] {processor.py:925} INFO - DAG(s) 'dag_isi_data_mart' retrieved from /opt/airflow/dags/etl_to_datamart.py
[2026-09-17T06:56:06.560+0000] {logging_mixin.py:190} INFO - [2026-09-17T06:56:06.560+0000] {dag.py:3211} INFO - Sync 1 DAGs
[2026-09-17T06:56:06.577+0000] {logging_mixin.py:190} INFO - [2026-09-17T06:56:06.576+0000] {dag.py:4138} INFO - Setting next_dagrun for dag_isi_data_mart to None, run_after=None
[2026-09-17T06:56:06.598+0000] {processor.py:208} INFO - Processing /opt/airflow/dags/etl_to_datamart.py took 0.093 seconds
[2026-09-17T06:56:36.875+0000] {processor.py:186} INFO - Started process (PID=855) to work on /opt/airflow/dags/etl_to_datamart.py
[2026-09-17T06:56:36.876+0000] {processor.py:914} INFO - Processing file /opt/airflow/dags/etl_to_datamart.py for tasks to queue
[2026-09-17T06:56:36.879+0000] {logging_mixin.py:190} INFO - [2026-09-17T06:56:36.878+0000] {dagbag.py:587} INFO - Filling up the DagBag from /opt/airflow/dags/etl_to_datamart.py
[2026-09-17T06:56:36.893+0000] {processor.py:925} INFO - DAG(s) 'dag_isi_data_mart' retrieved from /opt/airflow/dags/etl_to_datamart.py
[2026-09-17T06:56:36.923+0000] {logging_mixin.py:190} INFO - [2026-09-17T06:56:36.922+0000] {dag.py:3211} INFO - Sync 1 DAGs
[2026-09-17T06:56:36.939+0000] {logging_mixin.py:190} INFO - [2026-09-17T06:56:36.939+0000] {dag.py:4138} INFO - Setting next_dagrun for dag_isi_data_mart to None, run_after=None
[2026-09-17T06:56:36.962+0000] {processor.py:208} INFO - Processing /opt/airflow/dags/etl_to_datamart.py took 0.093 seconds
[2026-09-17T06:57:07.252+0000] {processor.py:186} INFO - Started process (PID=864) to work on /opt/airflow/dags/etl_to_datamart.py
[2026-09-17T06:57:07.253+0000] {processor.py:914} INFO - Processing file /opt/airflow/dags/etl_to_datamart.py for tasks to queue
[2026-09-17T06:57:07.259+0000] {logging_mixin.py:190} INFO - [2026-09-17T06:57:07.258+0000] {dagbag.py:587} INFO - Filling up the DagBag from /opt/airflow/dags/etl_to_datamart.py
[2026-09-17T06:57:07.280+0000] {processor.py:925} INFO - DAG(s) 'dag_isi_data_mart' retrieved from /opt/airflow/dags/etl_to_datamart.py
[2026-09-17T06:57:07.331+0000] {logging_mixin.py:190} INFO - [2026-09-17T06:57:07.331+0000] {dag.py:3211} INFO - Sync 1 DAGs
[2026-09-17T06:57:07.352+0000] {logging_mixin.py:190} INFO - [2026-09-17T06:57:07.352+0000] {dag.py:4138} INFO - Setting next_dagrun for dag_isi_data_mart to None, run_after=None
[2026-09-17T06:57:07.376+0000] {processor.py:208} INFO - Processing /opt/airflow/dags/etl_to_datamart.py took 0.135 seconds
[2026-09-17T06:57:37.682+0000] {processor.py:186} INFO - Started process (PID=873) to work on /opt/airflow/dags/etl_to_datamart.py
[2026-09-17T06:57:37.683+0000] {processor.py:914} INFO - Processing file /opt/airflow/dags/etl_to_datamart.py for tasks to queue
[2026-09-17T06:57:37.686+0000] {logging_mixin.py:190} INFO - [2026-09-17T06:57:37.686+0000] {dagbag.py:587} INFO - Filling up the DagBag from /opt/airflow/dags/etl_to_datamart.py
[2026-09-17T06:57:37.704+0000] {processor.py:925} INFO - DAG(s) 'dag_isi_data_mart' retrieved from /opt/airflow/dags/etl_to_datamart.py
[2026-09-17T06:57:37.736+0000] {logging_mixin.py:190} INFO - [2026-09-17T06:57:37.736+0000] {dag.py:3211} INFO - Sync 1 DAGs
[2026-09-17T06:57:37.752+0000] {logging_mixin.py:190} INFO - [2026-09-17T06:57:37.752+0000] {dag.py:4138} INFO - Setting next_dagrun for dag_isi_data_mart to None, run_after=None
[2026-09-17T06:57:37.772+0000] {processor.py:208} INFO - Processing /opt/airflow/dags/etl_to_datamart.py took 0.098 seconds
[2026-09-17T06:58:08.073+0000] {processor.py:186} INFO - Started process (PID=882) to work on /opt/airflow/dags/etl_to_datamart.py
[2026-09-17T06:58:08.074+0000] {processor.py:914} INFO - Processing file /opt/airflow/dags/etl_to_datamart.py for tasks to queue
[2026-09-17T06:58:08.076+0000] {logging_mixin.py:190} INFO - [2026-09-17T06:58:08.076+0000] {dagbag.py:587} INFO - Filling up the DagBag from /opt/airflow/dags/etl_to_datamart.py
[2026-09-17T06:58:08.093+0000] {processor.py:925} INFO - DAG(s) 'dag_isi_data_mart' retrieved from /opt/airflow/dags/etl_to_datamart.py
[2026-09-17T06:58:08.126+0000] {logging_mixin.py:190} INFO - [2026-09-17T06:58:08.126+0000] {dag.py:3211} INFO - Sync 1 DAGs
[2026-09-17T06:58:08.148+0000] {logging_mixin.py:190} INFO - [2026-09-17T06:58:08.148+0000] {dag.py:4138} INFO - Setting next_dagrun for dag_isi_data_mart to None, run_after=None
[2026-09-17T06:58:08.171+0000] {processor.py:208} INFO - Processing /opt/airflow/dags/etl_to_datamart.py took 0.108 seconds
[2026-09-17T06:58:38.440+0000] {processor.py:186} INFO - Started process (PID=891) to work on /opt/airflow/dags/etl_to_datamart.py
[2026-09-17T06:58:38.441+0000] {processor.py:914} INFO - Processing file /opt/airflow/dags/etl_to_datamart.py for tasks to queue
[2026-09-17T06:58:38.443+0000] {logging_mixin.py:190} INFO - [2026-09-17T06:58:38.443+0000] {dagbag.py:587} INFO - Filling up the DagBag from /opt/airflow/dags/etl_to_datamart.py
[2026-09-17T06:58:38.458+0000] {processor.py:925} INFO - DAG(s) 'dag_isi_data_mart' retrieved from /opt/airflow/dags/etl_to_datamart.py
[2026-09-17T06:58:38.483+0000] {logging_mixin.py:190} INFO - [2026-09-17T06:58:38.483+0000] {dag.py:3211} INFO - Sync 1 DAGs
[2026-09-17T06:58:38.499+0000] {logging_mixin.py:190} INFO - [2026-09-17T06:58:38.498+0000] {dag.py:4138} INFO - Setting next_dagrun for dag_isi_data_mart to None, run_after=None
[2026-09-17T06:58:38.518+0000] {processor.py:208} INFO - Processing /opt/airflow/dags/etl_to_datamart.py took 0.084 seconds
[2026-09-17T06:59:08.780+0000] {processor.py:186} INFO - Started process (PID=900) to work on /opt/airflow/dags/etl_to_datamart.py
[2026-09-17T06:59:08.781+0000] {processor.py:914} INFO - Processing file /opt/airflow/dags/etl_to_datamart.py for tasks to queue
[2026-09-17T06:59:08.783+0000] {logging_mixin.py:190} INFO - [2026-09-17T06:59:08.783+0000] {dagbag.py:587} INFO - Filling up the DagBag from /opt/airflow/dags/etl_to_datamart.py
[2026-09-17T06:59:08.797+0000] {processor.py:925} INFO - DAG(s) 'dag_isi_data_mart' retrieved from /opt/airflow/dags/etl_to_datamart.py
[2026-09-17T06:59:08.827+0000] {logging_mixin.py:190} INFO - [2026-09-17T06:59:08.826+0000] {dag.py:3211} INFO - Sync 1 DAGs
[2026-09-17T06:59:08.841+0000] {logging_mixin.py:190} INFO - [2026-09-17T06:59:08.841+0000] {dag.py:4138} INFO - Setting next_dagrun for dag_isi_data_mart to None, run_after=None
[2026-09-17T06:59:08.860+0000] {processor.py:208} INFO - Processing /opt/airflow/dags/etl_to_datamart.py took 0.087 seconds
[2026-09-17T06:59:39.116+0000] {processor.py:186} INFO - Started process (PID=909) to work on /opt/airflow/dags/etl_to_datamart.py
[2026-09-17T06:59:39.117+0000] {processor.py:914} INFO - Processing file /opt/airflow/dags/etl_to_datamart.py for tasks to queue
[2026-09-17T06:59:39.119+0000] {logging_mixin.py:190} INFO - [2026-09-17T06:59:39.119+0000] {dagbag.py:587} INFO - Filling up the DagBag from /opt/airflow/dags/etl_to_datamart.py
[2026-09-17T06:59:39.134+0000] {processor.py:925} INFO - DAG(s) 'dag_isi_data_mart' retrieved from /opt/airflow/dags/etl_to_datamart.py
[2026-09-17T06:59:39.181+0000] {logging_mixin.py:190} INFO - [2026-09-17T06:59:39.181+0000] {dag.py:3211} INFO - Sync 1 DAGs
[2026-09-17T06:59:39.196+0000] {logging_mixin.py:190} INFO - [2026-09-17T06:59:39.196+0000] {dag.py:4138} INFO - Setting next_dagrun for dag_isi_data_mart to None, run_after=None
[2026-09-17T06:59:39.219+0000] {processor.py:208} INFO - Processing /opt/airflow/dags/etl_to_datamart.py took 0.111 seconds
[2026-09-17T07:00:09.587+0000] {processor.py:186} INFO - Started process (PID=918) to work on /opt/airflow/dags/etl_to_datamart.py
[2026-09-17T07:00:09.589+0000] {processor.py:914} INFO - Processing file /opt/airflow/dags/etl_to_datamart.py for tasks to queue
[2026-09-17T07:00:09.598+0000] {logging_mixin.py:190} INFO - [2026-09-17T07:00:09.596+0000] {dagbag.py:587} INFO - Filling up the DagBag from /opt/airflow/dags/etl_to_datamart.py
[2026-09-17T07:00:09.717+0000] {processor.py:925} INFO - DAG(s) 'dag_isi_data_mart' retrieved from /opt/airflow/dags/etl_to_datamart.py
[2026-09-17T07:00:09.820+0000] {logging_mixin.py:190} INFO - [2026-09-17T07:00:09.819+0000] {dag.py:3211} INFO - Sync 1 DAGs
[2026-09-17T07:00:09.864+0000] {logging_mixin.py:190} INFO - [2026-09-17T07:00:09.863+0000] {dag.py:4138} INFO - Setting next_dagrun for dag_isi_data_mart to None, run_after=None
[2026-09-17T07:00:09.901+0000] {processor.py:208} INFO - Processing /opt/airflow/dags/etl_to_datamart.py took 0.341 seconds
[2026-09-17T07:00:40.249+0000] {processor.py:186} INFO - Started process (PID=927) to work on /opt/airflow/dags/etl_to_datamart.py
[2026-09-17T07:00:40.251+0000] {processor.py:914} INFO - Processing file /opt/airflow/dags/etl_to_datamart.py for tasks to queue
[2026-09-17T07:00:40.253+0000] {logging_mixin.py:190} INFO - [2026-09-17T07:00:40.253+0000] {dagbag.py:587} INFO - Filling up the DagBag from /opt/airflow/dags/etl_to_datamart.py
[2026-09-17T07:00:40.269+0000] {processor.py:925} INFO - DAG(s) 'dag_isi_data_mart' retrieved from /opt/airflow/dags/etl_to_datamart.py
[2026-09-17T07:00:40.304+0000] {logging_mixin.py:190} INFO - [2026-09-17T07:00:40.304+0000] {dag.py:3211} INFO - Sync 1 DAGs
[2026-09-17T07:00:40.323+0000] {logging_mixin.py:190} INFO - [2026-09-17T07:00:40.323+0000] {dag.py:4138} INFO - Setting next_dagrun for dag_isi_data_mart to None, run_after=None
[2026-09-17T07:00:40.348+0000] {processor.py:208} INFO - Processing /opt/airflow/dags/etl_to_datamart.py took 0.105 seconds
[2026-09-17T07:01:10.786+0000] {processor.py:186} INFO - Started process (PID=937) to work on /opt/airflow/dags/etl_to_datamart.py
[2026-09-17T07:01:10.787+0000] {processor.py:914} INFO - Processing file /opt/airflow/dags/etl_to_datamart.py for tasks to queue
[2026-09-17T07:01:10.790+0000] {logging_mixin.py:190} INFO - [2026-09-17T07:01:10.790+0000] {dagbag.py:587} INFO - Filling up the DagBag from /opt/airflow/dags/etl_to_datamart.py
[2026-09-17T07:01:10.805+0000] {processor.py:925} INFO - DAG(s) 'dag_isi_data_mart' retrieved from /opt/airflow/dags/etl_to_datamart.py
[2026-09-17T07:01:10.839+0000] {logging_mixin.py:190} INFO - [2026-09-17T07:01:10.838+0000] {dag.py:3211} INFO - Sync 1 DAGs
[2026-09-17T07:01:10.856+0000] {logging_mixin.py:190} INFO - [2026-09-17T07:01:10.856+0000] {dag.py:4138} INFO - Setting next_dagrun for dag_isi_data_mart to None, run_after=None
[2026-09-17T07:01:10.876+0000] {processor.py:208} INFO - Processing /opt/airflow/dags/etl_to_datamart.py took 0.097 seconds
[2026-09-17T07:01:41.175+0000] {processor.py:186} INFO - Started process (PID=946) to work on /opt/airflow/dags/etl_to_datamart.py
[2026-09-17T07:01:41.176+0000] {processor.py:914} INFO - Processing file /opt/airflow/dags/etl_to_datamart.py for tasks to queue
[2026-09-17T07:01:41.179+0000] {logging_mixin.py:190} INFO - [2026-09-17T07:01:41.179+0000] {dagbag.py:587} INFO - Filling up the DagBag from /opt/airflow/dags/etl_to_datamart.py
[2026-09-17T07:01:41.193+0000] {processor.py:925} INFO - DAG(s) 'dag_isi_data_mart' retrieved from /opt/airflow/dags/etl_to_datamart.py
[2026-09-17T07:01:41.225+0000] {logging_mixin.py:190} INFO - [2026-09-17T07:01:41.225+0000] {dag.py:3211} INFO - Sync 1 DAGs
[2026-09-17T07:01:41.250+0000] {logging_mixin.py:190} INFO - [2026-09-17T07:01:41.249+0000] {dag.py:4138} INFO - Setting next_dagrun for dag_isi_data_mart to None, run_after=None
[2026-09-17T07:01:41.280+0000] {processor.py:208} INFO - Processing /opt/airflow/dags/etl_to_datamart.py took 0.111 seconds
[2026-09-17T07:02:11.441+0000] {processor.py:186} INFO - Started process (PID=954) to work on /opt/airflow/dags/etl_to_datamart.py
[2026-09-17T07:02:11.443+0000] {processor.py:914} INFO - Processing file /opt/airflow/dags/etl_to_datamart.py for tasks to queue
[2026-09-17T07:02:11.444+0000] {logging_mixin.py:190} INFO - [2026-09-17T07:02:11.443+0000] {dagbag.py:587} INFO - Filling up the DagBag from /opt/airflow/dags/etl_to_datamart.py
[2026-09-17T07:02:11.465+0000] {processor.py:925} INFO - DAG(s) 'dag_isi_data_mart' retrieved from /opt/airflow/dags/etl_to_datamart.py
[2026-09-17T07:02:11.552+0000] {logging_mixin.py:190} INFO - [2026-09-17T07:02:11.551+0000] {dag.py:3211} INFO - Sync 1 DAGs
[2026-09-17T07:02:11.583+0000] {logging_mixin.py:190} INFO - [2026-09-17T07:02:11.583+0000] {dag.py:4138} INFO - Setting next_dagrun for dag_isi_data_mart to None, run_after=None
[2026-09-17T07:02:11.609+0000] {processor.py:208} INFO - Processing /opt/airflow/dags/etl_to_datamart.py took 0.175 seconds
[2026-09-17T07:02:41.872+0000] {processor.py:186} INFO - Started process (PID=963) to work on /opt/airflow/dags/etl_to_datamart.py
[2026-09-17T07:02:41.873+0000] {processor.py:914} INFO - Processing file /opt/airflow/dags/etl_to_datamart.py for tasks to queue
[2026-09-17T07:02:41.874+0000] {logging_mixin.py:190} INFO - [2026-09-17T07:02:41.874+0000] {dagbag.py:587} INFO - Filling up the DagBag from /opt/airflow/dags/etl_to_datamart.py
[2026-09-17T07:02:41.891+0000] {processor.py:925} INFO - DAG(s) 'dag_isi_data_mart' retrieved from /opt/airflow/dags/etl_to_datamart.py
[2026-09-17T07:02:41.922+0000] {logging_mixin.py:190} INFO - [2026-09-17T07:02:41.921+0000] {dag.py:3211} INFO - Sync 1 DAGs
[2026-09-17T07:02:41.937+0000] {logging_mixin.py:190} INFO - [2026-09-17T07:02:41.936+0000] {dag.py:4138} INFO - Setting next_dagrun for dag_isi_data_mart to None, run_after=None
[2026-09-17T07:02:41.957+0000] {processor.py:208} INFO - Processing /opt/airflow/dags/etl_to_datamart.py took 0.091 seconds
[2026-09-17T07:03:12.242+0000] {processor.py:186} INFO - Started process (PID=971) to work on /opt/airflow/dags/etl_to_datamart.py
[2026-09-17T07:03:12.243+0000] {processor.py:914} INFO - Processing file /opt/airflow/dags/etl_to_datamart.py for tasks to queue
[2026-09-17T07:03:12.244+0000] {logging_mixin.py:190} INFO - [2026-09-17T07:03:12.244+0000] {dagbag.py:587} INFO - Filling up the DagBag from /opt/airflow/dags/etl_to_datamart.py
[2026-09-17T07:03:12.262+0000] {processor.py:925} INFO - DAG(s) 'dag_isi_data_mart' retrieved from /opt/airflow/dags/etl_to_datamart.py
[2026-09-17T07:03:12.300+0000] {logging_mixin.py:190} INFO - [2026-09-17T07:03:12.300+0000] {dag.py:3211} INFO - Sync 1 DAGs
[2026-09-17T07:03:12.320+0000] {logging_mixin.py:190} INFO - [2026-09-17T07:03:12.320+0000] {dag.py:4138} INFO - Setting next_dagrun for dag_isi_data_mart to None, run_after=None
[2026-09-17T07:03:12.347+0000] {processor.py:208} INFO - Processing /opt/airflow/dags/etl_to_datamart.py took 0.113 seconds
[2026-09-17T07:03:42.642+0000] {processor.py:186} INFO - Started process (PID=980) to work on /opt/airflow/dags/etl_to_datamart.py
[2026-09-17T07:03:42.643+0000] {processor.py:914} INFO - Processing file /opt/airflow/dags/etl_to_datamart.py for tasks to queue
[2026-09-17T07:03:42.645+0000] {logging_mixin.py:190} INFO - [2026-09-17T07:03:42.645+0000] {dagbag.py:587} INFO - Filling up the DagBag from /opt/airflow/dags/etl_to_datamart.py
[2026-09-17T07:03:42.668+0000] {processor.py:925} INFO - DAG(s) 'dag_isi_data_mart' retrieved from /opt/airflow/dags/etl_to_datamart.py
[2026-09-17T07:03:42.715+0000] {logging_mixin.py:190} INFO - [2026-09-17T07:03:42.715+0000] {dag.py:3211} INFO - Sync 1 DAGs
[2026-09-17T07:03:42.729+0000] {logging_mixin.py:190} INFO - [2026-09-17T07:03:42.729+0000] {dag.py:4138} INFO - Setting next_dagrun for dag_isi_data_mart to None, run_after=None
[2026-09-17T07:03:42.744+0000] {processor.py:208} INFO - Processing /opt/airflow/dags/etl_to_datamart.py took 0.111 seconds
[2026-09-17T07:04:13.034+0000] {processor.py:186} INFO - Started process (PID=989) to work on /opt/airflow/dags/etl_to_datamart.py
[2026-09-17T07:04:13.035+0000] {processor.py:914} INFO - Processing file /opt/airflow/dags/etl_to_datamart.py for tasks to queue
[2026-09-17T07:04:13.036+0000] {logging_mixin.py:190} INFO - [2026-09-17T07:04:13.035+0000] {dagbag.py:587} INFO - Filling up the DagBag from /opt/airflow/dags/etl_to_datamart.py
[2026-09-17T07:04:13.051+0000] {processor.py:925} INFO - DAG(s) 'dag_isi_data_mart' retrieved from /opt/airflow/dags/etl_to_datamart.py
[2026-09-17T07:04:13.084+0000] {logging_mixin.py:190} INFO - [2026-09-17T07:04:13.084+0000] {dag.py:3211} INFO - Sync 1 DAGs
[2026-09-17T07:04:13.103+0000] {logging_mixin.py:190} INFO - [2026-09-17T07:04:13.103+0000] {dag.py:4138} INFO - Setting next_dagrun for dag_isi_data_mart to None, run_after=None
[2026-09-17T07:04:13.129+0000] {processor.py:208} INFO - Processing /opt/airflow/dags/etl_to_datamart.py took 0.102 seconds
[2026-09-17T07:04:43.401+0000] {processor.py:186} INFO - Started process (PID=998) to work on /opt/airflow/dags/etl_to_datamart.py
[2026-09-17T07:04:43.402+0000] {processor.py:914} INFO - Processing file /opt/airflow/dags/etl_to_datamart.py for tasks to queue
[2026-09-17T07:04:43.403+0000] {logging_mixin.py:190} INFO - [2026-09-17T07:04:43.402+0000] {dagbag.py:587} INFO - Filling up the DagBag from /opt/airflow/dags/etl_to_datamart.py
[2026-09-17T07:04:43.420+0000] {processor.py:925} INFO - DAG(s) 'dag_isi_data_mart' retrieved from /opt/airflow/dags/etl_to_datamart.py
[2026-09-17T07:04:43.453+0000] {logging_mixin.py:190} INFO - [2026-09-17T07:04:43.453+0000] {dag.py:3211} INFO - Sync 1 DAGs
[2026-09-17T07:04:43.471+0000] {logging_mixin.py:190} INFO - [2026-09-17T07:04:43.471+0000] {dag.py:4138} INFO - Setting next_dagrun for dag_isi_data_mart to None, run_after=None
[2026-09-17T07:04:43.492+0000] {processor.py:208} INFO - Processing /opt/airflow/dags/etl_to_datamart.py took 0.098 seconds
[2026-09-17T07:05:13.763+0000] {processor.py:186} INFO - Started process (PID=1007) to work on /opt/airflow/dags/etl_to_datamart.py
[2026-09-17T07:05:13.764+0000] {processor.py:914} INFO - Processing file /opt/airflow/dags/etl_to_datamart.py for tasks to queue
[2026-09-17T07:05:13.765+0000] {logging_mixin.py:190} INFO - [2026-09-17T07:05:13.765+0000] {dagbag.py:587} INFO - Filling up the DagBag from /opt/airflow/dags/etl_to_datamart.py
[2026-09-17T07:05:13.781+0000] {processor.py:925} INFO - DAG(s) 'dag_isi_data_mart' retrieved from /opt/airflow/dags/etl_to_datamart.py
[2026-09-17T07:05:13.814+0000] {logging_mixin.py:190} INFO - [2026-09-17T07:05:13.814+0000] {dag.py:3211} INFO - Sync 1 DAGs
[2026-09-17T07:05:13.830+0000] {logging_mixin.py:190} INFO - [2026-09-17T07:05:13.829+0000] {dag.py:4138} INFO - Setting next_dagrun for dag_isi_data_mart to None, run_after=None
[2026-09-17T07:05:13.847+0000] {processor.py:208} INFO - Processing /opt/airflow/dags/etl_to_datamart.py took 0.092 seconds
[2026-09-17T07:05:44.122+0000] {processor.py:186} INFO - Started process (PID=1016) to work on /opt/airflow/dags/etl_to_datamart.py
[2026-09-17T07:05:44.123+0000] {processor.py:914} INFO - Processing file /opt/airflow/dags/etl_to_datamart.py for tasks to queue
[2026-09-17T07:05:44.125+0000] {logging_mixin.py:190} INFO - [2026-09-17T07:05:44.125+0000] {dagbag.py:587} INFO - Filling up the DagBag from /opt/airflow/dags/etl_to_datamart.py
[2026-09-17T07:05:44.143+0000] {processor.py:925} INFO - DAG(s) 'dag_isi_data_mart' retrieved from /opt/airflow/dags/etl_to_datamart.py
[2026-09-17T07:05:44.176+0000] {logging_mixin.py:190} INFO - [2026-09-17T07:05:44.176+0000] {dag.py:3211} INFO - Sync 1 DAGs
[2026-09-17T07:05:44.192+0000] {logging_mixin.py:190} INFO - [2026-09-17T07:05:44.192+0000] {dag.py:4138} INFO - Setting next_dagrun for dag_isi_data_mart to None, run_after=None
[2026-09-17T07:05:44.214+0000] {processor.py:208} INFO - Processing /opt/airflow/dags/etl_to_datamart.py took 0.099 seconds
[2026-09-17T07:06:14.495+0000] {processor.py:186} INFO - Started process (PID=1025) to work on /opt/airflow/dags/etl_to_datamart.py
[2026-09-17T07:06:14.496+0000] {processor.py:914} INFO - Processing file /opt/airflow/dags/etl_to_datamart.py for tasks to queue
[2026-09-17T07:06:14.498+0000] {logging_mixin.py:190} INFO - [2026-09-17T07:06:14.497+0000] {dagbag.py:587} INFO - Filling up the DagBag from /opt/airflow/dags/etl_to_datamart.py
[2026-09-17T07:06:14.525+0000] {processor.py:925} INFO - DAG(s) 'dag_isi_data_mart' retrieved from /opt/airflow/dags/etl_to_datamart.py
[2026-09-17T07:06:14.569+0000] {logging_mixin.py:190} INFO - [2026-09-17T07:06:14.568+0000] {dag.py:3211} INFO - Sync 1 DAGs
[2026-09-17T07:06:14.595+0000] {logging_mixin.py:190} INFO - [2026-09-17T07:06:14.594+0000] {dag.py:4138} INFO - Setting next_dagrun for dag_isi_data_mart to None, run_after=None
[2026-09-17T07:06:14.628+0000] {processor.py:208} INFO - Processing /opt/airflow/dags/etl_to_datamart.py took 0.145 seconds
[2026-09-17T07:06:44.766+0000] {processor.py:186} INFO - Started process (PID=1034) to work on /opt/airflow/dags/etl_to_datamart.py
[2026-09-17T07:06:44.768+0000] {processor.py:914} INFO - Processing file /opt/airflow/dags/etl_to_datamart.py for tasks to queue
[2026-09-17T07:06:44.770+0000] {logging_mixin.py:190} INFO - [2026-09-17T07:06:44.769+0000] {dagbag.py:587} INFO - Filling up the DagBag from /opt/airflow/dags/etl_to_datamart.py
[2026-09-17T07:06:44.791+0000] {processor.py:925} INFO - DAG(s) 'dag_isi_data_mart' retrieved from /opt/airflow/dags/etl_to_datamart.py
[2026-09-17T07:06:44.839+0000] {logging_mixin.py:190} INFO - [2026-09-17T07:06:44.838+0000] {dag.py:3211} INFO - Sync 1 DAGs
[2026-09-17T07:06:44.860+0000] {logging_mixin.py:190} INFO - [2026-09-17T07:06:44.859+0000] {dag.py:4138} INFO - Setting next_dagrun for dag_isi_data_mart to None, run_after=None
[2026-09-17T07:06:44.884+0000] {processor.py:208} INFO - Processing /opt/airflow/dags/etl_to_datamart.py took 0.129 seconds
[2026-09-17T07:07:15.171+0000] {processor.py:186} INFO - Started process (PID=1043) to work on /opt/airflow/dags/etl_to_datamart.py
[2026-09-17T07:07:15.173+0000] {processor.py:914} INFO - Processing file /opt/airflow/dags/etl_to_datamart.py for tasks to queue
[2026-09-17T07:07:15.174+0000] {logging_mixin.py:190} INFO - [2026-09-17T07:07:15.174+0000] {dagbag.py:587} INFO - Filling up the DagBag from /opt/airflow/dags/etl_to_datamart.py
[2026-09-17T07:07:15.191+0000] {processor.py:925} INFO - DAG(s) 'dag_isi_data_mart' retrieved from /opt/airflow/dags/etl_to_datamart.py
[2026-09-17T07:07:15.235+0000] {logging_mixin.py:190} INFO - [2026-09-17T07:07:15.235+0000] {dag.py:3211} INFO - Sync 1 DAGs
[2026-09-17T07:07:15.254+0000] {logging_mixin.py:190} INFO - [2026-09-17T07:07:15.254+0000] {dag.py:4138} INFO - Setting next_dagrun for dag_isi_data_mart to None, run_after=None
[2026-09-17T07:07:15.276+0000] {processor.py:208} INFO - Processing /opt/airflow/dags/etl_to_datamart.py took 0.112 seconds
[2026-09-17T07:07:45.538+0000] {processor.py:186} INFO - Started process (PID=1052) to work on /opt/airflow/dags/etl_to_datamart.py
[2026-09-17T07:07:45.540+0000] {processor.py:914} INFO - Processing file /opt/airflow/dags/etl_to_datamart.py for tasks to queue
[2026-09-17T07:07:45.542+0000] {logging_mixin.py:190} INFO - [2026-09-17T07:07:45.541+0000] {dagbag.py:587} INFO - Filling up the DagBag from /opt/airflow/dags/etl_to_datamart.py
[2026-09-17T07:07:45.561+0000] {processor.py:925} INFO - DAG(s) 'dag_isi_data_mart' retrieved from /opt/airflow/dags/etl_to_datamart.py
[2026-09-17T07:07:45.606+0000] {logging_mixin.py:190} INFO - [2026-09-17T07:07:45.606+0000] {dag.py:3211} INFO - Sync 1 DAGs
[2026-09-17T07:07:45.624+0000] {logging_mixin.py:190} INFO - [2026-09-17T07:07:45.624+0000] {dag.py:4138} INFO - Setting next_dagrun for dag_isi_data_mart to None, run_after=None
[2026-09-17T07:07:45.646+0000] {processor.py:208} INFO - Processing /opt/airflow/dags/etl_to_datamart.py took 0.119 seconds
[2026-09-17T07:08:15.936+0000] {processor.py:186} INFO - Started process (PID=1061) to work on /opt/airflow/dags/etl_to_datamart.py
[2026-09-17T07:08:15.937+0000] {processor.py:914} INFO - Processing file /opt/airflow/dags/etl_to_datamart.py for tasks to queue
[2026-09-17T07:08:15.939+0000] {logging_mixin.py:190} INFO - [2026-09-17T07:08:15.938+0000] {dagbag.py:587} INFO - Filling up the DagBag from /opt/airflow/dags/etl_to_datamart.py
[2026-09-17T07:08:15.957+0000] {processor.py:925} INFO - DAG(s) 'dag_isi_data_mart' retrieved from /opt/airflow/dags/etl_to_datamart.py
[2026-09-17T07:08:15.996+0000] {logging_mixin.py:190} INFO - [2026-09-17T07:08:15.995+0000] {dag.py:3211} INFO - Sync 1 DAGs
[2026-09-17T07:08:16.022+0000] {logging_mixin.py:190} INFO - [2026-09-17T07:08:16.022+0000] {dag.py:4138} INFO - Setting next_dagrun for dag_isi_data_mart to None, run_after=None
[2026-09-17T07:08:16.048+0000] {processor.py:208} INFO - Processing /opt/airflow/dags/etl_to_datamart.py took 0.120 seconds
[2026-09-17T07:08:46.336+0000] {processor.py:186} INFO - Started process (PID=1070) to work on /opt/airflow/dags/etl_to_datamart.py
[2026-09-17T07:08:46.337+0000] {processor.py:914} INFO - Processing file /opt/airflow/dags/etl_to_datamart.py for tasks to queue
[2026-09-17T07:08:46.338+0000] {logging_mixin.py:190} INFO - [2026-09-17T07:08:46.338+0000] {dagbag.py:587} INFO - Filling up the DagBag from /opt/airflow/dags/etl_to_datamart.py
[2026-09-17T07:08:46.355+0000] {processor.py:925} INFO - DAG(s) 'dag_isi_data_mart' retrieved from /opt/airflow/dags/etl_to_datamart.py
[2026-09-17T07:08:46.390+0000] {logging_mixin.py:190} INFO - [2026-09-17T07:08:46.390+0000] {dag.py:3211} INFO - Sync 1 DAGs
[2026-09-17T07:08:46.405+0000] {logging_mixin.py:190} INFO - [2026-09-17T07:08:46.405+0000] {dag.py:4138} INFO - Setting next_dagrun for dag_isi_data_mart to None, run_after=None
[2026-09-17T07:08:46.426+0000] {processor.py:208} INFO - Processing /opt/airflow/dags/etl_to_datamart.py took 0.097 seconds
[2026-09-17T07:09:16.686+0000] {processor.py:186} INFO - Started process (PID=1079) to work on /opt/airflow/dags/etl_to_datamart.py
[2026-09-17T07:09:16.688+0000] {processor.py:914} INFO - Processing file /opt/airflow/dags/etl_to_datamart.py for tasks to queue
[2026-09-17T07:09:16.689+0000] {logging_mixin.py:190} INFO - [2026-09-17T07:09:16.689+0000] {dagbag.py:587} INFO - Filling up the DagBag from /opt/airflow/dags/etl_to_datamart.py
[2026-09-17T07:09:16.709+0000] {processor.py:925} INFO - DAG(s) 'dag_isi_data_mart' retrieved from /opt/airflow/dags/etl_to_datamart.py
[2026-09-17T07:09:16.759+0000] {logging_mixin.py:190} INFO - [2026-09-17T07:09:16.758+0000] {dag.py:3211} INFO - Sync 1 DAGs
[2026-09-17T07:09:16.779+0000] {logging_mixin.py:190} INFO - [2026-09-17T07:09:16.779+0000] {dag.py:4138} INFO - Setting next_dagrun for dag_isi_data_mart to None, run_after=None
[2026-09-17T07:09:16.805+0000] {processor.py:208} INFO - Processing /opt/airflow/dags/etl_to_datamart.py took 0.126 seconds
[2026-09-17T07:09:47.069+0000] {processor.py:186} INFO - Started process (PID=1088) to work on /opt/airflow/dags/etl_to_datamart.py
[2026-09-17T07:09:47.070+0000] {processor.py:914} INFO - Processing file /opt/airflow/dags/etl_to_datamart.py for tasks to queue
[2026-09-17T07:09:47.072+0000] {logging_mixin.py:190} INFO - [2026-09-17T07:09:47.071+0000] {dagbag.py:587} INFO - Filling up the DagBag from /opt/airflow/dags/etl_to_datamart.py
[2026-09-17T07:09:47.087+0000] {processor.py:925} INFO - DAG(s) 'dag_isi_data_mart' retrieved from /opt/airflow/dags/etl_to_datamart.py
[2026-09-17T07:09:47.125+0000] {logging_mixin.py:190} INFO - [2026-09-17T07:09:47.125+0000] {dag.py:3211} INFO - Sync 1 DAGs
[2026-09-17T07:09:47.143+0000] {logging_mixin.py:190} INFO - [2026-09-17T07:09:47.143+0000] {dag.py:4138} INFO - Setting next_dagrun for dag_isi_data_mart to None, run_after=None
[2026-09-17T07:09:47.168+0000] {processor.py:208} INFO - Processing /opt/airflow/dags/etl_to_datamart.py took 0.107 seconds
[2026-09-17T07:10:17.468+0000] {processor.py:186} INFO - Started process (PID=1097) to work on /opt/airflow/dags/etl_to_datamart.py
[2026-09-17T07:10:17.469+0000] {processor.py:914} INFO - Processing file /opt/airflow/dags/etl_to_datamart.py for tasks to queue
[2026-09-17T07:10:17.471+0000] {logging_mixin.py:190} INFO - [2026-09-17T07:10:17.470+0000] {dagbag.py:587} INFO - Filling up the DagBag from /opt/airflow/dags/etl_to_datamart.py
[2026-09-17T07:10:17.490+0000] {processor.py:925} INFO - DAG(s) 'dag_isi_data_mart' retrieved from /opt/airflow/dags/etl_to_datamart.py
[2026-09-17T07:10:17.529+0000] {logging_mixin.py:190} INFO - [2026-09-17T07:10:17.529+0000] {dag.py:3211} INFO - Sync 1 DAGs
[2026-09-17T07:10:17.551+0000] {logging_mixin.py:190} INFO - [2026-09-17T07:10:17.550+0000] {dag.py:4138} INFO - Setting next_dagrun for dag_isi_data_mart to None, run_after=None
[2026-09-17T07:10:17.579+0000] {processor.py:208} INFO - Processing /opt/airflow/dags/etl_to_datamart.py took 0.120 seconds
[2026-09-17T07:10:47.871+0000] {processor.py:186} INFO - Started process (PID=1107) to work on /opt/airflow/dags/etl_to_datamart.py
[2026-09-17T07:10:47.872+0000] {processor.py:914} INFO - Processing file /opt/airflow/dags/etl_to_datamart.py for tasks to queue
[2026-09-17T07:10:47.873+0000] {logging_mixin.py:190} INFO - [2026-09-17T07:10:47.873+0000] {dagbag.py:587} INFO - Filling up the DagBag from /opt/airflow/dags/etl_to_datamart.py
[2026-09-17T07:10:47.891+0000] {processor.py:925} INFO - DAG(s) 'dag_isi_data_mart' retrieved from /opt/airflow/dags/etl_to_datamart.py
[2026-09-17T07:10:47.921+0000] {logging_mixin.py:190} INFO - [2026-09-17T07:10:47.921+0000] {dag.py:3211} INFO - Sync 1 DAGs
[2026-09-17T07:10:47.936+0000] {logging_mixin.py:190} INFO - [2026-09-17T07:10:47.935+0000] {dag.py:4138} INFO - Setting next_dagrun for dag_isi_data_mart to None, run_after=None
[2026-09-17T07:10:47.956+0000] {processor.py:208} INFO - Processing /opt/airflow/dags/etl_to_datamart.py took 0.093 seconds
[2026-09-17T07:11:18.214+0000] {processor.py:186} INFO - Started process (PID=1116) to work on /opt/airflow/dags/etl_to_datamart.py
[2026-09-17T07:11:18.215+0000] {processor.py:914} INFO - Processing file /opt/airflow/dags/etl_to_datamart.py for tasks to queue
[2026-09-17T07:11:18.216+0000] {logging_mixin.py:190} INFO - [2026-09-17T07:11:18.216+0000] {dagbag.py:587} INFO - Filling up the DagBag from /opt/airflow/dags/etl_to_datamart.py
[2026-09-17T07:11:18.230+0000] {processor.py:925} INFO - DAG(s) 'dag_isi_data_mart' retrieved from /opt/airflow/dags/etl_to_datamart.py
[2026-09-17T07:11:18.261+0000] {logging_mixin.py:190} INFO - [2026-09-17T07:11:18.260+0000] {dag.py:3211} INFO - Sync 1 DAGs
[2026-09-17T07:11:18.276+0000] {logging_mixin.py:190} INFO - [2026-09-17T07:11:18.276+0000] {dag.py:4138} INFO - Setting next_dagrun for dag_isi_data_mart to None, run_after=None
[2026-09-17T07:11:18.297+0000] {processor.py:208} INFO - Processing /opt/airflow/dags/etl_to_datamart.py took 0.089 seconds
[2026-09-17T07:11:48.540+0000] {processor.py:186} INFO - Started process (PID=1125) to work on /opt/airflow/dags/etl_to_datamart.py
[2026-09-17T07:11:48.541+0000] {processor.py:914} INFO - Processing file /opt/airflow/dags/etl_to_datamart.py for tasks to queue
[2026-09-17T07:11:48.542+0000] {logging_mixin.py:190} INFO - [2026-09-17T07:11:48.542+0000] {dagbag.py:587} INFO - Filling up the DagBag from /opt/airflow/dags/etl_to_datamart.py
[2026-09-17T07:11:48.557+0000] {processor.py:925} INFO - DAG(s) 'dag_isi_data_mart' retrieved from /opt/airflow/dags/etl_to_datamart.py
[2026-09-17T07:11:48.590+0000] {logging_mixin.py:190} INFO - [2026-09-17T07:11:48.590+0000] {dag.py:3211} INFO - Sync 1 DAGs
[2026-09-17T07:11:48.609+0000] {logging_mixin.py:190} INFO - [2026-09-17T07:11:48.608+0000] {dag.py:4138} INFO - Setting next_dagrun for dag_isi_data_mart to None, run_after=None
[2026-09-17T07:11:48.630+0000] {processor.py:208} INFO - Processing /opt/airflow/dags/etl_to_datamart.py took 0.095 seconds
[2026-09-17T07:12:18.893+0000] {processor.py:186} INFO - Started process (PID=1134) to work on /opt/airflow/dags/etl_to_datamart.py
[2026-09-17T07:12:18.895+0000] {processor.py:914} INFO - Processing file /opt/airflow/dags/etl_to_datamart.py for tasks to queue
[2026-09-17T07:12:18.896+0000] {logging_mixin.py:190} INFO - [2026-09-17T07:12:18.895+0000] {dagbag.py:587} INFO - Filling up the DagBag from /opt/airflow/dags/etl_to_datamart.py
[2026-09-17T07:12:18.912+0000] {processor.py:925} INFO - DAG(s) 'dag_isi_data_mart' retrieved from /opt/airflow/dags/etl_to_datamart.py
[2026-09-17T07:12:18.946+0000] {logging_mixin.py:190} INFO - [2026-09-17T07:12:18.945+0000] {dag.py:3211} INFO - Sync 1 DAGs
[2026-09-17T07:12:18.963+0000] {logging_mixin.py:190} INFO - [2026-09-17T07:12:18.963+0000] {dag.py:4138} INFO - Setting next_dagrun for dag_isi_data_mart to None, run_after=None
[2026-09-17T07:12:18.987+0000] {processor.py:208} INFO - Processing /opt/airflow/dags/etl_to_datamart.py took 0.100 seconds
[2026-09-17T07:12:49.246+0000] {processor.py:186} INFO - Started process (PID=1143) to work on /opt/airflow/dags/etl_to_datamart.py
[2026-09-17T07:12:49.247+0000] {processor.py:914} INFO - Processing file /opt/airflow/dags/etl_to_datamart.py for tasks to queue
[2026-09-17T07:12:49.248+0000] {logging_mixin.py:190} INFO - [2026-09-17T07:12:49.248+0000] {dagbag.py:587} INFO - Filling up the DagBag from /opt/airflow/dags/etl_to_datamart.py
[2026-09-17T07:12:49.264+0000] {processor.py:925} INFO - DAG(s) 'dag_isi_data_mart' retrieved from /opt/airflow/dags/etl_to_datamart.py
[2026-09-17T07:12:49.295+0000] {logging_mixin.py:190} INFO - [2026-09-17T07:12:49.295+0000] {dag.py:3211} INFO - Sync 1 DAGs
[2026-09-17T07:12:49.310+0000] {logging_mixin.py:190} INFO - [2026-09-17T07:12:49.310+0000] {dag.py:4138} INFO - Setting next_dagrun for dag_isi_data_mart to None, run_after=None
[2026-09-17T07:12:49.329+0000] {processor.py:208} INFO - Processing /opt/airflow/dags/etl_to_datamart.py took 0.090 seconds
[2026-09-17T07:13:19.587+0000] {processor.py:186} INFO - Started process (PID=1152) to work on /opt/airflow/dags/etl_to_datamart.py
[2026-09-17T07:13:19.589+0000] {processor.py:914} INFO - Processing file /opt/airflow/dags/etl_to_datamart.py for tasks to queue
[2026-09-17T07:13:19.591+0000] {logging_mixin.py:190} INFO - [2026-09-17T07:13:19.590+0000] {dagbag.py:587} INFO - Filling up the DagBag from /opt/airflow/dags/etl_to_datamart.py
[2026-09-17T07:13:19.610+0000] {processor.py:925} INFO - DAG(s) 'dag_isi_data_mart' retrieved from /opt/airflow/dags/etl_to_datamart.py
[2026-09-17T07:13:19.647+0000] {logging_mixin.py:190} INFO - [2026-09-17T07:13:19.646+0000] {dag.py:3211} INFO - Sync 1 DAGs
[2026-09-17T07:13:19.716+0000] {logging_mixin.py:190} INFO - [2026-09-17T07:13:19.716+0000] {dag.py:4138} INFO - Setting next_dagrun for dag_isi_data_mart to None, run_after=None
[2026-09-17T07:13:19.751+0000] {processor.py:208} INFO - Processing /opt/airflow/dags/etl_to_datamart.py took 0.170 seconds
[2026-09-17T07:13:50.003+0000] {processor.py:186} INFO - Started process (PID=1161) to work on /opt/airflow/dags/etl_to_datamart.py
[2026-09-17T07:13:50.004+0000] {processor.py:914} INFO - Processing file /opt/airflow/dags/etl_to_datamart.py for tasks to queue
[2026-09-17T07:13:50.005+0000] {logging_mixin.py:190} INFO - [2026-09-17T07:13:50.005+0000] {dagbag.py:587} INFO - Filling up the DagBag from /opt/airflow/dags/etl_to_datamart.py
[2026-09-17T07:13:50.018+0000] {processor.py:925} INFO - DAG(s) 'dag_isi_data_mart' retrieved from /opt/airflow/dags/etl_to_datamart.py
[2026-09-17T07:13:50.049+0000] {logging_mixin.py:190} INFO - [2026-09-17T07:13:50.049+0000] {dag.py:3211} INFO - Sync 1 DAGs
[2026-09-17T07:13:50.065+0000] {logging_mixin.py:190} INFO - [2026-09-17T07:13:50.065+0000] {dag.py:4138} INFO - Setting next_dagrun for dag_isi_data_mart to None, run_after=None
[2026-09-17T07:13:50.085+0000] {processor.py:208} INFO - Processing /opt/airflow/dags/etl_to_datamart.py took 0.088 seconds
[2026-09-17T07:14:20.336+0000] {processor.py:186} INFO - Started process (PID=1170) to work on /opt/airflow/dags/etl_to_datamart.py
[2026-09-17T07:14:20.337+0000] {processor.py:914} INFO - Processing file /opt/airflow/dags/etl_to_datamart.py for tasks to queue
[2026-09-17T07:14:20.338+0000] {logging_mixin.py:190} INFO - [2026-09-17T07:14:20.338+0000] {dagbag.py:587} INFO - Filling up the DagBag from /opt/airflow/dags/etl_to_datamart.py
[2026-09-17T07:14:20.353+0000] {processor.py:925} INFO - DAG(s) 'dag_isi_data_mart' retrieved from /opt/airflow/dags/etl_to_datamart.py
[2026-09-17T07:14:20.384+0000] {logging_mixin.py:190} INFO - [2026-09-17T07:14:20.383+0000] {dag.py:3211} INFO - Sync 1 DAGs
[2026-09-17T07:14:20.400+0000] {logging_mixin.py:190} INFO - [2026-09-17T07:14:20.400+0000] {dag.py:4138} INFO - Setting next_dagrun for dag_isi_data_mart to None, run_after=None
[2026-09-17T07:14:20.421+0000] {processor.py:208} INFO - Processing /opt/airflow/dags/etl_to_datamart.py took 0.092 seconds
[2026-09-17T07:14:50.732+0000] {processor.py:186} INFO - Started process (PID=1185) to work on /opt/airflow/dags/etl_to_datamart.py
[2026-09-17T07:14:50.733+0000] {processor.py:914} INFO - Processing file /opt/airflow/dags/etl_to_datamart.py for tasks to queue
[2026-09-17T07:14:50.734+0000] {logging_mixin.py:190} INFO - [2026-09-17T07:14:50.734+0000] {dagbag.py:587} INFO - Filling up the DagBag from /opt/airflow/dags/etl_to_datamart.py
[2026-09-17T07:14:50.749+0000] {processor.py:925} INFO - DAG(s) 'dag_isi_data_mart' retrieved from /opt/airflow/dags/etl_to_datamart.py
[2026-09-17T07:14:50.778+0000] {logging_mixin.py:190} INFO - [2026-09-17T07:14:50.778+0000] {dag.py:3211} INFO - Sync 1 DAGs
[2026-09-17T07:14:50.793+0000] {logging_mixin.py:190} INFO - [2026-09-17T07:14:50.793+0000] {dag.py:4138} INFO - Setting next_dagrun for dag_isi_data_mart to None, run_after=None
[2026-09-17T07:14:50.812+0000] {processor.py:208} INFO - Processing /opt/airflow/dags/etl_to_datamart.py took 0.087 seconds
[2026-09-17T07:15:21.098+0000] {processor.py:186} INFO - Started process (PID=1194) to work on /opt/airflow/dags/etl_to_datamart.py
[2026-09-17T07:15:21.100+0000] {processor.py:914} INFO - Processing file /opt/airflow/dags/etl_to_datamart.py for tasks to queue
[2026-09-17T07:15:21.101+0000] {logging_mixin.py:190} INFO - [2026-09-17T07:15:21.101+0000] {dagbag.py:587} INFO - Filling up the DagBag from /opt/airflow/dags/etl_to_datamart.py
[2026-09-17T07:15:21.121+0000] {processor.py:925} INFO - DAG(s) 'dag_isi_data_mart' retrieved from /opt/airflow/dags/etl_to_datamart.py
[2026-09-17T07:15:21.162+0000] {logging_mixin.py:190} INFO - [2026-09-17T07:15:21.162+0000] {dag.py:3211} INFO - Sync 1 DAGs
[2026-09-17T07:15:21.181+0000] {logging_mixin.py:190} INFO - [2026-09-17T07:15:21.180+0000] {dag.py:4138} INFO - Setting next_dagrun for dag_isi_data_mart to None, run_after=None
[2026-09-17T07:15:21.207+0000] {processor.py:208} INFO - Processing /opt/airflow/dags/etl_to_datamart.py took 0.117 seconds
[2026-09-17T07:15:51.515+0000] {processor.py:186} INFO - Started process (PID=1203) to work on /opt/airflow/dags/etl_to_datamart.py
[2026-09-17T07:15:51.517+0000] {processor.py:914} INFO - Processing file /opt/airflow/dags/etl_to_datamart.py for tasks to queue
[2026-09-17T07:15:51.518+0000] {logging_mixin.py:190} INFO - [2026-09-17T07:15:51.518+0000] {dagbag.py:587} INFO - Filling up the DagBag from /opt/airflow/dags/etl_to_datamart.py
[2026-09-17T07:15:51.540+0000] {processor.py:925} INFO - DAG(s) 'dag_isi_data_mart' retrieved from /opt/airflow/dags/etl_to_datamart.py
[2026-09-17T07:15:51.588+0000] {logging_mixin.py:190} INFO - [2026-09-17T07:15:51.587+0000] {dag.py:3211} INFO - Sync 1 DAGs
[2026-09-17T07:15:51.610+0000] {logging_mixin.py:190} INFO - [2026-09-17T07:15:51.610+0000] {dag.py:4138} INFO - Setting next_dagrun for dag_isi_data_mart to None, run_after=None
[2026-09-17T07:15:51.641+0000] {processor.py:208} INFO - Processing /opt/airflow/dags/etl_to_datamart.py took 0.135 seconds
[2026-09-17T07:16:21.927+0000] {processor.py:186} INFO - Started process (PID=1212) to work on /opt/airflow/dags/etl_to_datamart.py
[2026-09-17T07:16:21.928+0000] {processor.py:914} INFO - Processing file /opt/airflow/dags/etl_to_datamart.py for tasks to queue
[2026-09-17T07:16:21.929+0000] {logging_mixin.py:190} INFO - [2026-09-17T07:16:21.929+0000] {dagbag.py:587} INFO - Filling up the DagBag from /opt/airflow/dags/etl_to_datamart.py
[2026-09-17T07:16:21.946+0000] {processor.py:925} INFO - DAG(s) 'dag_isi_data_mart' retrieved from /opt/airflow/dags/etl_to_datamart.py
[2026-09-17T07:16:21.983+0000] {logging_mixin.py:190} INFO - [2026-09-17T07:16:21.983+0000] {dag.py:3211} INFO - Sync 1 DAGs
[2026-09-17T07:16:22.001+0000] {logging_mixin.py:190} INFO - [2026-09-17T07:16:22.001+0000] {dag.py:4138} INFO - Setting next_dagrun for dag_isi_data_mart to None, run_after=None
[2026-09-17T07:16:22.022+0000] {processor.py:208} INFO - Processing /opt/airflow/dags/etl_to_datamart.py took 0.103 seconds
[2026-09-17T07:16:52.312+0000] {processor.py:186} INFO - Started process (PID=1221) to work on /opt/airflow/dags/etl_to_datamart.py
[2026-09-17T07:16:52.313+0000] {processor.py:914} INFO - Processing file /opt/airflow/dags/etl_to_datamart.py for tasks to queue
[2026-09-17T07:16:52.315+0000] {logging_mixin.py:190} INFO - [2026-09-17T07:16:52.315+0000] {dagbag.py:587} INFO - Filling up the DagBag from /opt/airflow/dags/etl_to_datamart.py
[2026-09-17T07:16:52.340+0000] {processor.py:925} INFO - DAG(s) 'dag_isi_data_mart' retrieved from /opt/airflow/dags/etl_to_datamart.py
[2026-09-17T07:16:52.386+0000] {logging_mixin.py:190} INFO - [2026-09-17T07:16:52.386+0000] {dag.py:3211} INFO - Sync 1 DAGs
[2026-09-17T07:16:52.406+0000] {logging_mixin.py:190} INFO - [2026-09-17T07:16:52.406+0000] {dag.py:4138} INFO - Setting next_dagrun for dag_isi_data_mart to None, run_after=None
[2026-09-17T07:16:52.446+0000] {processor.py:208} INFO - Processing /opt/airflow/dags/etl_to_datamart.py took 0.142 seconds
[2026-09-17T07:17:22.577+0000] {processor.py:186} INFO - Started process (PID=1230) to work on /opt/airflow/dags/etl_to_datamart.py
[2026-09-17T07:17:22.578+0000] {processor.py:914} INFO - Processing file /opt/airflow/dags/etl_to_datamart.py for tasks to queue
[2026-09-17T07:17:22.580+0000] {logging_mixin.py:190} INFO - [2026-09-17T07:17:22.579+0000] {dagbag.py:587} INFO - Filling up the DagBag from /opt/airflow/dags/etl_to_datamart.py
[2026-09-17T07:17:22.597+0000] {processor.py:925} INFO - DAG(s) 'dag_isi_data_mart' retrieved from /opt/airflow/dags/etl_to_datamart.py
[2026-09-17T07:17:22.676+0000] {logging_mixin.py:190} INFO - [2026-09-17T07:17:22.676+0000] {dag.py:3211} INFO - Sync 1 DAGs
[2026-09-17T07:17:22.733+0000] {logging_mixin.py:190} INFO - [2026-09-17T07:17:22.733+0000] {dag.py:4138} INFO - Setting next_dagrun for dag_isi_data_mart to None, run_after=None
[2026-09-17T07:17:22.769+0000] {processor.py:208} INFO - Processing /opt/airflow/dags/etl_to_datamart.py took 0.199 seconds
[2026-09-17T07:17:53.067+0000] {processor.py:186} INFO - Started process (PID=1239) to work on /opt/airflow/dags/etl_to_datamart.py
[2026-09-17T07:17:53.069+0000] {processor.py:914} INFO - Processing file /opt/airflow/dags/etl_to_datamart.py for tasks to queue
[2026-09-17T07:17:53.071+0000] {logging_mixin.py:190} INFO - [2026-09-17T07:17:53.070+0000] {dagbag.py:587} INFO - Filling up the DagBag from /opt/airflow/dags/etl_to_datamart.py
[2026-09-17T07:17:53.099+0000] {processor.py:925} INFO - DAG(s) 'dag_isi_data_mart' retrieved from /opt/airflow/dags/etl_to_datamart.py
[2026-09-17T07:17:53.150+0000] {logging_mixin.py:190} INFO - [2026-09-17T07:17:53.150+0000] {dag.py:3211} INFO - Sync 1 DAGs
[2026-09-17T07:17:53.171+0000] {logging_mixin.py:190} INFO - [2026-09-17T07:17:53.171+0000] {dag.py:4138} INFO - Setting next_dagrun for dag_isi_data_mart to None, run_after=None
[2026-09-17T07:17:53.202+0000] {processor.py:208} INFO - Processing /opt/airflow/dags/etl_to_datamart.py took 0.147 seconds
[2026-09-17T07:18:23.478+0000] {processor.py:186} INFO - Started process (PID=1248) to work on /opt/airflow/dags/etl_to_datamart.py
[2026-09-17T07:18:23.479+0000] {processor.py:914} INFO - Processing file /opt/airflow/dags/etl_to_datamart.py for tasks to queue
[2026-09-17T07:18:23.481+0000] {logging_mixin.py:190} INFO - [2026-09-17T07:18:23.481+0000] {dagbag.py:587} INFO - Filling up the DagBag from /opt/airflow/dags/etl_to_datamart.py
[2026-09-17T07:18:23.495+0000] {processor.py:925} INFO - DAG(s) 'dag_isi_data_mart' retrieved from /opt/airflow/dags/etl_to_datamart.py
[2026-09-17T07:18:23.528+0000] {logging_mixin.py:190} INFO - [2026-09-17T07:18:23.527+0000] {dag.py:3211} INFO - Sync 1 DAGs
[2026-09-17T07:18:23.544+0000] {logging_mixin.py:190} INFO - [2026-09-17T07:18:23.544+0000] {dag.py:4138} INFO - Setting next_dagrun for dag_isi_data_mart to None, run_after=None
[2026-09-17T07:18:23.563+0000] {processor.py:208} INFO - Processing /opt/airflow/dags/etl_to_datamart.py took 0.091 seconds
[2026-09-17T07:18:53.836+0000] {processor.py:186} INFO - Started process (PID=1257) to work on /opt/airflow/dags/etl_to_datamart.py
[2026-09-17T07:18:53.837+0000] {processor.py:914} INFO - Processing file /opt/airflow/dags/etl_to_datamart.py for tasks to queue
[2026-09-17T07:18:53.838+0000] {logging_mixin.py:190} INFO - [2026-09-17T07:18:53.838+0000] {dagbag.py:587} INFO - Filling up the DagBag from /opt/airflow/dags/etl_to_datamart.py
[2026-09-17T07:18:53.856+0000] {processor.py:925} INFO - DAG(s) 'dag_isi_data_mart' retrieved from /opt/airflow/dags/etl_to_datamart.py
[2026-09-17T07:18:53.892+0000] {logging_mixin.py:190} INFO - [2026-09-17T07:18:53.891+0000] {dag.py:3211} INFO - Sync 1 DAGs
[2026-09-17T07:18:53.908+0000] {logging_mixin.py:190} INFO - [2026-09-17T07:18:53.908+0000] {dag.py:4138} INFO - Setting next_dagrun for dag_isi_data_mart to None, run_after=None
[2026-09-17T07:18:53.932+0000] {processor.py:208} INFO - Processing /opt/airflow/dags/etl_to_datamart.py took 0.107 seconds
[2026-09-17T07:19:24.207+0000] {processor.py:186} INFO - Started process (PID=1266) to work on /opt/airflow/dags/etl_to_datamart.py
[2026-09-17T07:19:24.209+0000] {processor.py:914} INFO - Processing file /opt/airflow/dags/etl_to_datamart.py for tasks to queue
[2026-09-17T07:19:24.210+0000] {logging_mixin.py:190} INFO - [2026-09-17T07:19:24.210+0000] {dagbag.py:587} INFO - Filling up the DagBag from /opt/airflow/dags/etl_to_datamart.py
[2026-09-17T07:19:24.228+0000] {processor.py:925} INFO - DAG(s) 'dag_isi_data_mart' retrieved from /opt/airflow/dags/etl_to_datamart.py
[2026-09-17T07:19:24.262+0000] {logging_mixin.py:190} INFO - [2026-09-17T07:19:24.262+0000] {dag.py:3211} INFO - Sync 1 DAGs
[2026-09-17T07:19:24.280+0000] {logging_mixin.py:190} INFO - [2026-09-17T07:19:24.279+0000] {dag.py:4138} INFO - Setting next_dagrun for dag_isi_data_mart to None, run_after=None
[2026-09-17T07:19:24.300+0000] {processor.py:208} INFO - Processing /opt/airflow/dags/etl_to_datamart.py took 0.100 seconds
[2026-09-17T07:19:54.596+0000] {processor.py:186} INFO - Started process (PID=1275) to work on /opt/airflow/dags/etl_to_datamart.py
[2026-09-17T07:19:54.598+0000] {processor.py:914} INFO - Processing file /opt/airflow/dags/etl_to_datamart.py for tasks to queue
[2026-09-17T07:19:54.602+0000] {logging_mixin.py:190} INFO - [2026-09-17T07:19:54.601+0000] {dagbag.py:587} INFO - Filling up the DagBag from /opt/airflow/dags/etl_to_datamart.py
[2026-09-17T07:19:54.636+0000] {processor.py:925} INFO - DAG(s) 'dag_isi_data_mart' retrieved from /opt/airflow/dags/etl_to_datamart.py
[2026-09-17T07:19:54.688+0000] {logging_mixin.py:190} INFO - [2026-09-17T07:19:54.687+0000] {dag.py:3211} INFO - Sync 1 DAGs
[2026-09-17T07:19:54.705+0000] {logging_mixin.py:190} INFO - [2026-09-17T07:19:54.705+0000] {dag.py:4138} INFO - Setting next_dagrun for dag_isi_data_mart to None, run_after=None
[2026-09-17T07:19:54.726+0000] {processor.py:208} INFO - Processing /opt/airflow/dags/etl_to_datamart.py took 0.145 seconds
[2026-09-17T07:20:24.990+0000] {processor.py:186} INFO - Started process (PID=1284) to work on /opt/airflow/dags/etl_to_datamart.py
[2026-09-17T07:20:24.991+0000] {processor.py:914} INFO - Processing file /opt/airflow/dags/etl_to_datamart.py for tasks to queue
[2026-09-17T07:20:24.993+0000] {logging_mixin.py:190} INFO - [2026-09-17T07:20:24.992+0000] {dagbag.py:587} INFO - Filling up the DagBag from /opt/airflow/dags/etl_to_datamart.py
[2026-09-17T07:20:25.009+0000] {processor.py:925} INFO - DAG(s) 'dag_isi_data_mart' retrieved from /opt/airflow/dags/etl_to_datamart.py
[2026-09-17T07:20:25.046+0000] {logging_mixin.py:190} INFO - [2026-09-17T07:20:25.045+0000] {dag.py:3211} INFO - Sync 1 DAGs
[2026-09-17T07:20:25.064+0000] {logging_mixin.py:190} INFO - [2026-09-17T07:20:25.064+0000] {dag.py:4138} INFO - Setting next_dagrun for dag_isi_data_mart to None, run_after=None
[2026-09-17T07:20:25.089+0000] {processor.py:208} INFO - Processing /opt/airflow/dags/etl_to_datamart.py took 0.105 seconds
[2026-09-17T07:20:55.388+0000] {processor.py:186} INFO - Started process (PID=1293) to work on /opt/airflow/dags/etl_to_datamart.py
[2026-09-17T07:20:55.390+0000] {processor.py:914} INFO - Processing file /opt/airflow/dags/etl_to_datamart.py for tasks to queue
[2026-09-17T07:20:55.391+0000] {logging_mixin.py:190} INFO - [2026-09-17T07:20:55.390+0000] {dagbag.py:587} INFO - Filling up the DagBag from /opt/airflow/dags/etl_to_datamart.py
[2026-09-17T07:20:55.407+0000] {processor.py:925} INFO - DAG(s) 'dag_isi_data_mart' retrieved from /opt/airflow/dags/etl_to_datamart.py
[2026-09-17T07:20:55.440+0000] {logging_mixin.py:190} INFO - [2026-09-17T07:20:55.439+0000] {dag.py:3211} INFO - Sync 1 DAGs
[2026-09-17T07:20:55.460+0000] {logging_mixin.py:190} INFO - [2026-09-17T07:20:55.459+0000] {dag.py:4138} INFO - Setting next_dagrun for dag_isi_data_mart to None, run_after=None
[2026-09-17T07:20:55.483+0000] {processor.py:208} INFO - Processing /opt/airflow/dags/etl_to_datamart.py took 0.102 seconds
[2026-09-17T07:21:25.742+0000] {processor.py:186} INFO - Started process (PID=1302) to work on /opt/airflow/dags/etl_to_datamart.py
[2026-09-17T07:21:25.743+0000] {processor.py:914} INFO - Processing file /opt/airflow/dags/etl_to_datamart.py for tasks to queue
[2026-09-17T07:21:25.744+0000] {logging_mixin.py:190} INFO - [2026-09-17T07:21:25.744+0000] {dagbag.py:587} INFO - Filling up the DagBag from /opt/airflow/dags/etl_to_datamart.py
[2026-09-17T07:21:25.760+0000] {processor.py:925} INFO - DAG(s) 'dag_isi_data_mart' retrieved from /opt/airflow/dags/etl_to_datamart.py
[2026-09-17T07:21:25.796+0000] {logging_mixin.py:190} INFO - [2026-09-17T07:21:25.796+0000] {dag.py:3211} INFO - Sync 1 DAGs
[2026-09-17T07:21:25.813+0000] {logging_mixin.py:190} INFO - [2026-09-17T07:21:25.813+0000] {dag.py:4138} INFO - Setting next_dagrun for dag_isi_data_mart to None, run_after=None
[2026-09-17T07:21:25.833+0000] {processor.py:208} INFO - Processing /opt/airflow/dags/etl_to_datamart.py took 0.098 seconds
[2026-09-17T07:21:56.156+0000] {processor.py:186} INFO - Started process (PID=1311) to work on /opt/airflow/dags/etl_to_datamart.py
[2026-09-17T07:21:56.158+0000] {processor.py:914} INFO - Processing file /opt/airflow/dags/etl_to_datamart.py for tasks to queue
[2026-09-17T07:21:56.159+0000] {logging_mixin.py:190} INFO - [2026-09-17T07:21:56.159+0000] {dagbag.py:587} INFO - Filling up the DagBag from /opt/airflow/dags/etl_to_datamart.py
[2026-09-17T07:21:56.181+0000] {processor.py:925} INFO - DAG(s) 'dag_isi_data_mart' retrieved from /opt/airflow/dags/etl_to_datamart.py
[2026-09-17T07:21:56.230+0000] {logging_mixin.py:190} INFO - [2026-09-17T07:21:56.230+0000] {dag.py:3211} INFO - Sync 1 DAGs
[2026-09-17T07:21:56.255+0000] {logging_mixin.py:190} INFO - [2026-09-17T07:21:56.255+0000] {dag.py:4138} INFO - Setting next_dagrun for dag_isi_data_mart to None, run_after=None
[2026-09-17T07:21:56.287+0000] {processor.py:208} INFO - Processing /opt/airflow/dags/etl_to_datamart.py took 0.140 seconds
[2026-09-17T07:22:26.539+0000] {processor.py:186} INFO - Started process (PID=1320) to work on /opt/airflow/dags/etl_to_datamart.py
[2026-09-17T07:22:26.540+0000] {processor.py:914} INFO - Processing file /opt/airflow/dags/etl_to_datamart.py for tasks to queue
[2026-09-17T07:22:26.542+0000] {logging_mixin.py:190} INFO - [2026-09-17T07:22:26.541+0000] {dagbag.py:587} INFO - Filling up the DagBag from /opt/airflow/dags/etl_to_datamart.py
[2026-09-17T07:22:26.556+0000] {processor.py:925} INFO - DAG(s) 'dag_isi_data_mart' retrieved from /opt/airflow/dags/etl_to_datamart.py
[2026-09-17T07:22:26.590+0000] {logging_mixin.py:190} INFO - [2026-09-17T07:22:26.589+0000] {dag.py:3211} INFO - Sync 1 DAGs
[2026-09-17T07:22:26.605+0000] {logging_mixin.py:190} INFO - [2026-09-17T07:22:26.604+0000] {dag.py:4138} INFO - Setting next_dagrun for dag_isi_data_mart to None, run_after=None
[2026-09-17T07:22:26.625+0000] {processor.py:208} INFO - Processing /opt/airflow/dags/etl_to_datamart.py took 0.092 seconds
[2026-09-17T07:22:56.897+0000] {processor.py:186} INFO - Started process (PID=1328) to work on /opt/airflow/dags/etl_to_datamart.py
[2026-09-17T07:22:56.898+0000] {processor.py:914} INFO - Processing file /opt/airflow/dags/etl_to_datamart.py for tasks to queue
[2026-09-17T07:22:56.899+0000] {logging_mixin.py:190} INFO - [2026-09-17T07:22:56.898+0000] {dagbag.py:587} INFO - Filling up the DagBag from /opt/airflow/dags/etl_to_datamart.py
[2026-09-17T07:22:56.914+0000] {processor.py:925} INFO - DAG(s) 'dag_isi_data_mart' retrieved from /opt/airflow/dags/etl_to_datamart.py
[2026-09-17T07:22:56.957+0000] {logging_mixin.py:190} INFO - [2026-09-17T07:22:56.956+0000] {dag.py:3211} INFO - Sync 1 DAGs
[2026-09-17T07:22:56.972+0000] {logging_mixin.py:190} INFO - [2026-09-17T07:22:56.971+0000] {dag.py:4138} INFO - Setting next_dagrun for dag_isi_data_mart to None, run_after=None
[2026-09-17T07:22:56.992+0000] {processor.py:208} INFO - Processing /opt/airflow/dags/etl_to_datamart.py took 0.102 seconds
[2026-09-17T07:23:27.285+0000] {processor.py:186} INFO - Started process (PID=1337) to work on /opt/airflow/dags/etl_to_datamart.py
[2026-09-17T07:23:27.286+0000] {processor.py:914} INFO - Processing file /opt/airflow/dags/etl_to_datamart.py for tasks to queue
[2026-09-17T07:23:27.288+0000] {logging_mixin.py:190} INFO - [2026-09-17T07:23:27.288+0000] {dagbag.py:587} INFO - Filling up the DagBag from /opt/airflow/dags/etl_to_datamart.py
[2026-09-17T07:23:27.316+0000] {processor.py:925} INFO - DAG(s) 'dag_isi_data_mart' retrieved from /opt/airflow/dags/etl_to_datamart.py
[2026-09-17T07:23:27.371+0000] {logging_mixin.py:190} INFO - [2026-09-17T07:23:27.370+0000] {dag.py:3211} INFO - Sync 1 DAGs
[2026-09-17T07:23:27.454+0000] {logging_mixin.py:190} INFO - [2026-09-17T07:23:27.454+0000] {dag.py:4138} INFO - Setting next_dagrun for dag_isi_data_mart to None, run_after=None
[2026-09-17T07:23:27.517+0000] {processor.py:208} INFO - Processing /opt/airflow/dags/etl_to_datamart.py took 0.246 seconds
[2026-09-17T07:23:57.613+0000] {processor.py:186} INFO - Started process (PID=1345) to work on /opt/airflow/dags/etl_to_datamart.py
[2026-09-17T07:23:57.614+0000] {processor.py:914} INFO - Processing file /opt/airflow/dags/etl_to_datamart.py for tasks to queue
[2026-09-17T07:23:57.615+0000] {logging_mixin.py:190} INFO - [2026-09-17T07:23:57.615+0000] {dagbag.py:587} INFO - Filling up the DagBag from /opt/airflow/dags/etl_to_datamart.py
[2026-09-17T07:23:57.631+0000] {processor.py:925} INFO - DAG(s) 'dag_isi_data_mart' retrieved from /opt/airflow/dags/etl_to_datamart.py
[2026-09-17T07:23:57.661+0000] {logging_mixin.py:190} INFO - [2026-09-17T07:23:57.660+0000] {dag.py:3211} INFO - Sync 1 DAGs
[2026-09-17T07:23:57.676+0000] {logging_mixin.py:190} INFO - [2026-09-17T07:23:57.676+0000] {dag.py:4138} INFO - Setting next_dagrun for dag_isi_data_mart to None, run_after=None
[2026-09-17T07:23:57.696+0000] {processor.py:208} INFO - Processing /opt/airflow/dags/etl_to_datamart.py took 0.090 seconds
[2026-09-17T07:24:27.949+0000] {processor.py:186} INFO - Started process (PID=1354) to work on /opt/airflow/dags/etl_to_datamart.py
[2026-09-17T07:24:27.950+0000] {processor.py:914} INFO - Processing file /opt/airflow/dags/etl_to_datamart.py for tasks to queue
[2026-09-17T07:24:27.951+0000] {logging_mixin.py:190} INFO - [2026-09-17T07:24:27.951+0000] {dagbag.py:587} INFO - Filling up the DagBag from /opt/airflow/dags/etl_to_datamart.py
[2026-09-17T07:24:27.969+0000] {processor.py:925} INFO - DAG(s) 'dag_isi_data_mart' retrieved from /opt/airflow/dags/etl_to_datamart.py
[2026-09-17T07:24:28.002+0000] {logging_mixin.py:190} INFO - [2026-09-17T07:24:28.001+0000] {dag.py:3211} INFO - Sync 1 DAGs
[2026-09-17T07:24:28.018+0000] {logging_mixin.py:190} INFO - [2026-09-17T07:24:28.018+0000] {dag.py:4138} INFO - Setting next_dagrun for dag_isi_data_mart to None, run_after=None
[2026-09-17T07:24:28.040+0000] {processor.py:208} INFO - Processing /opt/airflow/dags/etl_to_datamart.py took 0.101 seconds
[2026-09-17T07:24:58.290+0000] {processor.py:186} INFO - Started process (PID=1363) to work on /opt/airflow/dags/etl_to_datamart.py
[2026-09-17T07:24:58.291+0000] {processor.py:914} INFO - Processing file /opt/airflow/dags/etl_to_datamart.py for tasks to queue
[2026-09-17T07:24:58.292+0000] {logging_mixin.py:190} INFO - [2026-09-17T07:24:58.292+0000] {dagbag.py:587} INFO - Filling up the DagBag from /opt/airflow/dags/etl_to_datamart.py
[2026-09-17T07:24:58.310+0000] {processor.py:925} INFO - DAG(s) 'dag_isi_data_mart' retrieved from /opt/airflow/dags/etl_to_datamart.py
[2026-09-17T07:24:58.344+0000] {logging_mixin.py:190} INFO - [2026-09-17T07:24:58.343+0000] {dag.py:3211} INFO - Sync 1 DAGs
[2026-09-17T07:24:58.364+0000] {logging_mixin.py:190} INFO - [2026-09-17T07:24:58.363+0000] {dag.py:4138} INFO - Setting next_dagrun for dag_isi_data_mart to None, run_after=None
[2026-09-17T07:24:58.420+0000] {processor.py:208} INFO - Processing /opt/airflow/dags/etl_to_datamart.py took 0.137 seconds
[2026-09-17T07:25:28.543+0000] {processor.py:186} INFO - Started process (PID=1372) to work on /opt/airflow/dags/etl_to_datamart.py
[2026-09-17T07:25:28.544+0000] {processor.py:914} INFO - Processing file /opt/airflow/dags/etl_to_datamart.py for tasks to queue
[2026-09-17T07:25:28.545+0000] {logging_mixin.py:190} INFO - [2026-09-17T07:25:28.545+0000] {dagbag.py:587} INFO - Filling up the DagBag from /opt/airflow/dags/etl_to_datamart.py
[2026-09-17T07:25:28.565+0000] {processor.py:925} INFO - DAG(s) 'dag_isi_data_mart' retrieved from /opt/airflow/dags/etl_to_datamart.py
[2026-09-17T07:25:28.599+0000] {logging_mixin.py:190} INFO - [2026-09-17T07:25:28.599+0000] {dag.py:3211} INFO - Sync 1 DAGs
[2026-09-17T07:25:28.615+0000] {logging_mixin.py:190} INFO - [2026-09-17T07:25:28.614+0000] {dag.py:4138} INFO - Setting next_dagrun for dag_isi_data_mart to None, run_after=None
[2026-09-17T07:25:28.635+0000] {processor.py:208} INFO - Processing /opt/airflow/dags/etl_to_datamart.py took 0.100 seconds
[2026-09-17T07:25:58.984+0000] {processor.py:186} INFO - Started process (PID=1381) to work on /opt/airflow/dags/etl_to_datamart.py
[2026-09-17T07:25:58.985+0000] {processor.py:914} INFO - Processing file /opt/airflow/dags/etl_to_datamart.py for tasks to queue
[2026-09-17T07:25:58.986+0000] {logging_mixin.py:190} INFO - [2026-09-17T07:25:58.986+0000] {dagbag.py:587} INFO - Filling up the DagBag from /opt/airflow/dags/etl_to_datamart.py
[2026-09-17T07:25:59.005+0000] {processor.py:925} INFO - DAG(s) 'dag_isi_data_mart' retrieved from /opt/airflow/dags/etl_to_datamart.py
[2026-09-17T07:25:59.050+0000] {logging_mixin.py:190} INFO - [2026-09-17T07:25:59.049+0000] {dag.py:3211} INFO - Sync 1 DAGs
[2026-09-17T07:25:59.071+0000] {logging_mixin.py:190} INFO - [2026-09-17T07:25:59.071+0000] {dag.py:4138} INFO - Setting next_dagrun for dag_isi_data_mart to None, run_after=None
[2026-09-17T07:25:59.105+0000] {processor.py:208} INFO - Processing /opt/airflow/dags/etl_to_datamart.py took 0.130 seconds
[2026-09-17T07:26:29.392+0000] {processor.py:186} INFO - Started process (PID=1390) to work on /opt/airflow/dags/etl_to_datamart.py
[2026-09-17T07:26:29.393+0000] {processor.py:914} INFO - Processing file /opt/airflow/dags/etl_to_datamart.py for tasks to queue
[2026-09-17T07:26:29.396+0000] {logging_mixin.py:190} INFO - [2026-09-17T07:26:29.395+0000] {dagbag.py:587} INFO - Filling up the DagBag from /opt/airflow/dags/etl_to_datamart.py
[2026-09-17T07:26:29.412+0000] {processor.py:925} INFO - DAG(s) 'dag_isi_data_mart' retrieved from /opt/airflow/dags/etl_to_datamart.py
[2026-09-17T07:26:29.445+0000] {logging_mixin.py:190} INFO - [2026-09-17T07:26:29.445+0000] {dag.py:3211} INFO - Sync 1 DAGs
[2026-09-17T07:26:29.461+0000] {logging_mixin.py:190} INFO - [2026-09-17T07:26:29.460+0000] {dag.py:4138} INFO - Setting next_dagrun for dag_isi_data_mart to None, run_after=None
[2026-09-17T07:26:29.486+0000] {processor.py:208} INFO - Processing /opt/airflow/dags/etl_to_datamart.py took 0.100 seconds
[2026-09-17T07:26:59.742+0000] {processor.py:186} INFO - Started process (PID=1399) to work on /opt/airflow/dags/etl_to_datamart.py
[2026-09-17T07:26:59.743+0000] {processor.py:914} INFO - Processing file /opt/airflow/dags/etl_to_datamart.py for tasks to queue
[2026-09-17T07:26:59.744+0000] {logging_mixin.py:190} INFO - [2026-09-17T07:26:59.743+0000] {dagbag.py:587} INFO - Filling up the DagBag from /opt/airflow/dags/etl_to_datamart.py
[2026-09-17T07:26:59.758+0000] {processor.py:925} INFO - DAG(s) 'dag_isi_data_mart' retrieved from /opt/airflow/dags/etl_to_datamart.py
[2026-09-17T07:26:59.788+0000] {logging_mixin.py:190} INFO - [2026-09-17T07:26:59.787+0000] {dag.py:3211} INFO - Sync 1 DAGs
[2026-09-17T07:26:59.804+0000] {logging_mixin.py:190} INFO - [2026-09-17T07:26:59.803+0000] {dag.py:4138} INFO - Setting next_dagrun for dag_isi_data_mart to None, run_after=None
[2026-09-17T07:26:59.825+0000] {processor.py:208} INFO - Processing /opt/airflow/dags/etl_to_datamart.py took 0.091 seconds
[2026-09-17T07:27:30.082+0000] {processor.py:186} INFO - Started process (PID=1408) to work on /opt/airflow/dags/etl_to_datamart.py
[2026-09-17T07:27:30.083+0000] {processor.py:914} INFO - Processing file /opt/airflow/dags/etl_to_datamart.py for tasks to queue
[2026-09-17T07:27:30.085+0000] {logging_mixin.py:190} INFO - [2026-09-17T07:27:30.084+0000] {dagbag.py:587} INFO - Filling up the DagBag from /opt/airflow/dags/etl_to_datamart.py
[2026-09-17T07:27:30.100+0000] {processor.py:925} INFO - DAG(s) 'dag_isi_data_mart' retrieved from /opt/airflow/dags/etl_to_datamart.py
[2026-09-17T07:27:30.138+0000] {logging_mixin.py:190} INFO - [2026-09-17T07:27:30.138+0000] {dag.py:3211} INFO - Sync 1 DAGs
[2026-09-17T07:27:30.155+0000] {logging_mixin.py:190} INFO - [2026-09-17T07:27:30.155+0000] {dag.py:4138} INFO - Setting next_dagrun for dag_isi_data_mart to None, run_after=None
[2026-09-17T07:27:30.178+0000] {processor.py:208} INFO - Processing /opt/airflow/dags/etl_to_datamart.py took 0.103 seconds
[2026-09-17T07:28:00.477+0000] {processor.py:186} INFO - Started process (PID=1417) to work on /opt/airflow/dags/etl_to_datamart.py
[2026-09-17T07:28:00.478+0000] {processor.py:914} INFO - Processing file /opt/airflow/dags/etl_to_datamart.py for tasks to queue
[2026-09-17T07:28:00.479+0000] {logging_mixin.py:190} INFO - [2026-09-17T07:28:00.478+0000] {dagbag.py:587} INFO - Filling up the DagBag from /opt/airflow/dags/etl_to_datamart.py
[2026-09-17T07:28:00.494+0000] {processor.py:925} INFO - DAG(s) 'dag_isi_data_mart' retrieved from /opt/airflow/dags/etl_to_datamart.py
[2026-09-17T07:28:00.527+0000] {logging_mixin.py:190} INFO - [2026-09-17T07:28:00.527+0000] {dag.py:3211} INFO - Sync 1 DAGs
[2026-09-17T07:28:00.544+0000] {logging_mixin.py:190} INFO - [2026-09-17T07:28:00.544+0000] {dag.py:4138} INFO - Setting next_dagrun for dag_isi_data_mart to None, run_after=None
[2026-09-17T07:28:00.564+0000] {processor.py:208} INFO - Processing /opt/airflow/dags/etl_to_datamart.py took 0.094 seconds
[2026-09-17T07:28:30.862+0000] {processor.py:186} INFO - Started process (PID=1426) to work on /opt/airflow/dags/etl_to_datamart.py
[2026-09-17T07:28:30.863+0000] {processor.py:914} INFO - Processing file /opt/airflow/dags/etl_to_datamart.py for tasks to queue
[2026-09-17T07:28:30.864+0000] {logging_mixin.py:190} INFO - [2026-09-17T07:28:30.864+0000] {dagbag.py:587} INFO - Filling up the DagBag from /opt/airflow/dags/etl_to_datamart.py
[2026-09-17T07:28:30.881+0000] {processor.py:925} INFO - DAG(s) 'dag_isi_data_mart' retrieved from /opt/airflow/dags/etl_to_datamart.py
[2026-09-17T07:28:30.913+0000] {logging_mixin.py:190} INFO - [2026-09-17T07:28:30.913+0000] {dag.py:3211} INFO - Sync 1 DAGs
[2026-09-17T07:28:30.929+0000] {logging_mixin.py:190} INFO - [2026-09-17T07:28:30.928+0000] {dag.py:4138} INFO - Setting next_dagrun for dag_isi_data_mart to None, run_after=None
[2026-09-17T07:28:30.950+0000] {processor.py:208} INFO - Processing /opt/airflow/dags/etl_to_datamart.py took 0.094 seconds
[2026-09-17T07:29:01.230+0000] {processor.py:186} INFO - Started process (PID=1435) to work on /opt/airflow/dags/etl_to_datamart.py
[2026-09-17T07:29:01.231+0000] {processor.py:914} INFO - Processing file /opt/airflow/dags/etl_to_datamart.py for tasks to queue
[2026-09-17T07:29:01.233+0000] {logging_mixin.py:190} INFO - [2026-09-17T07:29:01.232+0000] {dagbag.py:587} INFO - Filling up the DagBag from /opt/airflow/dags/etl_to_datamart.py
[2026-09-17T07:29:01.249+0000] {processor.py:925} INFO - DAG(s) 'dag_isi_data_mart' retrieved from /opt/airflow/dags/etl_to_datamart.py
[2026-09-17T07:29:01.288+0000] {logging_mixin.py:190} INFO - [2026-09-17T07:29:01.288+0000] {dag.py:3211} INFO - Sync 1 DAGs
[2026-09-17T07:29:01.314+0000] {logging_mixin.py:190} INFO - [2026-09-17T07:29:01.314+0000] {dag.py:4138} INFO - Setting next_dagrun for dag_isi_data_mart to None, run_after=None
[2026-09-17T07:29:01.445+0000] {processor.py:208} INFO - Processing /opt/airflow/dags/etl_to_datamart.py took 0.221 seconds
[2026-09-17T07:29:31.592+0000] {processor.py:186} INFO - Started process (PID=1444) to work on /opt/airflow/dags/etl_to_datamart.py
[2026-09-17T07:29:31.595+0000] {processor.py:914} INFO - Processing file /opt/airflow/dags/etl_to_datamart.py for tasks to queue
[2026-09-17T07:29:31.597+0000] {logging_mixin.py:190} INFO - [2026-09-17T07:29:31.597+0000] {dagbag.py:587} INFO - Filling up the DagBag from /opt/airflow/dags/etl_to_datamart.py
[2026-09-17T07:29:31.625+0000] {processor.py:925} INFO - DAG(s) 'dag_isi_data_mart' retrieved from /opt/airflow/dags/etl_to_datamart.py
[2026-09-17T07:29:31.679+0000] {logging_mixin.py:190} INFO - [2026-09-17T07:29:31.678+0000] {dag.py:3211} INFO - Sync 1 DAGs
[2026-09-17T07:29:31.702+0000] {logging_mixin.py:190} INFO - [2026-09-17T07:29:31.701+0000] {dag.py:4138} INFO - Setting next_dagrun for dag_isi_data_mart to None, run_after=None
[2026-09-17T07:29:31.731+0000] {processor.py:208} INFO - Processing /opt/airflow/dags/etl_to_datamart.py took 0.148 seconds
[2026-09-17T07:30:01.994+0000] {processor.py:186} INFO - Started process (PID=1453) to work on /opt/airflow/dags/etl_to_datamart.py
[2026-09-17T07:30:01.995+0000] {processor.py:914} INFO - Processing file /opt/airflow/dags/etl_to_datamart.py for tasks to queue
[2026-09-17T07:30:01.997+0000] {logging_mixin.py:190} INFO - [2026-09-17T07:30:01.996+0000] {dagbag.py:587} INFO - Filling up the DagBag from /opt/airflow/dags/etl_to_datamart.py
[2026-09-17T07:30:02.013+0000] {processor.py:925} INFO - DAG(s) 'dag_isi_data_mart' retrieved from /opt/airflow/dags/etl_to_datamart.py
[2026-09-17T07:30:02.044+0000] {logging_mixin.py:190} INFO - [2026-09-17T07:30:02.043+0000] {dag.py:3211} INFO - Sync 1 DAGs
[2026-09-17T07:30:02.059+0000] {logging_mixin.py:190} INFO - [2026-09-17T07:30:02.059+0000] {dag.py:4138} INFO - Setting next_dagrun for dag_isi_data_mart to None, run_after=None
[2026-09-17T07:30:02.079+0000] {processor.py:208} INFO - Processing /opt/airflow/dags/etl_to_datamart.py took 0.090 seconds
[2026-09-17T07:30:32.346+0000] {processor.py:186} INFO - Started process (PID=1462) to work on /opt/airflow/dags/etl_to_datamart.py
[2026-09-17T07:30:32.347+0000] {processor.py:914} INFO - Processing file /opt/airflow/dags/etl_to_datamart.py for tasks to queue
[2026-09-17T07:30:32.349+0000] {logging_mixin.py:190} INFO - [2026-09-17T07:30:32.348+0000] {dagbag.py:587} INFO - Filling up the DagBag from /opt/airflow/dags/etl_to_datamart.py
[2026-09-17T07:30:32.368+0000] {processor.py:925} INFO - DAG(s) 'dag_isi_data_mart' retrieved from /opt/airflow/dags/etl_to_datamart.py
[2026-09-17T07:30:32.402+0000] {logging_mixin.py:190} INFO - [2026-09-17T07:30:32.402+0000] {dag.py:3211} INFO - Sync 1 DAGs
[2026-09-17T07:30:32.422+0000] {logging_mixin.py:190} INFO - [2026-09-17T07:30:32.422+0000] {dag.py:4138} INFO - Setting next_dagrun for dag_isi_data_mart to None, run_after=None
[2026-09-17T07:30:32.450+0000] {processor.py:208} INFO - Processing /opt/airflow/dags/etl_to_datamart.py took 0.114 seconds
