[2026-09-17T06:05:32.681+0000] {processor.py:186} INFO - Started process (PID=28) to work on /opt/airflow/dags/processor.py
[2026-09-17T06:05:32.687+0000] {processor.py:914} INFO - Processing file /opt/airflow/dags/processor.py for tasks to queue
[2026-09-17T06:05:32.706+0000] {logging_mixin.py:190} INFO - [2026-09-17T06:05:32.704+0000] {dagbag.py:587} INFO - Filling up the DagBag from /opt/airflow/dags/processor.py
[2026-09-17T06:05:32.824+0000] {processor.py:925} INFO - DAG(s) 'dag_isi_data_mart_testing' retrieved from /opt/airflow/dags/processor.py
[2026-09-17T06:05:32.925+0000] {logging_mixin.py:190} INFO - [2026-09-17T06:05:32.925+0000] {dag.py:3211} INFO - Sync 1 DAGs
[2026-09-17T06:05:32.988+0000] {logging_mixin.py:190} INFO - [2026-09-17T06:05:32.988+0000] {dag.py:4138} INFO - Setting next_dagrun for dag_isi_data_mart_testing to None, run_after=None
[2026-09-17T06:05:33.035+0000] {processor.py:208} INFO - Processing /opt/airflow/dags/processor.py took 0.383 seconds
[2026-09-17T06:06:03.329+0000] {processor.py:186} INFO - Started process (PID=36) to work on /opt/airflow/dags/processor.py
[2026-09-17T06:06:03.330+0000] {processor.py:914} INFO - Processing file /opt/airflow/dags/processor.py for tasks to queue
[2026-09-17T06:06:03.333+0000] {logging_mixin.py:190} INFO - [2026-09-17T06:06:03.333+0000] {dagbag.py:587} INFO - Filling up the DagBag from /opt/airflow/dags/processor.py
[2026-09-17T06:06:03.359+0000] {processor.py:925} INFO - DAG(s) 'dag_isi_data_mart_testing' retrieved from /opt/airflow/dags/processor.py
[2026-09-17T06:06:03.401+0000] {logging_mixin.py:190} INFO - [2026-09-17T06:06:03.401+0000] {dag.py:3211} INFO - Sync 1 DAGs
[2026-09-17T06:06:03.419+0000] {logging_mixin.py:190} INFO - [2026-09-17T06:06:03.419+0000] {dag.py:4138} INFO - Setting next_dagrun for dag_isi_data_mart_testing to None, run_after=None
[2026-09-17T06:06:03.445+0000] {processor.py:208} INFO - Processing /opt/airflow/dags/processor.py took 0.125 seconds
[2026-09-17T06:06:33.610+0000] {processor.py:186} INFO - Started process (PID=44) to work on /opt/airflow/dags/processor.py
[2026-09-17T06:06:33.612+0000] {processor.py:914} INFO - Processing file /opt/airflow/dags/processor.py for tasks to queue
[2026-09-17T06:06:33.616+0000] {logging_mixin.py:190} INFO - [2026-09-17T06:06:33.616+0000] {dagbag.py:587} INFO - Filling up the DagBag from /opt/airflow/dags/processor.py
[2026-09-17T06:06:33.642+0000] {processor.py:925} INFO - DAG(s) 'dag_isi_data_mart_testing' retrieved from /opt/airflow/dags/processor.py
[2026-09-17T06:06:33.684+0000] {logging_mixin.py:190} INFO - [2026-09-17T06:06:33.684+0000] {dag.py:3211} INFO - Sync 1 DAGs
[2026-09-17T06:06:33.701+0000] {logging_mixin.py:190} INFO - [2026-09-17T06:06:33.701+0000] {dag.py:4138} INFO - Setting next_dagrun for dag_isi_data_mart_testing to None, run_after=None
[2026-09-17T06:06:33.726+0000] {processor.py:208} INFO - Processing /opt/airflow/dags/processor.py took 0.123 seconds
[2026-09-17T06:07:03.973+0000] {processor.py:186} INFO - Started process (PID=51) to work on /opt/airflow/dags/processor.py
[2026-09-17T06:07:03.974+0000] {processor.py:914} INFO - Processing file /opt/airflow/dags/processor.py for tasks to queue
[2026-09-17T06:07:03.977+0000] {logging_mixin.py:190} INFO - [2026-09-17T06:07:03.976+0000] {dagbag.py:587} INFO - Filling up the DagBag from /opt/airflow/dags/processor.py
[2026-09-17T06:07:04.000+0000] {processor.py:925} INFO - DAG(s) 'dag_isi_data_mart_testing' retrieved from /opt/airflow/dags/processor.py
[2026-09-17T06:07:04.033+0000] {logging_mixin.py:190} INFO - [2026-09-17T06:07:04.033+0000] {dag.py:3211} INFO - Sync 1 DAGs
[2026-09-17T06:07:04.049+0000] {logging_mixin.py:190} INFO - [2026-09-17T06:07:04.049+0000] {dag.py:4138} INFO - Setting next_dagrun for dag_isi_data_mart_testing to None, run_after=None
[2026-09-17T06:07:04.069+0000] {processor.py:208} INFO - Processing /opt/airflow/dags/processor.py took 0.105 seconds
[2026-09-17T06:07:34.242+0000] {processor.py:186} INFO - Started process (PID=59) to work on /opt/airflow/dags/processor.py
[2026-09-17T06:07:34.243+0000] {processor.py:914} INFO - Processing file /opt/airflow/dags/processor.py for tasks to queue
[2026-09-17T06:07:34.247+0000] {logging_mixin.py:190} INFO - [2026-09-17T06:07:34.247+0000] {dagbag.py:587} INFO - Filling up the DagBag from /opt/airflow/dags/processor.py
[2026-09-17T06:07:34.274+0000] {processor.py:925} INFO - DAG(s) 'dag_isi_data_mart_testing' retrieved from /opt/airflow/dags/processor.py
[2026-09-17T06:07:34.321+0000] {logging_mixin.py:190} INFO - [2026-09-17T06:07:34.320+0000] {dag.py:3211} INFO - Sync 1 DAGs
[2026-09-17T06:07:34.348+0000] {logging_mixin.py:190} INFO - [2026-09-17T06:07:34.348+0000] {dag.py:4138} INFO - Setting next_dagrun for dag_isi_data_mart_testing to None, run_after=None
[2026-09-17T06:07:34.748+0000] {processor.py:208} INFO - Processing /opt/airflow/dags/processor.py took 0.518 seconds
[2026-09-17T06:08:05.029+0000] {processor.py:186} INFO - Started process (PID=67) to work on /opt/airflow/dags/processor.py
[2026-09-17T06:08:05.032+0000] {processor.py:914} INFO - Processing file /opt/airflow/dags/processor.py for tasks to queue
[2026-09-17T06:08:05.035+0000] {logging_mixin.py:190} INFO - [2026-09-17T06:08:05.035+0000] {dagbag.py:587} INFO - Filling up the DagBag from /opt/airflow/dags/processor.py
[2026-09-17T06:08:05.063+0000] {processor.py:925} INFO - DAG(s) 'dag_isi_data_mart_testing' retrieved from /opt/airflow/dags/processor.py
[2026-09-17T06:08:05.112+0000] {logging_mixin.py:190} INFO - [2026-09-17T06:08:05.111+0000] {dag.py:3211} INFO - Sync 1 DAGs
[2026-09-17T06:08:05.402+0000] {logging_mixin.py:190} INFO - [2026-09-17T06:08:05.401+0000] {dag.py:4138} INFO - Setting next_dagrun for dag_isi_data_mart_testing to None, run_after=None
[2026-09-17T06:08:05.428+0000] {processor.py:208} INFO - Processing /opt/airflow/dags/processor.py took 0.410 seconds
[2026-09-17T06:08:35.692+0000] {processor.py:186} INFO - Started process (PID=75) to work on /opt/airflow/dags/processor.py
[2026-09-17T06:08:35.694+0000] {processor.py:914} INFO - Processing file /opt/airflow/dags/processor.py for tasks to queue
[2026-09-17T06:08:35.697+0000] {logging_mixin.py:190} INFO - [2026-09-17T06:08:35.696+0000] {dagbag.py:587} INFO - Filling up the DagBag from /opt/airflow/dags/processor.py
[2026-09-17T06:08:35.716+0000] {processor.py:925} INFO - DAG(s) 'dag_isi_data_mart_testing' retrieved from /opt/airflow/dags/processor.py
[2026-09-17T06:08:35.968+0000] {logging_mixin.py:190} INFO - [2026-09-17T06:08:35.967+0000] {dag.py:3211} INFO - Sync 1 DAGs
[2026-09-17T06:08:35.983+0000] {logging_mixin.py:190} INFO - [2026-09-17T06:08:35.982+0000] {dag.py:4138} INFO - Setting next_dagrun for dag_isi_data_mart_testing to None, run_after=None
[2026-09-17T06:08:36.004+0000] {processor.py:208} INFO - Processing /opt/airflow/dags/processor.py took 0.319 seconds
[2026-09-17T06:09:06.248+0000] {processor.py:186} INFO - Started process (PID=82) to work on /opt/airflow/dags/processor.py
[2026-09-17T06:09:06.249+0000] {processor.py:914} INFO - Processing file /opt/airflow/dags/processor.py for tasks to queue
[2026-09-17T06:09:06.251+0000] {logging_mixin.py:190} INFO - [2026-09-17T06:09:06.251+0000] {dagbag.py:587} INFO - Filling up the DagBag from /opt/airflow/dags/processor.py
[2026-09-17T06:09:06.465+0000] {processor.py:925} INFO - DAG(s) 'dag_isi_data_mart_testing' retrieved from /opt/airflow/dags/processor.py
[2026-09-17T06:09:06.499+0000] {logging_mixin.py:190} INFO - [2026-09-17T06:09:06.499+0000] {dag.py:3211} INFO - Sync 1 DAGs
[2026-09-17T06:09:06.519+0000] {logging_mixin.py:190} INFO - [2026-09-17T06:09:06.518+0000] {dag.py:4138} INFO - Setting next_dagrun for dag_isi_data_mart_testing to None, run_after=None
[2026-09-17T06:09:06.543+0000] {processor.py:208} INFO - Processing /opt/airflow/dags/processor.py took 0.301 seconds
[2026-09-17T06:09:36.949+0000] {processor.py:186} INFO - Started process (PID=90) to work on /opt/airflow/dags/processor.py
[2026-09-17T06:09:36.950+0000] {processor.py:914} INFO - Processing file /opt/airflow/dags/processor.py for tasks to queue
[2026-09-17T06:09:36.953+0000] {logging_mixin.py:190} INFO - [2026-09-17T06:09:36.952+0000] {dagbag.py:587} INFO - Filling up the DagBag from /opt/airflow/dags/processor.py
[2026-09-17T06:09:36.969+0000] {processor.py:925} INFO - DAG(s) 'dag_isi_data_mart_testing' retrieved from /opt/airflow/dags/processor.py
[2026-09-17T06:09:37.000+0000] {logging_mixin.py:190} INFO - [2026-09-17T06:09:37.000+0000] {dag.py:3211} INFO - Sync 1 DAGs
[2026-09-17T06:09:37.016+0000] {logging_mixin.py:190} INFO - [2026-09-17T06:09:37.016+0000] {dag.py:4138} INFO - Setting next_dagrun for dag_isi_data_mart_testing to None, run_after=None
[2026-09-17T06:09:37.034+0000] {processor.py:208} INFO - Processing /opt/airflow/dags/processor.py took 0.092 seconds
[2026-09-17T06:10:07.194+0000] {processor.py:186} INFO - Started process (PID=98) to work on /opt/airflow/dags/processor.py
[2026-09-17T06:10:07.195+0000] {processor.py:914} INFO - Processing file /opt/airflow/dags/processor.py for tasks to queue
[2026-09-17T06:10:07.198+0000] {logging_mixin.py:190} INFO - [2026-09-17T06:10:07.197+0000] {dagbag.py:587} INFO - Filling up the DagBag from /opt/airflow/dags/processor.py
[2026-09-17T06:10:07.213+0000] {processor.py:925} INFO - DAG(s) 'dag_isi_data_mart_testing' retrieved from /opt/airflow/dags/processor.py
[2026-09-17T06:10:07.252+0000] {logging_mixin.py:190} INFO - [2026-09-17T06:10:07.251+0000] {dag.py:3211} INFO - Sync 1 DAGs
[2026-09-17T06:10:07.269+0000] {logging_mixin.py:190} INFO - [2026-09-17T06:10:07.268+0000] {dag.py:4138} INFO - Setting next_dagrun for dag_isi_data_mart_testing to None, run_after=None
[2026-09-17T06:10:07.291+0000] {processor.py:208} INFO - Processing /opt/airflow/dags/processor.py took 0.102 seconds
[2026-09-17T06:10:37.654+0000] {processor.py:186} INFO - Started process (PID=106) to work on /opt/airflow/dags/processor.py
[2026-09-17T06:10:37.656+0000] {processor.py:914} INFO - Processing file /opt/airflow/dags/processor.py for tasks to queue
[2026-09-17T06:10:37.659+0000] {logging_mixin.py:190} INFO - [2026-09-17T06:10:37.659+0000] {dagbag.py:587} INFO - Filling up the DagBag from /opt/airflow/dags/processor.py
[2026-09-17T06:10:37.679+0000] {processor.py:925} INFO - DAG(s) 'dag_isi_data_mart_testing' retrieved from /opt/airflow/dags/processor.py
[2026-09-17T06:10:37.713+0000] {logging_mixin.py:190} INFO - [2026-09-17T06:10:37.713+0000] {dag.py:3211} INFO - Sync 1 DAGs
[2026-09-17T06:10:37.730+0000] {logging_mixin.py:190} INFO - [2026-09-17T06:10:37.729+0000] {dag.py:4138} INFO - Setting next_dagrun for dag_isi_data_mart_testing to None, run_after=None
[2026-09-17T06:10:37.748+0000] {processor.py:208} INFO - Processing /opt/airflow/dags/processor.py took 0.101 seconds
[2026-09-17T06:11:07.916+0000] {processor.py:186} INFO - Started process (PID=115) to work on /opt/airflow/dags/processor.py
[2026-09-17T06:11:07.917+0000] {processor.py:914} INFO - Processing file /opt/airflow/dags/processor.py for tasks to queue
[2026-09-17T06:11:07.922+0000] {logging_mixin.py:190} INFO - [2026-09-17T06:11:07.921+0000] {dagbag.py:587} INFO - Filling up the DagBag from /opt/airflow/dags/processor.py
[2026-09-17T06:11:07.941+0000] {processor.py:925} INFO - DAG(s) 'dag_isi_data_mart_testing' retrieved from /opt/airflow/dags/processor.py
[2026-09-17T06:11:07.977+0000] {logging_mixin.py:190} INFO - [2026-09-17T06:11:07.976+0000] {dag.py:3211} INFO - Sync 1 DAGs
[2026-09-17T06:11:07.992+0000] {logging_mixin.py:190} INFO - [2026-09-17T06:11:07.992+0000] {dag.py:4138} INFO - Setting next_dagrun for dag_isi_data_mart_testing to None, run_after=None
[2026-09-17T06:11:08.012+0000] {processor.py:208} INFO - Processing /opt/airflow/dags/processor.py took 0.102 seconds
[2026-09-17T06:11:38.215+0000] {processor.py:186} INFO - Started process (PID=123) to work on /opt/airflow/dags/processor.py
[2026-09-17T06:11:38.216+0000] {processor.py:914} INFO - Processing file /opt/airflow/dags/processor.py for tasks to queue
[2026-09-17T06:11:38.218+0000] {logging_mixin.py:190} INFO - [2026-09-17T06:11:38.218+0000] {dagbag.py:587} INFO - Filling up the DagBag from /opt/airflow/dags/processor.py
[2026-09-17T06:11:38.234+0000] {processor.py:925} INFO - DAG(s) 'dag_isi_data_mart_testing' retrieved from /opt/airflow/dags/processor.py
[2026-09-17T06:11:38.264+0000] {logging_mixin.py:190} INFO - [2026-09-17T06:11:38.264+0000] {dag.py:3211} INFO - Sync 1 DAGs
[2026-09-17T06:11:38.280+0000] {logging_mixin.py:190} INFO - [2026-09-17T06:11:38.280+0000] {dag.py:4138} INFO - Setting next_dagrun for dag_isi_data_mart_testing to None, run_after=None
[2026-09-17T06:11:38.305+0000] {processor.py:208} INFO - Processing /opt/airflow/dags/processor.py took 0.095 seconds
[2026-09-17T06:12:08.558+0000] {processor.py:186} INFO - Started process (PID=131) to work on /opt/airflow/dags/processor.py
[2026-09-17T06:12:08.559+0000] {processor.py:914} INFO - Processing file /opt/airflow/dags/processor.py for tasks to queue
[2026-09-17T06:12:08.561+0000] {logging_mixin.py:190} INFO - [2026-09-17T06:12:08.561+0000] {dagbag.py:587} INFO - Filling up the DagBag from /opt/airflow/dags/processor.py
[2026-09-17T06:12:08.577+0000] {processor.py:925} INFO - DAG(s) 'dag_isi_data_mart_testing' retrieved from /opt/airflow/dags/processor.py
[2026-09-17T06:12:08.608+0000] {logging_mixin.py:190} INFO - [2026-09-17T06:12:08.608+0000] {dag.py:3211} INFO - Sync 1 DAGs
[2026-09-17T06:12:08.626+0000] {logging_mixin.py:190} INFO - [2026-09-17T06:12:08.625+0000] {dag.py:4138} INFO - Setting next_dagrun for dag_isi_data_mart_testing to None, run_after=None
[2026-09-17T06:12:08.647+0000] {processor.py:208} INFO - Processing /opt/airflow/dags/processor.py took 0.097 seconds
[2026-09-17T06:12:38.810+0000] {processor.py:186} INFO - Started process (PID=139) to work on /opt/airflow/dags/processor.py
[2026-09-17T06:12:38.812+0000] {processor.py:914} INFO - Processing file /opt/airflow/dags/processor.py for tasks to queue
[2026-09-17T06:12:38.814+0000] {logging_mixin.py:190} INFO - [2026-09-17T06:12:38.814+0000] {dagbag.py:587} INFO - Filling up the DagBag from /opt/airflow/dags/processor.py
[2026-09-17T06:12:38.830+0000] {processor.py:925} INFO - DAG(s) 'dag_isi_data_mart_testing' retrieved from /opt/airflow/dags/processor.py
[2026-09-17T06:12:38.863+0000] {logging_mixin.py:190} INFO - [2026-09-17T06:12:38.863+0000] {dag.py:3211} INFO - Sync 1 DAGs
[2026-09-17T06:12:38.880+0000] {logging_mixin.py:190} INFO - [2026-09-17T06:12:38.880+0000] {dag.py:4138} INFO - Setting next_dagrun for dag_isi_data_mart_testing to None, run_after=None
[2026-09-17T06:12:38.900+0000] {processor.py:208} INFO - Processing /opt/airflow/dags/processor.py took 0.096 seconds
[2026-09-17T06:13:09.123+0000] {processor.py:186} INFO - Started process (PID=147) to work on /opt/airflow/dags/processor.py
[2026-09-17T06:13:09.125+0000] {processor.py:914} INFO - Processing file /opt/airflow/dags/processor.py for tasks to queue
[2026-09-17T06:13:09.129+0000] {logging_mixin.py:190} INFO - [2026-09-17T06:13:09.128+0000] {dagbag.py:587} INFO - Filling up the DagBag from /opt/airflow/dags/processor.py
[2026-09-17T06:13:09.164+0000] {processor.py:925} INFO - DAG(s) 'dag_isi_data_mart_testing' retrieved from /opt/airflow/dags/processor.py
[2026-09-17T06:13:09.239+0000] {logging_mixin.py:190} INFO - [2026-09-17T06:13:09.239+0000] {dag.py:3211} INFO - Sync 1 DAGs
[2026-09-17T06:13:09.274+0000] {logging_mixin.py:190} INFO - [2026-09-17T06:13:09.273+0000] {dag.py:4138} INFO - Setting next_dagrun for dag_isi_data_mart_testing to None, run_after=None
[2026-09-17T06:13:09.315+0000] {processor.py:208} INFO - Processing /opt/airflow/dags/processor.py took 0.205 seconds
[2026-09-17T06:13:39.587+0000] {processor.py:186} INFO - Started process (PID=161) to work on /opt/airflow/dags/processor.py
[2026-09-17T06:13:39.588+0000] {processor.py:914} INFO - Processing file /opt/airflow/dags/processor.py for tasks to queue
[2026-09-17T06:13:39.591+0000] {logging_mixin.py:190} INFO - [2026-09-17T06:13:39.590+0000] {dagbag.py:587} INFO - Filling up the DagBag from /opt/airflow/dags/processor.py
[2026-09-17T06:13:39.617+0000] {processor.py:925} INFO - DAG(s) 'dag_isi_data_mart_testing' retrieved from /opt/airflow/dags/processor.py
[2026-09-17T06:13:39.662+0000] {logging_mixin.py:190} INFO - [2026-09-17T06:13:39.662+0000] {dag.py:3211} INFO - Sync 1 DAGs
[2026-09-17T06:13:39.681+0000] {logging_mixin.py:190} INFO - [2026-09-17T06:13:39.680+0000] {dag.py:4138} INFO - Setting next_dagrun for dag_isi_data_mart_testing to None, run_after=None
[2026-09-17T06:13:39.705+0000] {processor.py:208} INFO - Processing /opt/airflow/dags/processor.py took 0.126 seconds
[2026-09-17T06:14:09.825+0000] {processor.py:186} INFO - Started process (PID=169) to work on /opt/airflow/dags/processor.py
[2026-09-17T06:14:09.826+0000] {processor.py:914} INFO - Processing file /opt/airflow/dags/processor.py for tasks to queue
[2026-09-17T06:14:09.829+0000] {logging_mixin.py:190} INFO - [2026-09-17T06:14:09.828+0000] {dagbag.py:587} INFO - Filling up the DagBag from /opt/airflow/dags/processor.py
[2026-09-17T06:14:09.846+0000] {processor.py:925} INFO - DAG(s) 'dag_isi_data_mart_testing' retrieved from /opt/airflow/dags/processor.py
[2026-09-17T06:14:09.880+0000] {logging_mixin.py:190} INFO - [2026-09-17T06:14:09.880+0000] {dag.py:3211} INFO - Sync 1 DAGs
[2026-09-17T06:14:09.899+0000] {logging_mixin.py:190} INFO - [2026-09-17T06:14:09.898+0000] {dag.py:4138} INFO - Setting next_dagrun for dag_isi_data_mart_testing to None, run_after=None
[2026-09-17T06:14:09.921+0000] {processor.py:208} INFO - Processing /opt/airflow/dags/processor.py took 0.102 seconds
[2026-09-17T06:14:40.203+0000] {processor.py:186} INFO - Started process (PID=177) to work on /opt/airflow/dags/processor.py
[2026-09-17T06:14:40.204+0000] {processor.py:914} INFO - Processing file /opt/airflow/dags/processor.py for tasks to queue
[2026-09-17T06:14:40.207+0000] {logging_mixin.py:190} INFO - [2026-09-17T06:14:40.207+0000] {dagbag.py:587} INFO - Filling up the DagBag from /opt/airflow/dags/processor.py
[2026-09-17T06:14:40.227+0000] {processor.py:925} INFO - DAG(s) 'dag_isi_data_mart_testing' retrieved from /opt/airflow/dags/processor.py
[2026-09-17T06:14:40.264+0000] {logging_mixin.py:190} INFO - [2026-09-17T06:14:40.263+0000] {dag.py:3211} INFO - Sync 1 DAGs
[2026-09-17T06:14:40.283+0000] {logging_mixin.py:190} INFO - [2026-09-17T06:14:40.282+0000] {dag.py:4138} INFO - Setting next_dagrun for dag_isi_data_mart_testing to None, run_after=None
[2026-09-17T06:14:40.306+0000] {processor.py:208} INFO - Processing /opt/airflow/dags/processor.py took 0.113 seconds
[2026-09-17T06:15:10.561+0000] {processor.py:186} INFO - Started process (PID=185) to work on /opt/airflow/dags/processor.py
[2026-09-17T06:15:10.562+0000] {processor.py:914} INFO - Processing file /opt/airflow/dags/processor.py for tasks to queue
[2026-09-17T06:15:10.564+0000] {logging_mixin.py:190} INFO - [2026-09-17T06:15:10.564+0000] {dagbag.py:587} INFO - Filling up the DagBag from /opt/airflow/dags/processor.py
[2026-09-17T06:15:10.581+0000] {processor.py:925} INFO - DAG(s) 'dag_isi_data_mart_testing' retrieved from /opt/airflow/dags/processor.py
[2026-09-17T06:15:10.616+0000] {logging_mixin.py:190} INFO - [2026-09-17T06:15:10.615+0000] {dag.py:3211} INFO - Sync 1 DAGs
[2026-09-17T06:15:10.632+0000] {logging_mixin.py:190} INFO - [2026-09-17T06:15:10.632+0000] {dag.py:4138} INFO - Setting next_dagrun for dag_isi_data_mart_testing to None, run_after=None
[2026-09-17T06:15:10.654+0000] {processor.py:208} INFO - Processing /opt/airflow/dags/processor.py took 0.099 seconds
[2026-09-17T06:15:40.936+0000] {processor.py:186} INFO - Started process (PID=194) to work on /opt/airflow/dags/processor.py
[2026-09-17T06:15:40.937+0000] {processor.py:914} INFO - Processing file /opt/airflow/dags/processor.py for tasks to queue
[2026-09-17T06:15:40.940+0000] {logging_mixin.py:190} INFO - [2026-09-17T06:15:40.940+0000] {dagbag.py:587} INFO - Filling up the DagBag from /opt/airflow/dags/processor.py
[2026-09-17T06:15:40.956+0000] {processor.py:925} INFO - DAG(s) 'dag_isi_data_mart_testing' retrieved from /opt/airflow/dags/processor.py
[2026-09-17T06:15:40.989+0000] {logging_mixin.py:190} INFO - [2026-09-17T06:15:40.989+0000] {dag.py:3211} INFO - Sync 1 DAGs
[2026-09-17T06:15:41.004+0000] {logging_mixin.py:190} INFO - [2026-09-17T06:15:41.003+0000] {dag.py:4138} INFO - Setting next_dagrun for dag_isi_data_mart_testing to None, run_after=None
[2026-09-17T06:15:41.023+0000] {processor.py:208} INFO - Processing /opt/airflow/dags/processor.py took 0.093 seconds
[2026-09-17T06:16:11.186+0000] {processor.py:186} INFO - Started process (PID=202) to work on /opt/airflow/dags/processor.py
[2026-09-17T06:16:11.188+0000] {processor.py:914} INFO - Processing file /opt/airflow/dags/processor.py for tasks to queue
[2026-09-17T06:16:11.190+0000] {logging_mixin.py:190} INFO - [2026-09-17T06:16:11.190+0000] {dagbag.py:587} INFO - Filling up the DagBag from /opt/airflow/dags/processor.py
[2026-09-17T06:16:11.210+0000] {processor.py:925} INFO - DAG(s) 'dag_isi_data_mart_testing' retrieved from /opt/airflow/dags/processor.py
[2026-09-17T06:16:11.249+0000] {logging_mixin.py:190} INFO - [2026-09-17T06:16:11.248+0000] {dag.py:3211} INFO - Sync 1 DAGs
[2026-09-17T06:16:11.270+0000] {logging_mixin.py:190} INFO - [2026-09-17T06:16:11.270+0000] {dag.py:4138} INFO - Setting next_dagrun for dag_isi_data_mart_testing to None, run_after=None
[2026-09-17T06:16:11.300+0000] {processor.py:208} INFO - Processing /opt/airflow/dags/processor.py took 0.123 seconds
[2026-09-17T06:16:41.571+0000] {processor.py:186} INFO - Started process (PID=210) to work on /opt/airflow/dags/processor.py
[2026-09-17T06:16:41.572+0000] {processor.py:914} INFO - Processing file /opt/airflow/dags/processor.py for tasks to queue
[2026-09-17T06:16:41.574+0000] {logging_mixin.py:190} INFO - [2026-09-17T06:16:41.574+0000] {dagbag.py:587} INFO - Filling up the DagBag from /opt/airflow/dags/processor.py
[2026-09-17T06:16:41.589+0000] {processor.py:925} INFO - DAG(s) 'dag_isi_data_mart_testing' retrieved from /opt/airflow/dags/processor.py
[2026-09-17T06:16:41.619+0000] {logging_mixin.py:190} INFO - [2026-09-17T06:16:41.619+0000] {dag.py:3211} INFO - Sync 1 DAGs
[2026-09-17T06:16:41.635+0000] {logging_mixin.py:190} INFO - [2026-09-17T06:16:41.635+0000] {dag.py:4138} INFO - Setting next_dagrun for dag_isi_data_mart_testing to None, run_after=None
[2026-09-17T06:16:41.650+0000] {processor.py:208} INFO - Processing /opt/airflow/dags/processor.py took 0.087 seconds
[2026-09-17T06:17:11.811+0000] {processor.py:186} INFO - Started process (PID=217) to work on /opt/airflow/dags/processor.py
[2026-09-17T06:17:11.812+0000] {processor.py:914} INFO - Processing file /opt/airflow/dags/processor.py for tasks to queue
[2026-09-17T06:17:11.814+0000] {logging_mixin.py:190} INFO - [2026-09-17T06:17:11.814+0000] {dagbag.py:587} INFO - Filling up the DagBag from /opt/airflow/dags/processor.py
[2026-09-17T06:17:11.828+0000] {processor.py:925} INFO - DAG(s) 'dag_isi_data_mart_testing' retrieved from /opt/airflow/dags/processor.py
[2026-09-17T06:17:11.858+0000] {logging_mixin.py:190} INFO - [2026-09-17T06:17:11.857+0000] {dag.py:3211} INFO - Sync 1 DAGs
[2026-09-17T06:17:11.873+0000] {logging_mixin.py:190} INFO - [2026-09-17T06:17:11.872+0000] {dag.py:4138} INFO - Setting next_dagrun for dag_isi_data_mart_testing to None, run_after=None
[2026-09-17T06:17:11.891+0000] {processor.py:208} INFO - Processing /opt/airflow/dags/processor.py took 0.086 seconds
[2026-09-17T06:17:42.139+0000] {processor.py:186} INFO - Started process (PID=225) to work on /opt/airflow/dags/processor.py
[2026-09-17T06:17:42.140+0000] {processor.py:914} INFO - Processing file /opt/airflow/dags/processor.py for tasks to queue
[2026-09-17T06:17:42.142+0000] {logging_mixin.py:190} INFO - [2026-09-17T06:17:42.142+0000] {dagbag.py:587} INFO - Filling up the DagBag from /opt/airflow/dags/processor.py
[2026-09-17T06:17:42.158+0000] {processor.py:925} INFO - DAG(s) 'dag_isi_data_mart_testing' retrieved from /opt/airflow/dags/processor.py
[2026-09-17T06:17:42.191+0000] {logging_mixin.py:190} INFO - [2026-09-17T06:17:42.190+0000] {dag.py:3211} INFO - Sync 1 DAGs
[2026-09-17T06:17:42.206+0000] {logging_mixin.py:190} INFO - [2026-09-17T06:17:42.205+0000] {dag.py:4138} INFO - Setting next_dagrun for dag_isi_data_mart_testing to None, run_after=None
[2026-09-17T06:17:42.225+0000] {processor.py:208} INFO - Processing /opt/airflow/dags/processor.py took 0.094 seconds
[2026-09-17T06:18:12.382+0000] {processor.py:186} INFO - Started process (PID=233) to work on /opt/airflow/dags/processor.py
[2026-09-17T06:18:12.383+0000] {processor.py:914} INFO - Processing file /opt/airflow/dags/processor.py for tasks to queue
[2026-09-17T06:18:12.385+0000] {logging_mixin.py:190} INFO - [2026-09-17T06:18:12.385+0000] {dagbag.py:587} INFO - Filling up the DagBag from /opt/airflow/dags/processor.py
[2026-09-17T06:18:12.399+0000] {processor.py:925} INFO - DAG(s) 'dag_isi_data_mart_testing' retrieved from /opt/airflow/dags/processor.py
[2026-09-17T06:18:12.431+0000] {logging_mixin.py:190} INFO - [2026-09-17T06:18:12.431+0000] {dag.py:3211} INFO - Sync 1 DAGs
[2026-09-17T06:18:12.447+0000] {logging_mixin.py:190} INFO - [2026-09-17T06:18:12.447+0000] {dag.py:4138} INFO - Setting next_dagrun for dag_isi_data_mart_testing to None, run_after=None
[2026-09-17T06:18:12.467+0000] {processor.py:208} INFO - Processing /opt/airflow/dags/processor.py took 0.091 seconds
[2026-09-17T06:18:42.722+0000] {processor.py:186} INFO - Started process (PID=241) to work on /opt/airflow/dags/processor.py
[2026-09-17T06:18:42.724+0000] {processor.py:914} INFO - Processing file /opt/airflow/dags/processor.py for tasks to queue
[2026-09-17T06:18:42.727+0000] {logging_mixin.py:190} INFO - [2026-09-17T06:18:42.727+0000] {dagbag.py:587} INFO - Filling up the DagBag from /opt/airflow/dags/processor.py
[2026-09-17T06:18:42.746+0000] {processor.py:925} INFO - DAG(s) 'dag_isi_data_mart_testing' retrieved from /opt/airflow/dags/processor.py
[2026-09-17T06:18:42.781+0000] {logging_mixin.py:190} INFO - [2026-09-17T06:18:42.781+0000] {dag.py:3211} INFO - Sync 1 DAGs
[2026-09-17T06:18:42.798+0000] {logging_mixin.py:190} INFO - [2026-09-17T06:18:42.798+0000] {dag.py:4138} INFO - Setting next_dagrun for dag_isi_data_mart_testing to None, run_after=None
[2026-09-17T06:18:42.819+0000] {processor.py:208} INFO - Processing /opt/airflow/dags/processor.py took 0.105 seconds
[2026-09-17T06:19:12.973+0000] {processor.py:186} INFO - Started process (PID=249) to work on /opt/airflow/dags/processor.py
[2026-09-17T06:19:12.974+0000] {processor.py:914} INFO - Processing file /opt/airflow/dags/processor.py for tasks to queue
[2026-09-17T06:19:12.977+0000] {logging_mixin.py:190} INFO - [2026-09-17T06:19:12.976+0000] {dagbag.py:587} INFO - Filling up the DagBag from /opt/airflow/dags/processor.py
[2026-09-17T06:19:12.997+0000] {processor.py:925} INFO - DAG(s) 'dag_isi_data_mart_testing' retrieved from /opt/airflow/dags/processor.py
[2026-09-17T06:19:13.032+0000] {logging_mixin.py:190} INFO - [2026-09-17T06:19:13.032+0000] {dag.py:3211} INFO - Sync 1 DAGs
[2026-09-17T06:19:13.049+0000] {logging_mixin.py:190} INFO - [2026-09-17T06:19:13.048+0000] {dag.py:4138} INFO - Setting next_dagrun for dag_isi_data_mart_testing to None, run_after=None
[2026-09-17T06:19:13.073+0000] {processor.py:208} INFO - Processing /opt/airflow/dags/processor.py took 0.107 seconds
[2026-09-17T06:19:43.279+0000] {processor.py:186} INFO - Started process (PID=257) to work on /opt/airflow/dags/processor.py
[2026-09-17T06:19:43.280+0000] {processor.py:914} INFO - Processing file /opt/airflow/dags/processor.py for tasks to queue
[2026-09-17T06:19:43.284+0000] {logging_mixin.py:190} INFO - [2026-09-17T06:19:43.284+0000] {dagbag.py:587} INFO - Filling up the DagBag from /opt/airflow/dags/processor.py
[2026-09-17T06:19:43.307+0000] {processor.py:925} INFO - DAG(s) 'dag_isi_data_mart_testing' retrieved from /opt/airflow/dags/processor.py
[2026-09-17T06:19:43.344+0000] {logging_mixin.py:190} INFO - [2026-09-17T06:19:43.344+0000] {dag.py:3211} INFO - Sync 1 DAGs
[2026-09-17T06:19:43.363+0000] {logging_mixin.py:190} INFO - [2026-09-17T06:19:43.362+0000] {dag.py:4138} INFO - Setting next_dagrun for dag_isi_data_mart_testing to None, run_after=None
[2026-09-17T06:19:43.384+0000] {processor.py:208} INFO - Processing /opt/airflow/dags/processor.py took 0.113 seconds
[2026-09-17T06:20:13.519+0000] {processor.py:186} INFO - Started process (PID=265) to work on /opt/airflow/dags/processor.py
[2026-09-17T06:20:13.520+0000] {processor.py:914} INFO - Processing file /opt/airflow/dags/processor.py for tasks to queue
[2026-09-17T06:20:13.523+0000] {logging_mixin.py:190} INFO - [2026-09-17T06:20:13.523+0000] {dagbag.py:587} INFO - Filling up the DagBag from /opt/airflow/dags/processor.py
[2026-09-17T06:20:13.539+0000] {processor.py:925} INFO - DAG(s) 'dag_isi_data_mart_testing' retrieved from /opt/airflow/dags/processor.py
[2026-09-17T06:20:13.571+0000] {logging_mixin.py:190} INFO - [2026-09-17T06:20:13.570+0000] {dag.py:3211} INFO - Sync 1 DAGs
[2026-09-17T06:20:13.587+0000] {logging_mixin.py:190} INFO - [2026-09-17T06:20:13.587+0000] {dag.py:4138} INFO - Setting next_dagrun for dag_isi_data_mart_testing to None, run_after=None
[2026-09-17T06:20:13.608+0000] {processor.py:208} INFO - Processing /opt/airflow/dags/processor.py took 0.095 seconds
[2026-09-17T06:20:43.887+0000] {processor.py:186} INFO - Started process (PID=273) to work on /opt/airflow/dags/processor.py
[2026-09-17T06:20:43.888+0000] {processor.py:914} INFO - Processing file /opt/airflow/dags/processor.py for tasks to queue
[2026-09-17T06:20:43.891+0000] {logging_mixin.py:190} INFO - [2026-09-17T06:20:43.890+0000] {dagbag.py:587} INFO - Filling up the DagBag from /opt/airflow/dags/processor.py
[2026-09-17T06:20:43.907+0000] {processor.py:925} INFO - DAG(s) 'dag_isi_data_mart_testing' retrieved from /opt/airflow/dags/processor.py
[2026-09-17T06:20:43.939+0000] {logging_mixin.py:190} INFO - [2026-09-17T06:20:43.939+0000] {dag.py:3211} INFO - Sync 1 DAGs
[2026-09-17T06:20:43.955+0000] {logging_mixin.py:190} INFO - [2026-09-17T06:20:43.955+0000] {dag.py:4138} INFO - Setting next_dagrun for dag_isi_data_mart_testing to None, run_after=None
[2026-09-17T06:20:43.973+0000] {processor.py:208} INFO - Processing /opt/airflow/dags/processor.py took 0.093 seconds
[2026-09-17T06:21:14.126+0000] {processor.py:186} INFO - Started process (PID=281) to work on /opt/airflow/dags/processor.py
[2026-09-17T06:21:14.127+0000] {processor.py:914} INFO - Processing file /opt/airflow/dags/processor.py for tasks to queue
[2026-09-17T06:21:14.129+0000] {logging_mixin.py:190} INFO - [2026-09-17T06:21:14.129+0000] {dagbag.py:587} INFO - Filling up the DagBag from /opt/airflow/dags/processor.py
[2026-09-17T06:21:14.144+0000] {processor.py:925} INFO - DAG(s) 'dag_isi_data_mart_testing' retrieved from /opt/airflow/dags/processor.py
[2026-09-17T06:21:14.183+0000] {logging_mixin.py:190} INFO - [2026-09-17T06:21:14.183+0000] {dag.py:3211} INFO - Sync 1 DAGs
[2026-09-17T06:21:14.200+0000] {logging_mixin.py:190} INFO - [2026-09-17T06:21:14.200+0000] {dag.py:4138} INFO - Setting next_dagrun for dag_isi_data_mart_testing to None, run_after=None
[2026-09-17T06:21:14.220+0000] {processor.py:208} INFO - Processing /opt/airflow/dags/processor.py took 0.101 seconds
[2026-09-17T06:21:44.412+0000] {processor.py:186} INFO - Started process (PID=289) to work on /opt/airflow/dags/processor.py
[2026-09-17T06:21:44.413+0000] {processor.py:914} INFO - Processing file /opt/airflow/dags/processor.py for tasks to queue
[2026-09-17T06:21:44.415+0000] {logging_mixin.py:190} INFO - [2026-09-17T06:21:44.415+0000] {dagbag.py:587} INFO - Filling up the DagBag from /opt/airflow/dags/processor.py
[2026-09-17T06:21:44.430+0000] {processor.py:925} INFO - DAG(s) 'dag_isi_data_mart_testing' retrieved from /opt/airflow/dags/processor.py
[2026-09-17T06:21:44.462+0000] {logging_mixin.py:190} INFO - [2026-09-17T06:21:44.462+0000] {dag.py:3211} INFO - Sync 1 DAGs
[2026-09-17T06:21:44.477+0000] {logging_mixin.py:190} INFO - [2026-09-17T06:21:44.477+0000] {dag.py:4138} INFO - Setting next_dagrun for dag_isi_data_mart_testing to None, run_after=None
[2026-09-17T06:21:44.497+0000] {processor.py:208} INFO - Processing /opt/airflow/dags/processor.py took 0.092 seconds
[2026-09-17T06:22:14.658+0000] {processor.py:186} INFO - Started process (PID=297) to work on /opt/airflow/dags/processor.py
[2026-09-17T06:22:14.659+0000] {processor.py:914} INFO - Processing file /opt/airflow/dags/processor.py for tasks to queue
[2026-09-17T06:22:14.661+0000] {logging_mixin.py:190} INFO - [2026-09-17T06:22:14.660+0000] {dagbag.py:587} INFO - Filling up the DagBag from /opt/airflow/dags/processor.py
[2026-09-17T06:22:14.675+0000] {processor.py:925} INFO - DAG(s) 'dag_isi_data_mart_testing' retrieved from /opt/airflow/dags/processor.py
[2026-09-17T06:22:14.707+0000] {logging_mixin.py:190} INFO - [2026-09-17T06:22:14.706+0000] {dag.py:3211} INFO - Sync 1 DAGs
[2026-09-17T06:22:14.722+0000] {logging_mixin.py:190} INFO - [2026-09-17T06:22:14.721+0000] {dag.py:4138} INFO - Setting next_dagrun for dag_isi_data_mart_testing to None, run_after=None
[2026-09-17T06:22:14.742+0000] {processor.py:208} INFO - Processing /opt/airflow/dags/processor.py took 0.090 seconds
[2026-09-17T06:22:44.992+0000] {processor.py:186} INFO - Started process (PID=305) to work on /opt/airflow/dags/processor.py
[2026-09-17T06:22:44.994+0000] {processor.py:914} INFO - Processing file /opt/airflow/dags/processor.py for tasks to queue
[2026-09-17T06:22:44.998+0000] {logging_mixin.py:190} INFO - [2026-09-17T06:22:44.997+0000] {dagbag.py:587} INFO - Filling up the DagBag from /opt/airflow/dags/processor.py
[2026-09-17T06:22:45.017+0000] {processor.py:925} INFO - DAG(s) 'dag_isi_data_mart_testing' retrieved from /opt/airflow/dags/processor.py
[2026-09-17T06:22:45.058+0000] {logging_mixin.py:190} INFO - [2026-09-17T06:22:45.057+0000] {dag.py:3211} INFO - Sync 1 DAGs
[2026-09-17T06:22:45.076+0000] {logging_mixin.py:190} INFO - [2026-09-17T06:22:45.076+0000] {dag.py:4138} INFO - Setting next_dagrun for dag_isi_data_mart_testing to None, run_after=None
[2026-09-17T06:22:45.102+0000] {processor.py:208} INFO - Processing /opt/airflow/dags/processor.py took 0.118 seconds
[2026-09-17T06:23:15.239+0000] {processor.py:186} INFO - Started process (PID=313) to work on /opt/airflow/dags/processor.py
[2026-09-17T06:23:15.240+0000] {processor.py:914} INFO - Processing file /opt/airflow/dags/processor.py for tasks to queue
[2026-09-17T06:23:15.242+0000] {logging_mixin.py:190} INFO - [2026-09-17T06:23:15.242+0000] {dagbag.py:587} INFO - Filling up the DagBag from /opt/airflow/dags/processor.py
[2026-09-17T06:23:15.257+0000] {processor.py:925} INFO - DAG(s) 'dag_isi_data_mart_testing' retrieved from /opt/airflow/dags/processor.py
[2026-09-17T06:23:15.287+0000] {logging_mixin.py:190} INFO - [2026-09-17T06:23:15.287+0000] {dag.py:3211} INFO - Sync 1 DAGs
[2026-09-17T06:23:15.303+0000] {logging_mixin.py:190} INFO - [2026-09-17T06:23:15.302+0000] {dag.py:4138} INFO - Setting next_dagrun for dag_isi_data_mart_testing to None, run_after=None
[2026-09-17T06:23:15.324+0000] {processor.py:208} INFO - Processing /opt/airflow/dags/processor.py took 0.091 seconds
[2026-09-17T06:23:45.580+0000] {processor.py:186} INFO - Started process (PID=321) to work on /opt/airflow/dags/processor.py
[2026-09-17T06:23:45.581+0000] {processor.py:914} INFO - Processing file /opt/airflow/dags/processor.py for tasks to queue
[2026-09-17T06:23:45.584+0000] {logging_mixin.py:190} INFO - [2026-09-17T06:23:45.583+0000] {dagbag.py:587} INFO - Filling up the DagBag from /opt/airflow/dags/processor.py
[2026-09-17T06:23:45.601+0000] {processor.py:925} INFO - DAG(s) 'dag_isi_data_mart_testing' retrieved from /opt/airflow/dags/processor.py
[2026-09-17T06:23:45.632+0000] {logging_mixin.py:190} INFO - [2026-09-17T06:23:45.631+0000] {dag.py:3211} INFO - Sync 1 DAGs
[2026-09-17T06:23:45.648+0000] {logging_mixin.py:190} INFO - [2026-09-17T06:23:45.648+0000] {dag.py:4138} INFO - Setting next_dagrun for dag_isi_data_mart_testing to None, run_after=None
[2026-09-17T06:23:45.668+0000] {processor.py:208} INFO - Processing /opt/airflow/dags/processor.py took 0.096 seconds
[2026-09-17T06:24:15.932+0000] {processor.py:186} INFO - Started process (PID=329) to work on /opt/airflow/dags/processor.py
[2026-09-17T06:24:15.933+0000] {processor.py:914} INFO - Processing file /opt/airflow/dags/processor.py for tasks to queue
[2026-09-17T06:24:15.938+0000] {logging_mixin.py:190} INFO - [2026-09-17T06:24:15.937+0000] {dagbag.py:587} INFO - Filling up the DagBag from /opt/airflow/dags/processor.py
[2026-09-17T06:24:15.963+0000] {processor.py:925} INFO - DAG(s) 'dag_isi_data_mart_testing' retrieved from /opt/airflow/dags/processor.py
[2026-09-17T06:24:16.007+0000] {logging_mixin.py:190} INFO - [2026-09-17T06:24:16.006+0000] {dag.py:3211} INFO - Sync 1 DAGs
[2026-09-17T06:24:16.028+0000] {logging_mixin.py:190} INFO - [2026-09-17T06:24:16.027+0000] {dag.py:4138} INFO - Setting next_dagrun for dag_isi_data_mart_testing to None, run_after=None
[2026-09-17T06:24:16.050+0000] {processor.py:208} INFO - Processing /opt/airflow/dags/processor.py took 0.127 seconds
[2026-09-17T06:24:46.322+0000] {processor.py:186} INFO - Started process (PID=337) to work on /opt/airflow/dags/processor.py
[2026-09-17T06:24:46.323+0000] {processor.py:914} INFO - Processing file /opt/airflow/dags/processor.py for tasks to queue
[2026-09-17T06:24:46.327+0000] {logging_mixin.py:190} INFO - [2026-09-17T06:24:46.326+0000] {dagbag.py:587} INFO - Filling up the DagBag from /opt/airflow/dags/processor.py
[2026-09-17T06:24:46.344+0000] {processor.py:925} INFO - DAG(s) 'dag_isi_data_mart_testing' retrieved from /opt/airflow/dags/processor.py
[2026-09-17T06:24:46.376+0000] {logging_mixin.py:190} INFO - [2026-09-17T06:24:46.375+0000] {dag.py:3211} INFO - Sync 1 DAGs
[2026-09-17T06:24:46.392+0000] {logging_mixin.py:190} INFO - [2026-09-17T06:24:46.392+0000] {dag.py:4138} INFO - Setting next_dagrun for dag_isi_data_mart_testing to None, run_after=None
[2026-09-17T06:24:46.415+0000] {processor.py:208} INFO - Processing /opt/airflow/dags/processor.py took 0.099 seconds
[2026-09-17T06:25:16.618+0000] {processor.py:186} INFO - Started process (PID=345) to work on /opt/airflow/dags/processor.py
[2026-09-17T06:25:16.619+0000] {processor.py:914} INFO - Processing file /opt/airflow/dags/processor.py for tasks to queue
[2026-09-17T06:25:16.622+0000] {logging_mixin.py:190} INFO - [2026-09-17T06:25:16.622+0000] {dagbag.py:587} INFO - Filling up the DagBag from /opt/airflow/dags/processor.py
[2026-09-17T06:25:16.650+0000] {processor.py:925} INFO - DAG(s) 'dag_isi_data_mart_testing' retrieved from /opt/airflow/dags/processor.py
[2026-09-17T06:25:16.700+0000] {logging_mixin.py:190} INFO - [2026-09-17T06:25:16.699+0000] {dag.py:3211} INFO - Sync 1 DAGs
[2026-09-17T06:25:16.718+0000] {logging_mixin.py:190} INFO - [2026-09-17T06:25:16.718+0000] {dag.py:4138} INFO - Setting next_dagrun for dag_isi_data_mart_testing to None, run_after=None
[2026-09-17T06:25:16.741+0000] {processor.py:208} INFO - Processing /opt/airflow/dags/processor.py took 0.132 seconds
[2026-09-17T06:25:47.008+0000] {processor.py:186} INFO - Started process (PID=353) to work on /opt/airflow/dags/processor.py
[2026-09-17T06:25:47.010+0000] {processor.py:914} INFO - Processing file /opt/airflow/dags/processor.py for tasks to queue
[2026-09-17T06:25:47.013+0000] {logging_mixin.py:190} INFO - [2026-09-17T06:25:47.013+0000] {dagbag.py:587} INFO - Filling up the DagBag from /opt/airflow/dags/processor.py
[2026-09-17T06:25:47.052+0000] {processor.py:925} INFO - DAG(s) 'dag_isi_data_mart_testing' retrieved from /opt/airflow/dags/processor.py
[2026-09-17T06:25:47.090+0000] {logging_mixin.py:190} INFO - [2026-09-17T06:25:47.090+0000] {dag.py:3211} INFO - Sync 1 DAGs
[2026-09-17T06:25:47.110+0000] {logging_mixin.py:190} INFO - [2026-09-17T06:25:47.109+0000] {dag.py:4138} INFO - Setting next_dagrun for dag_isi_data_mart_testing to None, run_after=None
[2026-09-17T06:25:47.137+0000] {processor.py:208} INFO - Processing /opt/airflow/dags/processor.py took 0.145 seconds
[2026-09-17T06:26:17.379+0000] {processor.py:186} INFO - Started process (PID=362) to work on /opt/airflow/dags/processor.py
[2026-09-17T06:26:17.380+0000] {processor.py:914} INFO - Processing file /opt/airflow/dags/processor.py for tasks to queue
[2026-09-17T06:26:17.382+0000] {logging_mixin.py:190} INFO - [2026-09-17T06:26:17.381+0000] {dagbag.py:587} INFO - Filling up the DagBag from /opt/airflow/dags/processor.py
[2026-09-17T06:26:17.398+0000] {processor.py:925} INFO - DAG(s) 'dag_isi_data_mart_testing' retrieved from /opt/airflow/dags/processor.py
[2026-09-17T06:26:17.430+0000] {logging_mixin.py:190} INFO - [2026-09-17T06:26:17.430+0000] {dag.py:3211} INFO - Sync 1 DAGs
[2026-09-17T06:26:17.447+0000] {logging_mixin.py:190} INFO - [2026-09-17T06:26:17.447+0000] {dag.py:4138} INFO - Setting next_dagrun for dag_isi_data_mart_testing to None, run_after=None
[2026-09-17T06:26:17.469+0000] {processor.py:208} INFO - Processing /opt/airflow/dags/processor.py took 0.096 seconds
[2026-09-17T06:26:47.617+0000] {processor.py:186} INFO - Started process (PID=370) to work on /opt/airflow/dags/processor.py
[2026-09-17T06:26:47.619+0000] {processor.py:914} INFO - Processing file /opt/airflow/dags/processor.py for tasks to queue
[2026-09-17T06:26:47.621+0000] {logging_mixin.py:190} INFO - [2026-09-17T06:26:47.620+0000] {dagbag.py:587} INFO - Filling up the DagBag from /opt/airflow/dags/processor.py
[2026-09-17T06:26:47.635+0000] {processor.py:925} INFO - DAG(s) 'dag_isi_data_mart_testing' retrieved from /opt/airflow/dags/processor.py
[2026-09-17T06:26:47.666+0000] {logging_mixin.py:190} INFO - [2026-09-17T06:26:47.666+0000] {dag.py:3211} INFO - Sync 1 DAGs
[2026-09-17T06:26:47.684+0000] {logging_mixin.py:190} INFO - [2026-09-17T06:26:47.683+0000] {dag.py:4138} INFO - Setting next_dagrun for dag_isi_data_mart_testing to None, run_after=None
[2026-09-17T06:26:47.702+0000] {processor.py:208} INFO - Processing /opt/airflow/dags/processor.py took 0.090 seconds
[2026-09-17T06:27:17.903+0000] {processor.py:186} INFO - Started process (PID=378) to work on /opt/airflow/dags/processor.py
[2026-09-17T06:27:17.904+0000] {processor.py:914} INFO - Processing file /opt/airflow/dags/processor.py for tasks to queue
[2026-09-17T06:27:17.908+0000] {logging_mixin.py:190} INFO - [2026-09-17T06:27:17.907+0000] {dagbag.py:587} INFO - Filling up the DagBag from /opt/airflow/dags/processor.py
[2026-09-17T06:27:17.926+0000] {processor.py:925} INFO - DAG(s) 'dag_isi_data_mart_testing' retrieved from /opt/airflow/dags/processor.py
[2026-09-17T06:27:17.962+0000] {logging_mixin.py:190} INFO - [2026-09-17T06:27:17.961+0000] {dag.py:3211} INFO - Sync 1 DAGs
[2026-09-17T06:27:17.986+0000] {logging_mixin.py:190} INFO - [2026-09-17T06:27:17.985+0000] {dag.py:4138} INFO - Setting next_dagrun for dag_isi_data_mart_testing to None, run_after=None
[2026-09-17T06:27:18.006+0000] {processor.py:208} INFO - Processing /opt/airflow/dags/processor.py took 0.112 seconds
[2026-09-17T06:27:48.284+0000] {processor.py:186} INFO - Started process (PID=386) to work on /opt/airflow/dags/processor.py
[2026-09-17T06:27:48.285+0000] {processor.py:914} INFO - Processing file /opt/airflow/dags/processor.py for tasks to queue
[2026-09-17T06:27:48.289+0000] {logging_mixin.py:190} INFO - [2026-09-17T06:27:48.289+0000] {dagbag.py:587} INFO - Filling up the DagBag from /opt/airflow/dags/processor.py
[2026-09-17T06:27:48.306+0000] {processor.py:925} INFO - DAG(s) 'dag_isi_data_mart_testing' retrieved from /opt/airflow/dags/processor.py
[2026-09-17T06:27:48.340+0000] {logging_mixin.py:190} INFO - [2026-09-17T06:27:48.339+0000] {dag.py:3211} INFO - Sync 1 DAGs
[2026-09-17T06:27:48.356+0000] {logging_mixin.py:190} INFO - [2026-09-17T06:27:48.355+0000] {dag.py:4138} INFO - Setting next_dagrun for dag_isi_data_mart_testing to None, run_after=None
[2026-09-17T06:27:48.376+0000] {processor.py:208} INFO - Processing /opt/airflow/dags/processor.py took 0.098 seconds
[2026-09-17T06:28:18.630+0000] {processor.py:186} INFO - Started process (PID=394) to work on /opt/airflow/dags/processor.py
[2026-09-17T06:28:18.632+0000] {processor.py:914} INFO - Processing file /opt/airflow/dags/processor.py for tasks to queue
[2026-09-17T06:28:18.635+0000] {logging_mixin.py:190} INFO - [2026-09-17T06:28:18.635+0000] {dagbag.py:587} INFO - Filling up the DagBag from /opt/airflow/dags/processor.py
[2026-09-17T06:28:18.650+0000] {processor.py:925} INFO - DAG(s) 'dag_isi_data_mart_testing' retrieved from /opt/airflow/dags/processor.py
[2026-09-17T06:28:18.682+0000] {logging_mixin.py:190} INFO - [2026-09-17T06:28:18.682+0000] {dag.py:3211} INFO - Sync 1 DAGs
[2026-09-17T06:28:18.702+0000] {logging_mixin.py:190} INFO - [2026-09-17T06:28:18.702+0000] {dag.py:4138} INFO - Setting next_dagrun for dag_isi_data_mart_testing to None, run_after=None
[2026-09-17T06:28:18.725+0000] {processor.py:208} INFO - Processing /opt/airflow/dags/processor.py took 0.103 seconds
[2026-09-17T06:28:48.877+0000] {processor.py:186} INFO - Started process (PID=402) to work on /opt/airflow/dags/processor.py
[2026-09-17T06:28:48.877+0000] {processor.py:914} INFO - Processing file /opt/airflow/dags/processor.py for tasks to queue
[2026-09-17T06:28:48.881+0000] {logging_mixin.py:190} INFO - [2026-09-17T06:28:48.881+0000] {dagbag.py:587} INFO - Filling up the DagBag from /opt/airflow/dags/processor.py
[2026-09-17T06:28:48.899+0000] {processor.py:925} INFO - DAG(s) 'dag_isi_data_mart_testing' retrieved from /opt/airflow/dags/processor.py
[2026-09-17T06:28:48.936+0000] {logging_mixin.py:190} INFO - [2026-09-17T06:28:48.936+0000] {dag.py:3211} INFO - Sync 1 DAGs
[2026-09-17T06:28:48.954+0000] {logging_mixin.py:190} INFO - [2026-09-17T06:28:48.954+0000] {dag.py:4138} INFO - Setting next_dagrun for dag_isi_data_mart_testing to None, run_after=None
[2026-09-17T06:28:48.976+0000] {processor.py:208} INFO - Processing /opt/airflow/dags/processor.py took 0.108 seconds
[2026-09-17T06:29:19.230+0000] {processor.py:186} INFO - Started process (PID=410) to work on /opt/airflow/dags/processor.py
[2026-09-17T06:29:19.232+0000] {processor.py:914} INFO - Processing file /opt/airflow/dags/processor.py for tasks to queue
[2026-09-17T06:29:19.234+0000] {logging_mixin.py:190} INFO - [2026-09-17T06:29:19.234+0000] {dagbag.py:587} INFO - Filling up the DagBag from /opt/airflow/dags/processor.py
[2026-09-17T06:29:19.255+0000] {processor.py:925} INFO - DAG(s) 'dag_isi_data_mart_testing' retrieved from /opt/airflow/dags/processor.py
[2026-09-17T06:29:19.293+0000] {logging_mixin.py:190} INFO - [2026-09-17T06:29:19.292+0000] {dag.py:3211} INFO - Sync 1 DAGs
[2026-09-17T06:29:19.307+0000] {logging_mixin.py:190} INFO - [2026-09-17T06:29:19.307+0000] {dag.py:4138} INFO - Setting next_dagrun for dag_isi_data_mart_testing to None, run_after=None
[2026-09-17T06:29:19.327+0000] {processor.py:208} INFO - Processing /opt/airflow/dags/processor.py took 0.105 seconds
[2026-09-17T06:29:49.469+0000] {processor.py:186} INFO - Started process (PID=418) to work on /opt/airflow/dags/processor.py
[2026-09-17T06:29:49.469+0000] {processor.py:914} INFO - Processing file /opt/airflow/dags/processor.py for tasks to queue
[2026-09-17T06:29:49.472+0000] {logging_mixin.py:190} INFO - [2026-09-17T06:29:49.471+0000] {dagbag.py:587} INFO - Filling up the DagBag from /opt/airflow/dags/processor.py
[2026-09-17T06:29:49.488+0000] {processor.py:925} INFO - DAG(s) 'dag_isi_data_mart_testing' retrieved from /opt/airflow/dags/processor.py
[2026-09-17T06:29:49.523+0000] {logging_mixin.py:190} INFO - [2026-09-17T06:29:49.523+0000] {dag.py:3211} INFO - Sync 1 DAGs
[2026-09-17T06:29:49.541+0000] {logging_mixin.py:190} INFO - [2026-09-17T06:29:49.541+0000] {dag.py:4138} INFO - Setting next_dagrun for dag_isi_data_mart_testing to None, run_after=None
[2026-09-17T06:29:49.564+0000] {processor.py:208} INFO - Processing /opt/airflow/dags/processor.py took 0.103 seconds
[2026-09-17T06:30:19.836+0000] {processor.py:186} INFO - Started process (PID=426) to work on /opt/airflow/dags/processor.py
[2026-09-17T06:30:19.837+0000] {processor.py:914} INFO - Processing file /opt/airflow/dags/processor.py for tasks to queue
[2026-09-17T06:30:19.840+0000] {logging_mixin.py:190} INFO - [2026-09-17T06:30:19.839+0000] {dagbag.py:587} INFO - Filling up the DagBag from /opt/airflow/dags/processor.py
[2026-09-17T06:30:19.855+0000] {processor.py:925} INFO - DAG(s) 'dag_isi_data_mart_testing' retrieved from /opt/airflow/dags/processor.py
[2026-09-17T06:30:19.890+0000] {logging_mixin.py:190} INFO - [2026-09-17T06:30:19.890+0000] {dag.py:3211} INFO - Sync 1 DAGs
[2026-09-17T06:30:19.908+0000] {logging_mixin.py:190} INFO - [2026-09-17T06:30:19.907+0000] {dag.py:4138} INFO - Setting next_dagrun for dag_isi_data_mart_testing to None, run_after=None
[2026-09-17T06:30:19.928+0000] {processor.py:208} INFO - Processing /opt/airflow/dags/processor.py took 0.098 seconds
[2026-09-17T06:30:50.127+0000] {processor.py:186} INFO - Started process (PID=434) to work on /opt/airflow/dags/processor.py
[2026-09-17T06:30:50.129+0000] {processor.py:914} INFO - Processing file /opt/airflow/dags/processor.py for tasks to queue
[2026-09-17T06:30:50.131+0000] {logging_mixin.py:190} INFO - [2026-09-17T06:30:50.130+0000] {dagbag.py:587} INFO - Filling up the DagBag from /opt/airflow/dags/processor.py
[2026-09-17T06:30:50.147+0000] {processor.py:925} INFO - DAG(s) 'dag_isi_data_mart_testing' retrieved from /opt/airflow/dags/processor.py
[2026-09-17T06:30:50.181+0000] {logging_mixin.py:190} INFO - [2026-09-17T06:30:50.180+0000] {dag.py:3211} INFO - Sync 1 DAGs
[2026-09-17T06:30:50.197+0000] {logging_mixin.py:190} INFO - [2026-09-17T06:30:50.197+0000] {dag.py:4138} INFO - Setting next_dagrun for dag_isi_data_mart_testing to None, run_after=None
[2026-09-17T06:30:50.217+0000] {processor.py:208} INFO - Processing /opt/airflow/dags/processor.py took 0.096 seconds
[2026-09-17T06:31:20.428+0000] {processor.py:186} INFO - Started process (PID=442) to work on /opt/airflow/dags/processor.py
[2026-09-17T06:31:20.429+0000] {processor.py:914} INFO - Processing file /opt/airflow/dags/processor.py for tasks to queue
[2026-09-17T06:31:20.432+0000] {logging_mixin.py:190} INFO - [2026-09-17T06:31:20.431+0000] {dagbag.py:587} INFO - Filling up the DagBag from /opt/airflow/dags/processor.py
[2026-09-17T06:31:20.455+0000] {processor.py:925} INFO - DAG(s) 'dag_isi_data_mart_testing' retrieved from /opt/airflow/dags/processor.py
[2026-09-17T06:31:20.496+0000] {logging_mixin.py:190} INFO - [2026-09-17T06:31:20.495+0000] {dag.py:3211} INFO - Sync 1 DAGs
[2026-09-17T06:31:20.515+0000] {logging_mixin.py:190} INFO - [2026-09-17T06:31:20.514+0000] {dag.py:4138} INFO - Setting next_dagrun for dag_isi_data_mart_testing to None, run_after=None
[2026-09-17T06:31:20.540+0000] {processor.py:208} INFO - Processing /opt/airflow/dags/processor.py took 0.122 seconds
[2026-09-17T06:31:50.680+0000] {processor.py:186} INFO - Started process (PID=450) to work on /opt/airflow/dags/processor.py
[2026-09-17T06:31:50.682+0000] {processor.py:914} INFO - Processing file /opt/airflow/dags/processor.py for tasks to queue
[2026-09-17T06:31:50.685+0000] {logging_mixin.py:190} INFO - [2026-09-17T06:31:50.685+0000] {dagbag.py:587} INFO - Filling up the DagBag from /opt/airflow/dags/processor.py
[2026-09-17T06:31:50.705+0000] {processor.py:925} INFO - DAG(s) 'dag_isi_data_mart_testing' retrieved from /opt/airflow/dags/processor.py
[2026-09-17T06:31:50.752+0000] {logging_mixin.py:190} INFO - [2026-09-17T06:31:50.751+0000] {dag.py:3211} INFO - Sync 1 DAGs
[2026-09-17T06:31:50.772+0000] {logging_mixin.py:190} INFO - [2026-09-17T06:31:50.771+0000] {dag.py:4138} INFO - Setting next_dagrun for dag_isi_data_mart_testing to None, run_after=None
[2026-09-17T06:31:50.792+0000] {processor.py:208} INFO - Processing /opt/airflow/dags/processor.py took 0.120 seconds
[2026-09-17T06:32:20.980+0000] {processor.py:186} INFO - Started process (PID=458) to work on /opt/airflow/dags/processor.py
[2026-09-17T06:32:20.981+0000] {processor.py:914} INFO - Processing file /opt/airflow/dags/processor.py for tasks to queue
[2026-09-17T06:32:20.983+0000] {logging_mixin.py:190} INFO - [2026-09-17T06:32:20.983+0000] {dagbag.py:587} INFO - Filling up the DagBag from /opt/airflow/dags/processor.py
[2026-09-17T06:32:20.998+0000] {processor.py:925} INFO - DAG(s) 'dag_isi_data_mart_testing' retrieved from /opt/airflow/dags/processor.py
[2026-09-17T06:32:21.030+0000] {logging_mixin.py:190} INFO - [2026-09-17T06:32:21.029+0000] {dag.py:3211} INFO - Sync 1 DAGs
[2026-09-17T06:32:21.045+0000] {logging_mixin.py:190} INFO - [2026-09-17T06:32:21.045+0000] {dag.py:4138} INFO - Setting next_dagrun for dag_isi_data_mart_testing to None, run_after=None
[2026-09-17T06:32:21.065+0000] {processor.py:208} INFO - Processing /opt/airflow/dags/processor.py took 0.091 seconds
[2026-09-17T06:32:51.310+0000] {processor.py:186} INFO - Started process (PID=466) to work on /opt/airflow/dags/processor.py
[2026-09-17T06:32:51.312+0000] {processor.py:914} INFO - Processing file /opt/airflow/dags/processor.py for tasks to queue
[2026-09-17T06:32:51.315+0000] {logging_mixin.py:190} INFO - [2026-09-17T06:32:51.314+0000] {dagbag.py:587} INFO - Filling up the DagBag from /opt/airflow/dags/processor.py
[2026-09-17T06:32:51.332+0000] {processor.py:925} INFO - DAG(s) 'dag_isi_data_mart_testing' retrieved from /opt/airflow/dags/processor.py
[2026-09-17T06:32:51.364+0000] {logging_mixin.py:190} INFO - [2026-09-17T06:32:51.363+0000] {dag.py:3211} INFO - Sync 1 DAGs
[2026-09-17T06:32:51.379+0000] {logging_mixin.py:190} INFO - [2026-09-17T06:32:51.379+0000] {dag.py:4138} INFO - Setting next_dagrun for dag_isi_data_mart_testing to None, run_after=None
[2026-09-17T06:32:51.398+0000] {processor.py:208} INFO - Processing /opt/airflow/dags/processor.py took 0.094 seconds
[2026-09-17T06:33:21.560+0000] {processor.py:186} INFO - Started process (PID=473) to work on /opt/airflow/dags/processor.py
[2026-09-17T06:33:21.562+0000] {processor.py:914} INFO - Processing file /opt/airflow/dags/processor.py for tasks to queue
[2026-09-17T06:33:21.564+0000] {logging_mixin.py:190} INFO - [2026-09-17T06:33:21.564+0000] {dagbag.py:587} INFO - Filling up the DagBag from /opt/airflow/dags/processor.py
[2026-09-17T06:33:21.581+0000] {processor.py:925} INFO - DAG(s) 'dag_isi_data_mart_testing' retrieved from /opt/airflow/dags/processor.py
[2026-09-17T06:33:21.620+0000] {logging_mixin.py:190} INFO - [2026-09-17T06:33:21.620+0000] {dag.py:3211} INFO - Sync 1 DAGs
[2026-09-17T06:33:21.636+0000] {logging_mixin.py:190} INFO - [2026-09-17T06:33:21.635+0000] {dag.py:4138} INFO - Setting next_dagrun for dag_isi_data_mart_testing to None, run_after=None
[2026-09-17T06:33:21.656+0000] {processor.py:208} INFO - Processing /opt/airflow/dags/processor.py took 0.102 seconds
[2026-09-17T06:33:51.843+0000] {processor.py:186} INFO - Started process (PID=481) to work on /opt/airflow/dags/processor.py
[2026-09-17T06:33:51.845+0000] {processor.py:914} INFO - Processing file /opt/airflow/dags/processor.py for tasks to queue
[2026-09-17T06:33:51.847+0000] {logging_mixin.py:190} INFO - [2026-09-17T06:33:51.847+0000] {dagbag.py:587} INFO - Filling up the DagBag from /opt/airflow/dags/processor.py
[2026-09-17T06:33:51.866+0000] {processor.py:925} INFO - DAG(s) 'dag_isi_data_mart_testing' retrieved from /opt/airflow/dags/processor.py
[2026-09-17T06:33:51.900+0000] {logging_mixin.py:190} INFO - [2026-09-17T06:33:51.900+0000] {dag.py:3211} INFO - Sync 1 DAGs
[2026-09-17T06:33:51.918+0000] {logging_mixin.py:190} INFO - [2026-09-17T06:33:51.918+0000] {dag.py:4138} INFO - Setting next_dagrun for dag_isi_data_mart_testing to None, run_after=None
[2026-09-17T06:33:51.939+0000] {processor.py:208} INFO - Processing /opt/airflow/dags/processor.py took 0.104 seconds
[2026-09-17T06:34:22.109+0000] {processor.py:186} INFO - Started process (PID=489) to work on /opt/airflow/dags/processor.py
[2026-09-17T06:34:22.110+0000] {processor.py:914} INFO - Processing file /opt/airflow/dags/processor.py for tasks to queue
[2026-09-17T06:34:22.112+0000] {logging_mixin.py:190} INFO - [2026-09-17T06:34:22.112+0000] {dagbag.py:587} INFO - Filling up the DagBag from /opt/airflow/dags/processor.py
[2026-09-17T06:34:22.127+0000] {processor.py:925} INFO - DAG(s) 'dag_isi_data_mart_testing' retrieved from /opt/airflow/dags/processor.py
[2026-09-17T06:34:22.158+0000] {logging_mixin.py:190} INFO - [2026-09-17T06:34:22.157+0000] {dag.py:3211} INFO - Sync 1 DAGs
[2026-09-17T06:34:22.175+0000] {logging_mixin.py:190} INFO - [2026-09-17T06:34:22.175+0000] {dag.py:4138} INFO - Setting next_dagrun for dag_isi_data_mart_testing to None, run_after=None
[2026-09-17T06:34:22.193+0000] {processor.py:208} INFO - Processing /opt/airflow/dags/processor.py took 0.091 seconds
[2026-09-17T06:34:52.404+0000] {processor.py:186} INFO - Started process (PID=497) to work on /opt/airflow/dags/processor.py
[2026-09-17T06:34:52.406+0000] {processor.py:914} INFO - Processing file /opt/airflow/dags/processor.py for tasks to queue
[2026-09-17T06:34:52.410+0000] {logging_mixin.py:190} INFO - [2026-09-17T06:34:52.410+0000] {dagbag.py:587} INFO - Filling up the DagBag from /opt/airflow/dags/processor.py
[2026-09-17T06:34:52.431+0000] {processor.py:925} INFO - DAG(s) 'dag_isi_data_mart_testing' retrieved from /opt/airflow/dags/processor.py
[2026-09-17T06:34:52.475+0000] {logging_mixin.py:190} INFO - [2026-09-17T06:34:52.474+0000] {dag.py:3211} INFO - Sync 1 DAGs
[2026-09-17T06:34:52.521+0000] {logging_mixin.py:190} INFO - [2026-09-17T06:34:52.521+0000] {dag.py:4138} INFO - Setting next_dagrun for dag_isi_data_mart_testing to None, run_after=None
[2026-09-17T06:34:52.571+0000] {processor.py:208} INFO - Processing /opt/airflow/dags/processor.py took 0.179 seconds
[2026-09-17T06:35:22.826+0000] {processor.py:186} INFO - Started process (PID=505) to work on /opt/airflow/dags/processor.py
[2026-09-17T06:35:22.827+0000] {processor.py:914} INFO - Processing file /opt/airflow/dags/processor.py for tasks to queue
[2026-09-17T06:35:22.831+0000] {logging_mixin.py:190} INFO - [2026-09-17T06:35:22.831+0000] {dagbag.py:587} INFO - Filling up the DagBag from /opt/airflow/dags/processor.py
[2026-09-17T06:35:22.855+0000] {processor.py:925} INFO - DAG(s) 'dag_isi_data_mart_testing' retrieved from /opt/airflow/dags/processor.py
[2026-09-17T06:35:22.900+0000] {logging_mixin.py:190} INFO - [2026-09-17T06:35:22.899+0000] {dag.py:3211} INFO - Sync 1 DAGs
[2026-09-17T06:35:22.923+0000] {logging_mixin.py:190} INFO - [2026-09-17T06:35:22.923+0000] {dag.py:4138} INFO - Setting next_dagrun for dag_isi_data_mart_testing to None, run_after=None
[2026-09-17T06:35:22.952+0000] {processor.py:208} INFO - Processing /opt/airflow/dags/processor.py took 0.135 seconds
[2026-09-17T06:35:53.089+0000] {processor.py:186} INFO - Started process (PID=513) to work on /opt/airflow/dags/processor.py
[2026-09-17T06:35:53.090+0000] {processor.py:914} INFO - Processing file /opt/airflow/dags/processor.py for tasks to queue
[2026-09-17T06:35:53.093+0000] {logging_mixin.py:190} INFO - [2026-09-17T06:35:53.092+0000] {dagbag.py:587} INFO - Filling up the DagBag from /opt/airflow/dags/processor.py
[2026-09-17T06:35:53.111+0000] {processor.py:925} INFO - DAG(s) 'dag_isi_data_mart_testing' retrieved from /opt/airflow/dags/processor.py
[2026-09-17T06:35:53.156+0000] {logging_mixin.py:190} INFO - [2026-09-17T06:35:53.156+0000] {dag.py:3211} INFO - Sync 1 DAGs
[2026-09-17T06:35:53.177+0000] {logging_mixin.py:190} INFO - [2026-09-17T06:35:53.176+0000] {dag.py:4138} INFO - Setting next_dagrun for dag_isi_data_mart_testing to None, run_after=None
[2026-09-17T06:35:53.199+0000] {processor.py:208} INFO - Processing /opt/airflow/dags/processor.py took 0.117 seconds
[2026-09-17T06:36:23.454+0000] {processor.py:186} INFO - Started process (PID=521) to work on /opt/airflow/dags/processor.py
[2026-09-17T06:36:23.456+0000] {processor.py:914} INFO - Processing file /opt/airflow/dags/processor.py for tasks to queue
[2026-09-17T06:36:23.460+0000] {logging_mixin.py:190} INFO - [2026-09-17T06:36:23.459+0000] {dagbag.py:587} INFO - Filling up the DagBag from /opt/airflow/dags/processor.py
[2026-09-17T06:36:23.478+0000] {processor.py:925} INFO - DAG(s) 'dag_isi_data_mart_testing' retrieved from /opt/airflow/dags/processor.py
[2026-09-17T06:36:23.516+0000] {logging_mixin.py:190} INFO - [2026-09-17T06:36:23.515+0000] {dag.py:3211} INFO - Sync 1 DAGs
[2026-09-17T06:36:23.537+0000] {logging_mixin.py:190} INFO - [2026-09-17T06:36:23.537+0000] {dag.py:4138} INFO - Setting next_dagrun for dag_isi_data_mart_testing to None, run_after=None
[2026-09-17T06:36:23.560+0000] {processor.py:208} INFO - Processing /opt/airflow/dags/processor.py took 0.114 seconds
[2026-09-17T06:36:53.700+0000] {processor.py:186} INFO - Started process (PID=529) to work on /opt/airflow/dags/processor.py
[2026-09-17T06:36:53.701+0000] {processor.py:914} INFO - Processing file /opt/airflow/dags/processor.py for tasks to queue
[2026-09-17T06:36:53.705+0000] {logging_mixin.py:190} INFO - [2026-09-17T06:36:53.704+0000] {dagbag.py:587} INFO - Filling up the DagBag from /opt/airflow/dags/processor.py
[2026-09-17T06:36:53.725+0000] {processor.py:925} INFO - DAG(s) 'dag_isi_data_mart_testing' retrieved from /opt/airflow/dags/processor.py
[2026-09-17T06:36:53.761+0000] {logging_mixin.py:190} INFO - [2026-09-17T06:36:53.761+0000] {dag.py:3211} INFO - Sync 1 DAGs
[2026-09-17T06:36:53.778+0000] {logging_mixin.py:190} INFO - [2026-09-17T06:36:53.778+0000] {dag.py:4138} INFO - Setting next_dagrun for dag_isi_data_mart_testing to None, run_after=None
[2026-09-17T06:36:53.800+0000] {processor.py:208} INFO - Processing /opt/airflow/dags/processor.py took 0.107 seconds
[2026-09-17T06:37:24.049+0000] {processor.py:186} INFO - Started process (PID=537) to work on /opt/airflow/dags/processor.py
[2026-09-17T06:37:24.050+0000] {processor.py:914} INFO - Processing file /opt/airflow/dags/processor.py for tasks to queue
[2026-09-17T06:37:24.054+0000] {logging_mixin.py:190} INFO - [2026-09-17T06:37:24.054+0000] {dagbag.py:587} INFO - Filling up the DagBag from /opt/airflow/dags/processor.py
[2026-09-17T06:37:24.077+0000] {processor.py:925} INFO - DAG(s) 'dag_isi_data_mart_testing' retrieved from /opt/airflow/dags/processor.py
[2026-09-17T06:37:24.116+0000] {logging_mixin.py:190} INFO - [2026-09-17T06:37:24.116+0000] {dag.py:3211} INFO - Sync 1 DAGs
[2026-09-17T06:37:24.139+0000] {logging_mixin.py:190} INFO - [2026-09-17T06:37:24.138+0000] {dag.py:4138} INFO - Setting next_dagrun for dag_isi_data_mart_testing to None, run_after=None
[2026-09-17T06:37:24.166+0000] {processor.py:208} INFO - Processing /opt/airflow/dags/processor.py took 0.124 seconds
[2026-09-17T06:37:54.306+0000] {processor.py:186} INFO - Started process (PID=545) to work on /opt/airflow/dags/processor.py
[2026-09-17T06:37:54.307+0000] {processor.py:914} INFO - Processing file /opt/airflow/dags/processor.py for tasks to queue
[2026-09-17T06:37:54.309+0000] {logging_mixin.py:190} INFO - [2026-09-17T06:37:54.309+0000] {dagbag.py:587} INFO - Filling up the DagBag from /opt/airflow/dags/processor.py
[2026-09-17T06:37:54.327+0000] {processor.py:925} INFO - DAG(s) 'dag_isi_data_mart_testing' retrieved from /opt/airflow/dags/processor.py
[2026-09-17T06:37:54.361+0000] {logging_mixin.py:190} INFO - [2026-09-17T06:37:54.361+0000] {dag.py:3211} INFO - Sync 1 DAGs
[2026-09-17T06:37:54.378+0000] {logging_mixin.py:190} INFO - [2026-09-17T06:37:54.378+0000] {dag.py:4138} INFO - Setting next_dagrun for dag_isi_data_mart_testing to None, run_after=None
[2026-09-17T06:37:54.401+0000] {processor.py:208} INFO - Processing /opt/airflow/dags/processor.py took 0.103 seconds
[2026-09-17T06:38:24.648+0000] {processor.py:186} INFO - Started process (PID=553) to work on /opt/airflow/dags/processor.py
[2026-09-17T06:38:24.649+0000] {processor.py:914} INFO - Processing file /opt/airflow/dags/processor.py for tasks to queue
[2026-09-17T06:38:24.651+0000] {logging_mixin.py:190} INFO - [2026-09-17T06:38:24.651+0000] {dagbag.py:587} INFO - Filling up the DagBag from /opt/airflow/dags/processor.py
[2026-09-17T06:38:24.669+0000] {processor.py:925} INFO - DAG(s) 'dag_isi_data_mart_testing' retrieved from /opt/airflow/dags/processor.py
[2026-09-17T06:38:24.703+0000] {logging_mixin.py:190} INFO - [2026-09-17T06:38:24.702+0000] {dag.py:3211} INFO - Sync 1 DAGs
[2026-09-17T06:38:24.719+0000] {logging_mixin.py:190} INFO - [2026-09-17T06:38:24.718+0000] {dag.py:4138} INFO - Setting next_dagrun for dag_isi_data_mart_testing to None, run_after=None
[2026-09-17T06:38:24.739+0000] {processor.py:208} INFO - Processing /opt/airflow/dags/processor.py took 0.098 seconds
[2026-09-17T06:38:54.909+0000] {processor.py:186} INFO - Started process (PID=561) to work on /opt/airflow/dags/processor.py
[2026-09-17T06:38:54.910+0000] {processor.py:914} INFO - Processing file /opt/airflow/dags/processor.py for tasks to queue
[2026-09-17T06:38:54.913+0000] {logging_mixin.py:190} INFO - [2026-09-17T06:38:54.913+0000] {dagbag.py:587} INFO - Filling up the DagBag from /opt/airflow/dags/processor.py
[2026-09-17T06:38:54.935+0000] {processor.py:925} INFO - DAG(s) 'dag_isi_data_mart_testing' retrieved from /opt/airflow/dags/processor.py
[2026-09-17T06:38:54.976+0000] {logging_mixin.py:190} INFO - [2026-09-17T06:38:54.976+0000] {dag.py:3211} INFO - Sync 1 DAGs
[2026-09-17T06:38:54.996+0000] {logging_mixin.py:190} INFO - [2026-09-17T06:38:54.996+0000] {dag.py:4138} INFO - Setting next_dagrun for dag_isi_data_mart_testing to None, run_after=None
[2026-09-17T06:38:55.021+0000] {processor.py:208} INFO - Processing /opt/airflow/dags/processor.py took 0.120 seconds
[2026-09-17T06:39:25.283+0000] {processor.py:186} INFO - Started process (PID=569) to work on /opt/airflow/dags/processor.py
[2026-09-17T06:39:25.284+0000] {processor.py:914} INFO - Processing file /opt/airflow/dags/processor.py for tasks to queue
[2026-09-17T06:39:25.287+0000] {logging_mixin.py:190} INFO - [2026-09-17T06:39:25.286+0000] {dagbag.py:587} INFO - Filling up the DagBag from /opt/airflow/dags/processor.py
[2026-09-17T06:39:25.304+0000] {processor.py:925} INFO - DAG(s) 'dag_isi_data_mart_testing' retrieved from /opt/airflow/dags/processor.py
[2026-09-17T06:39:25.336+0000] {logging_mixin.py:190} INFO - [2026-09-17T06:39:25.336+0000] {dag.py:3211} INFO - Sync 1 DAGs
[2026-09-17T06:39:25.351+0000] {logging_mixin.py:190} INFO - [2026-09-17T06:39:25.351+0000] {dag.py:4138} INFO - Setting next_dagrun for dag_isi_data_mart_testing to None, run_after=None
[2026-09-17T06:39:25.371+0000] {processor.py:208} INFO - Processing /opt/airflow/dags/processor.py took 0.095 seconds
[2026-09-17T06:39:55.545+0000] {processor.py:186} INFO - Started process (PID=577) to work on /opt/airflow/dags/processor.py
[2026-09-17T06:39:55.547+0000] {processor.py:914} INFO - Processing file /opt/airflow/dags/processor.py for tasks to queue
[2026-09-17T06:39:55.550+0000] {logging_mixin.py:190} INFO - [2026-09-17T06:39:55.549+0000] {dagbag.py:587} INFO - Filling up the DagBag from /opt/airflow/dags/processor.py
[2026-09-17T06:39:55.571+0000] {processor.py:925} INFO - DAG(s) 'dag_isi_data_mart_testing' retrieved from /opt/airflow/dags/processor.py
[2026-09-17T06:39:55.612+0000] {logging_mixin.py:190} INFO - [2026-09-17T06:39:55.612+0000] {dag.py:3211} INFO - Sync 1 DAGs
[2026-09-17T06:39:55.633+0000] {logging_mixin.py:190} INFO - [2026-09-17T06:39:55.632+0000] {dag.py:4138} INFO - Setting next_dagrun for dag_isi_data_mart_testing to None, run_after=None
[2026-09-17T06:39:55.658+0000] {processor.py:208} INFO - Processing /opt/airflow/dags/processor.py took 0.121 seconds
[2026-09-17T06:40:25.851+0000] {processor.py:186} INFO - Started process (PID=585) to work on /opt/airflow/dags/processor.py
[2026-09-17T06:40:25.853+0000] {processor.py:914} INFO - Processing file /opt/airflow/dags/processor.py for tasks to queue
[2026-09-17T06:40:25.857+0000] {logging_mixin.py:190} INFO - [2026-09-17T06:40:25.856+0000] {dagbag.py:587} INFO - Filling up the DagBag from /opt/airflow/dags/processor.py
[2026-09-17T06:40:25.883+0000] {processor.py:925} INFO - DAG(s) 'dag_isi_data_mart_testing' retrieved from /opt/airflow/dags/processor.py
[2026-09-17T06:40:25.929+0000] {logging_mixin.py:190} INFO - [2026-09-17T06:40:25.929+0000] {dag.py:3211} INFO - Sync 1 DAGs
[2026-09-17T06:40:25.953+0000] {logging_mixin.py:190} INFO - [2026-09-17T06:40:25.952+0000] {dag.py:4138} INFO - Setting next_dagrun for dag_isi_data_mart_testing to None, run_after=None
[2026-09-17T06:40:25.981+0000] {processor.py:208} INFO - Processing /opt/airflow/dags/processor.py took 0.139 seconds
[2026-09-17T06:40:56.160+0000] {processor.py:186} INFO - Started process (PID=593) to work on /opt/airflow/dags/processor.py
[2026-09-17T06:40:56.161+0000] {processor.py:914} INFO - Processing file /opt/airflow/dags/processor.py for tasks to queue
[2026-09-17T06:40:56.164+0000] {logging_mixin.py:190} INFO - [2026-09-17T06:40:56.164+0000] {dagbag.py:587} INFO - Filling up the DagBag from /opt/airflow/dags/processor.py
[2026-09-17T06:40:56.181+0000] {processor.py:925} INFO - DAG(s) 'dag_isi_data_mart_testing' retrieved from /opt/airflow/dags/processor.py
[2026-09-17T06:40:56.213+0000] {logging_mixin.py:190} INFO - [2026-09-17T06:40:56.213+0000] {dag.py:3211} INFO - Sync 1 DAGs
[2026-09-17T06:40:56.229+0000] {logging_mixin.py:190} INFO - [2026-09-17T06:40:56.228+0000] {dag.py:4138} INFO - Setting next_dagrun for dag_isi_data_mart_testing to None, run_after=None
[2026-09-17T06:40:56.247+0000] {processor.py:208} INFO - Processing /opt/airflow/dags/processor.py took 0.095 seconds
[2026-09-17T06:41:26.481+0000] {processor.py:186} INFO - Started process (PID=601) to work on /opt/airflow/dags/processor.py
[2026-09-17T06:41:26.483+0000] {processor.py:914} INFO - Processing file /opt/airflow/dags/processor.py for tasks to queue
[2026-09-17T06:41:26.485+0000] {logging_mixin.py:190} INFO - [2026-09-17T06:41:26.485+0000] {dagbag.py:587} INFO - Filling up the DagBag from /opt/airflow/dags/processor.py
[2026-09-17T06:41:26.501+0000] {processor.py:925} INFO - DAG(s) 'dag_isi_data_mart_testing' retrieved from /opt/airflow/dags/processor.py
[2026-09-17T06:41:26.531+0000] {logging_mixin.py:190} INFO - [2026-09-17T06:41:26.530+0000] {dag.py:3211} INFO - Sync 1 DAGs
[2026-09-17T06:41:26.545+0000] {logging_mixin.py:190} INFO - [2026-09-17T06:41:26.544+0000] {dag.py:4138} INFO - Setting next_dagrun for dag_isi_data_mart_testing to None, run_after=None
[2026-09-17T06:41:26.563+0000] {processor.py:208} INFO - Processing /opt/airflow/dags/processor.py took 0.089 seconds
[2026-09-17T06:41:56.739+0000] {processor.py:186} INFO - Started process (PID=609) to work on /opt/airflow/dags/processor.py
[2026-09-17T06:41:56.741+0000] {processor.py:914} INFO - Processing file /opt/airflow/dags/processor.py for tasks to queue
[2026-09-17T06:41:56.743+0000] {logging_mixin.py:190} INFO - [2026-09-17T06:41:56.743+0000] {dagbag.py:587} INFO - Filling up the DagBag from /opt/airflow/dags/processor.py
[2026-09-17T06:41:56.759+0000] {processor.py:925} INFO - DAG(s) 'dag_isi_data_mart_testing' retrieved from /opt/airflow/dags/processor.py
[2026-09-17T06:41:56.791+0000] {logging_mixin.py:190} INFO - [2026-09-17T06:41:56.790+0000] {dag.py:3211} INFO - Sync 1 DAGs
[2026-09-17T06:41:56.806+0000] {logging_mixin.py:190} INFO - [2026-09-17T06:41:56.806+0000] {dag.py:4138} INFO - Setting next_dagrun for dag_isi_data_mart_testing to None, run_after=None
[2026-09-17T06:41:56.826+0000] {processor.py:208} INFO - Processing /opt/airflow/dags/processor.py took 0.093 seconds
[2026-09-17T06:42:27.017+0000] {processor.py:186} INFO - Started process (PID=617) to work on /opt/airflow/dags/processor.py
[2026-09-17T06:42:27.018+0000] {processor.py:914} INFO - Processing file /opt/airflow/dags/processor.py for tasks to queue
[2026-09-17T06:42:27.021+0000] {logging_mixin.py:190} INFO - [2026-09-17T06:42:27.020+0000] {dagbag.py:587} INFO - Filling up the DagBag from /opt/airflow/dags/processor.py
[2026-09-17T06:42:27.040+0000] {processor.py:925} INFO - DAG(s) 'dag_isi_data_mart_testing' retrieved from /opt/airflow/dags/processor.py
[2026-09-17T06:42:27.071+0000] {logging_mixin.py:190} INFO - [2026-09-17T06:42:27.071+0000] {dag.py:3211} INFO - Sync 1 DAGs
[2026-09-17T06:42:27.087+0000] {logging_mixin.py:190} INFO - [2026-09-17T06:42:27.087+0000] {dag.py:4138} INFO - Setting next_dagrun for dag_isi_data_mart_testing to None, run_after=None
[2026-09-17T06:42:27.106+0000] {processor.py:208} INFO - Processing /opt/airflow/dags/processor.py took 0.097 seconds
[2026-09-17T06:42:57.290+0000] {processor.py:186} INFO - Started process (PID=625) to work on /opt/airflow/dags/processor.py
[2026-09-17T06:42:57.292+0000] {processor.py:914} INFO - Processing file /opt/airflow/dags/processor.py for tasks to queue
[2026-09-17T06:42:57.294+0000] {logging_mixin.py:190} INFO - [2026-09-17T06:42:57.294+0000] {dagbag.py:587} INFO - Filling up the DagBag from /opt/airflow/dags/processor.py
[2026-09-17T06:42:57.315+0000] {processor.py:925} INFO - DAG(s) 'dag_isi_data_mart_testing' retrieved from /opt/airflow/dags/processor.py
[2026-09-17T06:42:57.352+0000] {logging_mixin.py:190} INFO - [2026-09-17T06:42:57.352+0000] {dag.py:3211} INFO - Sync 1 DAGs
[2026-09-17T06:42:57.372+0000] {logging_mixin.py:190} INFO - [2026-09-17T06:42:57.371+0000] {dag.py:4138} INFO - Setting next_dagrun for dag_isi_data_mart_testing to None, run_after=None
[2026-09-17T06:42:57.400+0000] {processor.py:208} INFO - Processing /opt/airflow/dags/processor.py took 0.120 seconds
[2026-09-17T06:43:27.568+0000] {processor.py:186} INFO - Started process (PID=633) to work on /opt/airflow/dags/processor.py
[2026-09-17T06:43:27.569+0000] {processor.py:914} INFO - Processing file /opt/airflow/dags/processor.py for tasks to queue
[2026-09-17T06:43:27.572+0000] {logging_mixin.py:190} INFO - [2026-09-17T06:43:27.571+0000] {dagbag.py:587} INFO - Filling up the DagBag from /opt/airflow/dags/processor.py
[2026-09-17T06:43:27.592+0000] {processor.py:925} INFO - DAG(s) 'dag_isi_data_mart_testing' retrieved from /opt/airflow/dags/processor.py
[2026-09-17T06:43:27.632+0000] {logging_mixin.py:190} INFO - [2026-09-17T06:43:27.632+0000] {dag.py:3211} INFO - Sync 1 DAGs
[2026-09-17T06:43:27.651+0000] {logging_mixin.py:190} INFO - [2026-09-17T06:43:27.650+0000] {dag.py:4138} INFO - Setting next_dagrun for dag_isi_data_mart_testing to None, run_after=None
[2026-09-17T06:43:27.672+0000] {processor.py:208} INFO - Processing /opt/airflow/dags/processor.py took 0.110 seconds
[2026-09-17T06:43:57.885+0000] {processor.py:186} INFO - Started process (PID=641) to work on /opt/airflow/dags/processor.py
[2026-09-17T06:43:57.886+0000] {processor.py:914} INFO - Processing file /opt/airflow/dags/processor.py for tasks to queue
[2026-09-17T06:43:57.889+0000] {logging_mixin.py:190} INFO - [2026-09-17T06:43:57.889+0000] {dagbag.py:587} INFO - Filling up the DagBag from /opt/airflow/dags/processor.py
[2026-09-17T06:43:57.913+0000] {processor.py:925} INFO - DAG(s) 'dag_isi_data_mart_testing' retrieved from /opt/airflow/dags/processor.py
[2026-09-17T06:43:57.952+0000] {logging_mixin.py:190} INFO - [2026-09-17T06:43:57.951+0000] {dag.py:3211} INFO - Sync 1 DAGs
[2026-09-17T06:43:57.966+0000] {logging_mixin.py:190} INFO - [2026-09-17T06:43:57.965+0000] {dag.py:4138} INFO - Setting next_dagrun for dag_isi_data_mart_testing to None, run_after=None
[2026-09-17T06:43:57.985+0000] {processor.py:208} INFO - Processing /opt/airflow/dags/processor.py took 0.112 seconds
[2026-09-17T06:44:28.142+0000] {processor.py:186} INFO - Started process (PID=649) to work on /opt/airflow/dags/processor.py
[2026-09-17T06:44:28.143+0000] {processor.py:914} INFO - Processing file /opt/airflow/dags/processor.py for tasks to queue
[2026-09-17T06:44:28.147+0000] {logging_mixin.py:190} INFO - [2026-09-17T06:44:28.146+0000] {dagbag.py:587} INFO - Filling up the DagBag from /opt/airflow/dags/processor.py
[2026-09-17T06:44:28.168+0000] {processor.py:925} INFO - DAG(s) 'dag_isi_data_mart_testing' retrieved from /opt/airflow/dags/processor.py
[2026-09-17T06:44:28.202+0000] {logging_mixin.py:190} INFO - [2026-09-17T06:44:28.202+0000] {dag.py:3211} INFO - Sync 1 DAGs
[2026-09-17T06:44:28.217+0000] {logging_mixin.py:190} INFO - [2026-09-17T06:44:28.217+0000] {dag.py:4138} INFO - Setting next_dagrun for dag_isi_data_mart_testing to None, run_after=None
[2026-09-17T06:44:28.237+0000] {processor.py:208} INFO - Processing /opt/airflow/dags/processor.py took 0.103 seconds
[2026-09-17T06:44:58.447+0000] {processor.py:186} INFO - Started process (PID=657) to work on /opt/airflow/dags/processor.py
[2026-09-17T06:44:58.448+0000] {processor.py:914} INFO - Processing file /opt/airflow/dags/processor.py for tasks to queue
[2026-09-17T06:44:58.450+0000] {logging_mixin.py:190} INFO - [2026-09-17T06:44:58.450+0000] {dagbag.py:587} INFO - Filling up the DagBag from /opt/airflow/dags/processor.py
[2026-09-17T06:44:58.467+0000] {processor.py:925} INFO - DAG(s) 'dag_isi_data_mart_testing' retrieved from /opt/airflow/dags/processor.py
[2026-09-17T06:44:58.501+0000] {logging_mixin.py:190} INFO - [2026-09-17T06:44:58.501+0000] {dag.py:3211} INFO - Sync 1 DAGs
[2026-09-17T06:44:58.518+0000] {logging_mixin.py:190} INFO - [2026-09-17T06:44:58.518+0000] {dag.py:4138} INFO - Setting next_dagrun for dag_isi_data_mart_testing to None, run_after=None
[2026-09-17T06:44:58.538+0000] {processor.py:208} INFO - Processing /opt/airflow/dags/processor.py took 0.097 seconds
[2026-09-17T06:45:28.836+0000] {processor.py:186} INFO - Started process (PID=665) to work on /opt/airflow/dags/processor.py
[2026-09-17T06:45:28.838+0000] {processor.py:914} INFO - Processing file /opt/airflow/dags/processor.py for tasks to queue
[2026-09-17T06:45:28.841+0000] {logging_mixin.py:190} INFO - [2026-09-17T06:45:28.841+0000] {dagbag.py:587} INFO - Filling up the DagBag from /opt/airflow/dags/processor.py
[2026-09-17T06:45:28.865+0000] {processor.py:925} INFO - DAG(s) 'dag_isi_data_mart_testing' retrieved from /opt/airflow/dags/processor.py
[2026-09-17T06:45:28.942+0000] {logging_mixin.py:190} INFO - [2026-09-17T06:45:28.941+0000] {dag.py:3211} INFO - Sync 1 DAGs
[2026-09-17T06:45:28.972+0000] {logging_mixin.py:190} INFO - [2026-09-17T06:45:28.972+0000] {dag.py:4138} INFO - Setting next_dagrun for dag_isi_data_mart_testing to None, run_after=None
[2026-09-17T06:45:28.997+0000] {processor.py:208} INFO - Processing /opt/airflow/dags/processor.py took 0.200 seconds
[2026-09-17T06:45:59.286+0000] {processor.py:186} INFO - Started process (PID=674) to work on /opt/airflow/dags/processor.py
[2026-09-17T06:45:59.289+0000] {processor.py:914} INFO - Processing file /opt/airflow/dags/processor.py for tasks to queue
[2026-09-17T06:45:59.293+0000] {logging_mixin.py:190} INFO - [2026-09-17T06:45:59.292+0000] {dagbag.py:587} INFO - Filling up the DagBag from /opt/airflow/dags/processor.py
[2026-09-17T06:45:59.313+0000] {processor.py:925} INFO - DAG(s) 'dag_isi_data_mart_testing' retrieved from /opt/airflow/dags/processor.py
[2026-09-17T06:45:59.356+0000] {logging_mixin.py:190} INFO - [2026-09-17T06:45:59.355+0000] {dag.py:3211} INFO - Sync 1 DAGs
[2026-09-17T06:45:59.377+0000] {logging_mixin.py:190} INFO - [2026-09-17T06:45:59.376+0000] {dag.py:4138} INFO - Setting next_dagrun for dag_isi_data_mart_testing to None, run_after=None
[2026-09-17T06:45:59.405+0000] {processor.py:208} INFO - Processing /opt/airflow/dags/processor.py took 0.128 seconds
[2026-09-17T06:46:29.530+0000] {processor.py:186} INFO - Started process (PID=682) to work on /opt/airflow/dags/processor.py
[2026-09-17T06:46:29.532+0000] {processor.py:914} INFO - Processing file /opt/airflow/dags/processor.py for tasks to queue
[2026-09-17T06:46:29.535+0000] {logging_mixin.py:190} INFO - [2026-09-17T06:46:29.535+0000] {dagbag.py:587} INFO - Filling up the DagBag from /opt/airflow/dags/processor.py
[2026-09-17T06:46:29.553+0000] {processor.py:925} INFO - DAG(s) 'dag_isi_data_mart_testing' retrieved from /opt/airflow/dags/processor.py
[2026-09-17T06:46:29.592+0000] {logging_mixin.py:190} INFO - [2026-09-17T06:46:29.592+0000] {dag.py:3211} INFO - Sync 1 DAGs
[2026-09-17T06:46:29.611+0000] {logging_mixin.py:190} INFO - [2026-09-17T06:46:29.611+0000] {dag.py:4138} INFO - Setting next_dagrun for dag_isi_data_mart_testing to None, run_after=None
[2026-09-17T06:46:29.633+0000] {processor.py:208} INFO - Processing /opt/airflow/dags/processor.py took 0.111 seconds
[2026-09-17T06:46:59.902+0000] {processor.py:186} INFO - Started process (PID=690) to work on /opt/airflow/dags/processor.py
[2026-09-17T06:46:59.903+0000] {processor.py:914} INFO - Processing file /opt/airflow/dags/processor.py for tasks to queue
[2026-09-17T06:46:59.906+0000] {logging_mixin.py:190} INFO - [2026-09-17T06:46:59.905+0000] {dagbag.py:587} INFO - Filling up the DagBag from /opt/airflow/dags/processor.py
[2026-09-17T06:46:59.923+0000] {processor.py:925} INFO - DAG(s) 'dag_isi_data_mart_testing' retrieved from /opt/airflow/dags/processor.py
[2026-09-17T06:46:59.959+0000] {logging_mixin.py:190} INFO - [2026-09-17T06:46:59.958+0000] {dag.py:3211} INFO - Sync 1 DAGs
[2026-09-17T06:46:59.982+0000] {logging_mixin.py:190} INFO - [2026-09-17T06:46:59.981+0000] {dag.py:4138} INFO - Setting next_dagrun for dag_isi_data_mart_testing to None, run_after=None
[2026-09-17T06:46:59.998+0000] {processor.py:208} INFO - Processing /opt/airflow/dags/processor.py took 0.105 seconds
[2026-09-17T06:47:30.262+0000] {processor.py:186} INFO - Started process (PID=698) to work on /opt/airflow/dags/processor.py
[2026-09-17T06:47:30.263+0000] {processor.py:914} INFO - Processing file /opt/airflow/dags/processor.py for tasks to queue
[2026-09-17T06:47:30.266+0000] {logging_mixin.py:190} INFO - [2026-09-17T06:47:30.266+0000] {dagbag.py:587} INFO - Filling up the DagBag from /opt/airflow/dags/processor.py
[2026-09-17T06:47:30.285+0000] {processor.py:925} INFO - DAG(s) 'dag_isi_data_mart_testing' retrieved from /opt/airflow/dags/processor.py
[2026-09-17T06:47:30.321+0000] {logging_mixin.py:190} INFO - [2026-09-17T06:47:30.320+0000] {dag.py:3211} INFO - Sync 1 DAGs
[2026-09-17T06:47:30.337+0000] {logging_mixin.py:190} INFO - [2026-09-17T06:47:30.336+0000] {dag.py:4138} INFO - Setting next_dagrun for dag_isi_data_mart_testing to None, run_after=None
[2026-09-17T06:47:30.357+0000] {processor.py:208} INFO - Processing /opt/airflow/dags/processor.py took 0.102 seconds
[2026-09-17T06:48:00.523+0000] {processor.py:186} INFO - Started process (PID=706) to work on /opt/airflow/dags/processor.py
[2026-09-17T06:48:00.524+0000] {processor.py:914} INFO - Processing file /opt/airflow/dags/processor.py for tasks to queue
[2026-09-17T06:48:00.527+0000] {logging_mixin.py:190} INFO - [2026-09-17T06:48:00.527+0000] {dagbag.py:587} INFO - Filling up the DagBag from /opt/airflow/dags/processor.py
[2026-09-17T06:48:00.546+0000] {processor.py:925} INFO - DAG(s) 'dag_isi_data_mart_testing' retrieved from /opt/airflow/dags/processor.py
[2026-09-17T06:48:00.586+0000] {logging_mixin.py:190} INFO - [2026-09-17T06:48:00.585+0000] {dag.py:3211} INFO - Sync 1 DAGs
[2026-09-17T06:48:00.605+0000] {logging_mixin.py:190} INFO - [2026-09-17T06:48:00.605+0000] {dag.py:4138} INFO - Setting next_dagrun for dag_isi_data_mart_testing to None, run_after=None
[2026-09-17T06:48:00.627+0000] {processor.py:208} INFO - Processing /opt/airflow/dags/processor.py took 0.113 seconds
[2026-09-17T06:48:30.885+0000] {processor.py:186} INFO - Started process (PID=714) to work on /opt/airflow/dags/processor.py
[2026-09-17T06:48:30.887+0000] {processor.py:914} INFO - Processing file /opt/airflow/dags/processor.py for tasks to queue
[2026-09-17T06:48:30.890+0000] {logging_mixin.py:190} INFO - [2026-09-17T06:48:30.890+0000] {dagbag.py:587} INFO - Filling up the DagBag from /opt/airflow/dags/processor.py
[2026-09-17T06:48:30.910+0000] {processor.py:925} INFO - DAG(s) 'dag_isi_data_mart_testing' retrieved from /opt/airflow/dags/processor.py
[2026-09-17T06:48:30.945+0000] {logging_mixin.py:190} INFO - [2026-09-17T06:48:30.945+0000] {dag.py:3211} INFO - Sync 1 DAGs
[2026-09-17T06:48:30.962+0000] {logging_mixin.py:190} INFO - [2026-09-17T06:48:30.962+0000] {dag.py:4138} INFO - Setting next_dagrun for dag_isi_data_mart_testing to None, run_after=None
[2026-09-17T06:48:30.985+0000] {processor.py:208} INFO - Processing /opt/airflow/dags/processor.py took 0.108 seconds
[2026-09-17T06:49:01.241+0000] {processor.py:186} INFO - Started process (PID=722) to work on /opt/airflow/dags/processor.py
[2026-09-17T06:49:01.243+0000] {processor.py:914} INFO - Processing file /opt/airflow/dags/processor.py for tasks to queue
[2026-09-17T06:49:01.246+0000] {logging_mixin.py:190} INFO - [2026-09-17T06:49:01.246+0000] {dagbag.py:587} INFO - Filling up the DagBag from /opt/airflow/dags/processor.py
[2026-09-17T06:49:01.264+0000] {processor.py:925} INFO - DAG(s) 'dag_isi_data_mart_testing' retrieved from /opt/airflow/dags/processor.py
[2026-09-17T06:49:01.306+0000] {logging_mixin.py:190} INFO - [2026-09-17T06:49:01.306+0000] {dag.py:3211} INFO - Sync 1 DAGs
[2026-09-17T06:49:01.326+0000] {logging_mixin.py:190} INFO - [2026-09-17T06:49:01.326+0000] {dag.py:4138} INFO - Setting next_dagrun for dag_isi_data_mart_testing to None, run_after=None
[2026-09-17T06:49:01.350+0000] {processor.py:208} INFO - Processing /opt/airflow/dags/processor.py took 0.117 seconds
[2026-09-17T06:49:31.485+0000] {processor.py:186} INFO - Started process (PID=730) to work on /opt/airflow/dags/processor.py
[2026-09-17T06:49:31.486+0000] {processor.py:914} INFO - Processing file /opt/airflow/dags/processor.py for tasks to queue
[2026-09-17T06:49:31.490+0000] {logging_mixin.py:190} INFO - [2026-09-17T06:49:31.489+0000] {dagbag.py:587} INFO - Filling up the DagBag from /opt/airflow/dags/processor.py
[2026-09-17T06:49:31.505+0000] {processor.py:925} INFO - DAG(s) 'dag_isi_data_mart_testing' retrieved from /opt/airflow/dags/processor.py
[2026-09-17T06:49:31.538+0000] {logging_mixin.py:190} INFO - [2026-09-17T06:49:31.537+0000] {dag.py:3211} INFO - Sync 1 DAGs
[2026-09-17T06:49:31.554+0000] {logging_mixin.py:190} INFO - [2026-09-17T06:49:31.554+0000] {dag.py:4138} INFO - Setting next_dagrun for dag_isi_data_mart_testing to None, run_after=None
[2026-09-17T06:49:31.575+0000] {processor.py:208} INFO - Processing /opt/airflow/dags/processor.py took 0.096 seconds
[2026-09-17T06:50:01.833+0000] {processor.py:186} INFO - Started process (PID=738) to work on /opt/airflow/dags/processor.py
[2026-09-17T06:50:01.835+0000] {processor.py:914} INFO - Processing file /opt/airflow/dags/processor.py for tasks to queue
[2026-09-17T06:50:01.843+0000] {logging_mixin.py:190} INFO - [2026-09-17T06:50:01.842+0000] {dagbag.py:587} INFO - Filling up the DagBag from /opt/airflow/dags/processor.py
[2026-09-17T06:50:01.871+0000] {processor.py:925} INFO - DAG(s) 'dag_isi_data_mart_testing' retrieved from /opt/airflow/dags/processor.py
[2026-09-17T06:50:01.915+0000] {logging_mixin.py:190} INFO - [2026-09-17T06:50:01.914+0000] {dag.py:3211} INFO - Sync 1 DAGs
[2026-09-17T06:50:01.930+0000] {logging_mixin.py:190} INFO - [2026-09-17T06:50:01.929+0000] {dag.py:4138} INFO - Setting next_dagrun for dag_isi_data_mart_testing to None, run_after=None
[2026-09-17T06:50:01.949+0000] {processor.py:208} INFO - Processing /opt/airflow/dags/processor.py took 0.131 seconds
[2026-09-17T06:50:32.109+0000] {processor.py:186} INFO - Started process (PID=746) to work on /opt/airflow/dags/processor.py
[2026-09-17T06:50:32.111+0000] {processor.py:914} INFO - Processing file /opt/airflow/dags/processor.py for tasks to queue
[2026-09-17T06:50:32.115+0000] {logging_mixin.py:190} INFO - [2026-09-17T06:50:32.114+0000] {dagbag.py:587} INFO - Filling up the DagBag from /opt/airflow/dags/processor.py
[2026-09-17T06:50:32.139+0000] {processor.py:925} INFO - DAG(s) 'dag_isi_data_mart_testing' retrieved from /opt/airflow/dags/processor.py
[2026-09-17T06:50:32.180+0000] {logging_mixin.py:190} INFO - [2026-09-17T06:50:32.179+0000] {dag.py:3211} INFO - Sync 1 DAGs
[2026-09-17T06:50:32.200+0000] {logging_mixin.py:190} INFO - [2026-09-17T06:50:32.199+0000] {dag.py:4138} INFO - Setting next_dagrun for dag_isi_data_mart_testing to None, run_after=None
[2026-09-17T06:50:32.223+0000] {processor.py:208} INFO - Processing /opt/airflow/dags/processor.py took 0.123 seconds
[2026-09-17T06:51:02.489+0000] {processor.py:186} INFO - Started process (PID=755) to work on /opt/airflow/dags/processor.py
[2026-09-17T06:51:02.490+0000] {processor.py:914} INFO - Processing file /opt/airflow/dags/processor.py for tasks to queue
[2026-09-17T06:51:02.493+0000] {logging_mixin.py:190} INFO - [2026-09-17T06:51:02.493+0000] {dagbag.py:587} INFO - Filling up the DagBag from /opt/airflow/dags/processor.py
[2026-09-17T06:51:02.517+0000] {processor.py:925} INFO - DAG(s) 'dag_isi_data_mart_testing' retrieved from /opt/airflow/dags/processor.py
[2026-09-17T06:51:02.550+0000] {logging_mixin.py:190} INFO - [2026-09-17T06:51:02.550+0000] {dag.py:3211} INFO - Sync 1 DAGs
[2026-09-17T06:51:02.567+0000] {logging_mixin.py:190} INFO - [2026-09-17T06:51:02.566+0000] {dag.py:4138} INFO - Setting next_dagrun for dag_isi_data_mart_testing to None, run_after=None
[2026-09-17T06:51:02.586+0000] {processor.py:208} INFO - Processing /opt/airflow/dags/processor.py took 0.105 seconds
[2026-09-17T06:51:32.860+0000] {processor.py:186} INFO - Started process (PID=763) to work on /opt/airflow/dags/processor.py
[2026-09-17T06:51:32.861+0000] {processor.py:914} INFO - Processing file /opt/airflow/dags/processor.py for tasks to queue
[2026-09-17T06:51:32.863+0000] {logging_mixin.py:190} INFO - [2026-09-17T06:51:32.863+0000] {dagbag.py:587} INFO - Filling up the DagBag from /opt/airflow/dags/processor.py
[2026-09-17T06:51:32.880+0000] {processor.py:925} INFO - DAG(s) 'dag_isi_data_mart_testing' retrieved from /opt/airflow/dags/processor.py
[2026-09-17T06:51:32.957+0000] {logging_mixin.py:190} INFO - [2026-09-17T06:51:32.957+0000] {dag.py:3211} INFO - Sync 1 DAGs
[2026-09-17T06:51:33.005+0000] {logging_mixin.py:190} INFO - [2026-09-17T06:51:33.005+0000] {dag.py:4138} INFO - Setting next_dagrun for dag_isi_data_mart_testing to None, run_after=None
[2026-09-17T06:51:33.047+0000] {processor.py:208} INFO - Processing /opt/airflow/dags/processor.py took 0.195 seconds
[2026-09-17T06:52:03.355+0000] {processor.py:186} INFO - Started process (PID=772) to work on /opt/airflow/dags/processor.py
[2026-09-17T06:52:03.356+0000] {processor.py:914} INFO - Processing file /opt/airflow/dags/processor.py for tasks to queue
[2026-09-17T06:52:03.361+0000] {logging_mixin.py:190} INFO - [2026-09-17T06:52:03.360+0000] {dagbag.py:587} INFO - Filling up the DagBag from /opt/airflow/dags/processor.py
[2026-09-17T06:52:03.388+0000] {processor.py:925} INFO - DAG(s) 'dag_isi_data_mart_testing' retrieved from /opt/airflow/dags/processor.py
[2026-09-17T06:52:03.445+0000] {logging_mixin.py:190} INFO - [2026-09-17T06:52:03.444+0000] {dag.py:3211} INFO - Sync 1 DAGs
[2026-09-17T06:52:03.482+0000] {logging_mixin.py:190} INFO - [2026-09-17T06:52:03.481+0000] {dag.py:4138} INFO - Setting next_dagrun for dag_isi_data_mart_testing to None, run_after=None
[2026-09-17T06:52:03.514+0000] {processor.py:208} INFO - Processing /opt/airflow/dags/processor.py took 0.171 seconds
[2026-09-17T06:52:33.834+0000] {processor.py:186} INFO - Started process (PID=781) to work on /opt/airflow/dags/processor.py
[2026-09-17T06:52:33.837+0000] {processor.py:914} INFO - Processing file /opt/airflow/dags/processor.py for tasks to queue
[2026-09-17T06:52:33.849+0000] {logging_mixin.py:190} INFO - [2026-09-17T06:52:33.848+0000] {dagbag.py:587} INFO - Filling up the DagBag from /opt/airflow/dags/processor.py
[2026-09-17T06:52:33.929+0000] {processor.py:925} INFO - DAG(s) 'dag_isi_data_mart_testing' retrieved from /opt/airflow/dags/processor.py
[2026-09-17T06:52:34.022+0000] {logging_mixin.py:190} INFO - [2026-09-17T06:52:34.022+0000] {dag.py:3211} INFO - Sync 1 DAGs
[2026-09-17T06:52:34.066+0000] {logging_mixin.py:190} INFO - [2026-09-17T06:52:34.065+0000] {dag.py:4138} INFO - Setting next_dagrun for dag_isi_data_mart_testing to None, run_after=None
[2026-09-17T06:52:34.102+0000] {processor.py:208} INFO - Processing /opt/airflow/dags/processor.py took 0.292 seconds
[2026-09-17T06:53:04.205+0000] {processor.py:186} INFO - Started process (PID=791) to work on /opt/airflow/dags/processor.py
[2026-09-17T06:53:04.206+0000] {processor.py:914} INFO - Processing file /opt/airflow/dags/processor.py for tasks to queue
[2026-09-17T06:53:04.208+0000] {logging_mixin.py:190} INFO - [2026-09-17T06:53:04.208+0000] {dagbag.py:587} INFO - Filling up the DagBag from /opt/airflow/dags/processor.py
[2026-09-17T06:53:04.224+0000] {processor.py:925} INFO - DAG(s) 'dag_isi_data_mart_testing' retrieved from /opt/airflow/dags/processor.py
[2026-09-17T06:53:04.259+0000] {logging_mixin.py:190} INFO - [2026-09-17T06:53:04.258+0000] {dag.py:3211} INFO - Sync 1 DAGs
[2026-09-17T06:53:04.275+0000] {logging_mixin.py:190} INFO - [2026-09-17T06:53:04.274+0000] {dag.py:4138} INFO - Setting next_dagrun for dag_isi_data_mart_testing to None, run_after=None
[2026-09-17T06:53:04.295+0000] {processor.py:208} INFO - Processing /opt/airflow/dags/processor.py took 0.097 seconds
[2026-09-17T06:53:34.567+0000] {processor.py:186} INFO - Started process (PID=800) to work on /opt/airflow/dags/processor.py
[2026-09-17T06:53:34.569+0000] {processor.py:914} INFO - Processing file /opt/airflow/dags/processor.py for tasks to queue
[2026-09-17T06:53:34.573+0000] {logging_mixin.py:190} INFO - [2026-09-17T06:53:34.572+0000] {dagbag.py:587} INFO - Filling up the DagBag from /opt/airflow/dags/processor.py
[2026-09-17T06:53:34.593+0000] {processor.py:925} INFO - DAG(s) 'dag_isi_data_mart_testing' retrieved from /opt/airflow/dags/processor.py
[2026-09-17T06:53:34.630+0000] {logging_mixin.py:190} INFO - [2026-09-17T06:53:34.629+0000] {dag.py:3211} INFO - Sync 1 DAGs
[2026-09-17T06:53:34.649+0000] {logging_mixin.py:190} INFO - [2026-09-17T06:53:34.649+0000] {dag.py:4138} INFO - Setting next_dagrun for dag_isi_data_mart_testing to None, run_after=None
[2026-09-17T06:53:34.673+0000] {processor.py:208} INFO - Processing /opt/airflow/dags/processor.py took 0.115 seconds
[2026-09-17T06:54:04.949+0000] {processor.py:186} INFO - Started process (PID=809) to work on /opt/airflow/dags/processor.py
[2026-09-17T06:54:04.951+0000] {processor.py:914} INFO - Processing file /opt/airflow/dags/processor.py for tasks to queue
[2026-09-17T06:54:04.955+0000] {logging_mixin.py:190} INFO - [2026-09-17T06:54:04.955+0000] {dagbag.py:587} INFO - Filling up the DagBag from /opt/airflow/dags/processor.py
[2026-09-17T06:54:04.972+0000] {processor.py:925} INFO - DAG(s) 'dag_isi_data_mart_testing' retrieved from /opt/airflow/dags/processor.py
[2026-09-17T06:54:05.013+0000] {logging_mixin.py:190} INFO - [2026-09-17T06:54:05.013+0000] {dag.py:3211} INFO - Sync 1 DAGs
[2026-09-17T06:54:05.034+0000] {logging_mixin.py:190} INFO - [2026-09-17T06:54:05.033+0000] {dag.py:4138} INFO - Setting next_dagrun for dag_isi_data_mart_testing to None, run_after=None
[2026-09-17T06:54:05.058+0000] {processor.py:208} INFO - Processing /opt/airflow/dags/processor.py took 0.118 seconds
[2026-09-17T06:54:35.329+0000] {processor.py:186} INFO - Started process (PID=818) to work on /opt/airflow/dags/processor.py
[2026-09-17T06:54:35.332+0000] {processor.py:914} INFO - Processing file /opt/airflow/dags/processor.py for tasks to queue
[2026-09-17T06:54:35.335+0000] {logging_mixin.py:190} INFO - [2026-09-17T06:54:35.335+0000] {dagbag.py:587} INFO - Filling up the DagBag from /opt/airflow/dags/processor.py
[2026-09-17T06:54:35.358+0000] {processor.py:925} INFO - DAG(s) 'dag_isi_data_mart_testing' retrieved from /opt/airflow/dags/processor.py
[2026-09-17T06:54:35.427+0000] {logging_mixin.py:190} INFO - [2026-09-17T06:54:35.427+0000] {dag.py:3211} INFO - Sync 1 DAGs
[2026-09-17T06:54:35.484+0000] {logging_mixin.py:190} INFO - [2026-09-17T06:54:35.484+0000] {dag.py:4138} INFO - Setting next_dagrun for dag_isi_data_mart_testing to None, run_after=None
[2026-09-17T06:54:35.530+0000] {processor.py:208} INFO - Processing /opt/airflow/dags/processor.py took 0.207 seconds
[2026-09-17T06:55:05.619+0000] {processor.py:186} INFO - Started process (PID=827) to work on /opt/airflow/dags/processor.py
[2026-09-17T06:55:05.620+0000] {processor.py:914} INFO - Processing file /opt/airflow/dags/processor.py for tasks to queue
[2026-09-17T06:55:05.625+0000] {logging_mixin.py:190} INFO - [2026-09-17T06:55:05.625+0000] {dagbag.py:587} INFO - Filling up the DagBag from /opt/airflow/dags/processor.py
[2026-09-17T06:55:05.648+0000] {processor.py:925} INFO - DAG(s) 'dag_isi_data_mart_testing' retrieved from /opt/airflow/dags/processor.py
[2026-09-17T06:55:05.719+0000] {logging_mixin.py:190} INFO - [2026-09-17T06:55:05.718+0000] {dag.py:3211} INFO - Sync 1 DAGs
[2026-09-17T06:55:05.770+0000] {logging_mixin.py:190} INFO - [2026-09-17T06:55:05.769+0000] {dag.py:4138} INFO - Setting next_dagrun for dag_isi_data_mart_testing to None, run_after=None
[2026-09-17T06:55:05.809+0000] {processor.py:208} INFO - Processing /opt/airflow/dags/processor.py took 0.198 seconds
[2026-09-17T06:55:36.118+0000] {processor.py:186} INFO - Started process (PID=836) to work on /opt/airflow/dags/processor.py
[2026-09-17T06:55:36.119+0000] {processor.py:914} INFO - Processing file /opt/airflow/dags/processor.py for tasks to queue
[2026-09-17T06:55:36.122+0000] {logging_mixin.py:190} INFO - [2026-09-17T06:55:36.122+0000] {dagbag.py:587} INFO - Filling up the DagBag from /opt/airflow/dags/processor.py
[2026-09-17T06:55:36.141+0000] {processor.py:925} INFO - DAG(s) 'dag_isi_data_mart_testing' retrieved from /opt/airflow/dags/processor.py
[2026-09-17T06:55:36.177+0000] {logging_mixin.py:190} INFO - [2026-09-17T06:55:36.177+0000] {dag.py:3211} INFO - Sync 1 DAGs
[2026-09-17T06:55:36.195+0000] {logging_mixin.py:190} INFO - [2026-09-17T06:55:36.194+0000] {dag.py:4138} INFO - Setting next_dagrun for dag_isi_data_mart_testing to None, run_after=None
[2026-09-17T06:55:36.216+0000] {processor.py:208} INFO - Processing /opt/airflow/dags/processor.py took 0.106 seconds
[2026-09-17T06:56:06.504+0000] {processor.py:186} INFO - Started process (PID=845) to work on /opt/airflow/dags/processor.py
[2026-09-17T06:56:06.505+0000] {processor.py:914} INFO - Processing file /opt/airflow/dags/processor.py for tasks to queue
[2026-09-17T06:56:06.507+0000] {logging_mixin.py:190} INFO - [2026-09-17T06:56:06.507+0000] {dagbag.py:587} INFO - Filling up the DagBag from /opt/airflow/dags/processor.py
[2026-09-17T06:56:06.523+0000] {processor.py:925} INFO - DAG(s) 'dag_isi_data_mart_testing' retrieved from /opt/airflow/dags/processor.py
[2026-09-17T06:56:06.559+0000] {logging_mixin.py:190} INFO - [2026-09-17T06:56:06.558+0000] {dag.py:3211} INFO - Sync 1 DAGs
[2026-09-17T06:56:06.576+0000] {logging_mixin.py:190} INFO - [2026-09-17T06:56:06.576+0000] {dag.py:4138} INFO - Setting next_dagrun for dag_isi_data_mart_testing to None, run_after=None
[2026-09-17T06:56:06.598+0000] {processor.py:208} INFO - Processing /opt/airflow/dags/processor.py took 0.100 seconds
[2026-09-17T06:56:36.865+0000] {processor.py:186} INFO - Started process (PID=854) to work on /opt/airflow/dags/processor.py
[2026-09-17T06:56:36.865+0000] {processor.py:914} INFO - Processing file /opt/airflow/dags/processor.py for tasks to queue
[2026-09-17T06:56:36.868+0000] {logging_mixin.py:190} INFO - [2026-09-17T06:56:36.867+0000] {dagbag.py:587} INFO - Filling up the DagBag from /opt/airflow/dags/processor.py
[2026-09-17T06:56:36.883+0000] {processor.py:925} INFO - DAG(s) 'dag_isi_data_mart_testing' retrieved from /opt/airflow/dags/processor.py
[2026-09-17T06:56:36.914+0000] {logging_mixin.py:190} INFO - [2026-09-17T06:56:36.914+0000] {dag.py:3211} INFO - Sync 1 DAGs
[2026-09-17T06:56:36.930+0000] {logging_mixin.py:190} INFO - [2026-09-17T06:56:36.930+0000] {dag.py:4138} INFO - Setting next_dagrun for dag_isi_data_mart_testing to None, run_after=None
[2026-09-17T06:56:36.953+0000] {processor.py:208} INFO - Processing /opt/airflow/dags/processor.py took 0.095 seconds
[2026-09-17T06:57:07.240+0000] {processor.py:186} INFO - Started process (PID=863) to work on /opt/airflow/dags/processor.py
[2026-09-17T06:57:07.242+0000] {processor.py:914} INFO - Processing file /opt/airflow/dags/processor.py for tasks to queue
[2026-09-17T06:57:07.247+0000] {logging_mixin.py:190} INFO - [2026-09-17T06:57:07.246+0000] {dagbag.py:587} INFO - Filling up the DagBag from /opt/airflow/dags/processor.py
[2026-09-17T06:57:07.267+0000] {processor.py:925} INFO - DAG(s) 'dag_isi_data_mart_testing' retrieved from /opt/airflow/dags/processor.py
[2026-09-17T06:57:07.314+0000] {logging_mixin.py:190} INFO - [2026-09-17T06:57:07.313+0000] {dag.py:3211} INFO - Sync 1 DAGs
[2026-09-17T06:57:07.338+0000] {logging_mixin.py:190} INFO - [2026-09-17T06:57:07.338+0000] {dag.py:4138} INFO - Setting next_dagrun for dag_isi_data_mart_testing to None, run_after=None
[2026-09-17T06:57:07.362+0000] {processor.py:208} INFO - Processing /opt/airflow/dags/processor.py took 0.131 seconds
[2026-09-17T06:57:37.675+0000] {processor.py:186} INFO - Started process (PID=872) to work on /opt/airflow/dags/processor.py
[2026-09-17T06:57:37.676+0000] {processor.py:914} INFO - Processing file /opt/airflow/dags/processor.py for tasks to queue
[2026-09-17T06:57:37.681+0000] {logging_mixin.py:190} INFO - [2026-09-17T06:57:37.680+0000] {dagbag.py:587} INFO - Filling up the DagBag from /opt/airflow/dags/processor.py
[2026-09-17T06:57:37.696+0000] {processor.py:925} INFO - DAG(s) 'dag_isi_data_mart_testing' retrieved from /opt/airflow/dags/processor.py
[2026-09-17T06:57:37.731+0000] {logging_mixin.py:190} INFO - [2026-09-17T06:57:37.731+0000] {dag.py:3211} INFO - Sync 1 DAGs
[2026-09-17T06:57:37.747+0000] {logging_mixin.py:190} INFO - [2026-09-17T06:57:37.747+0000] {dag.py:4138} INFO - Setting next_dagrun for dag_isi_data_mart_testing to None, run_after=None
[2026-09-17T06:57:37.768+0000] {processor.py:208} INFO - Processing /opt/airflow/dags/processor.py took 0.101 seconds
[2026-09-17T06:58:08.065+0000] {processor.py:186} INFO - Started process (PID=881) to work on /opt/airflow/dags/processor.py
[2026-09-17T06:58:08.067+0000] {processor.py:914} INFO - Processing file /opt/airflow/dags/processor.py for tasks to queue
[2026-09-17T06:58:08.070+0000] {logging_mixin.py:190} INFO - [2026-09-17T06:58:08.070+0000] {dagbag.py:587} INFO - Filling up the DagBag from /opt/airflow/dags/processor.py
[2026-09-17T06:58:08.089+0000] {processor.py:925} INFO - DAG(s) 'dag_isi_data_mart_testing' retrieved from /opt/airflow/dags/processor.py
[2026-09-17T06:58:08.126+0000] {logging_mixin.py:190} INFO - [2026-09-17T06:58:08.126+0000] {dag.py:3211} INFO - Sync 1 DAGs
[2026-09-17T06:58:08.148+0000] {logging_mixin.py:190} INFO - [2026-09-17T06:58:08.148+0000] {dag.py:4138} INFO - Setting next_dagrun for dag_isi_data_mart_testing to None, run_after=None
[2026-09-17T06:58:08.171+0000] {processor.py:208} INFO - Processing /opt/airflow/dags/processor.py took 0.114 seconds
[2026-09-17T06:58:38.434+0000] {processor.py:186} INFO - Started process (PID=890) to work on /opt/airflow/dags/processor.py
[2026-09-17T06:58:38.435+0000] {processor.py:914} INFO - Processing file /opt/airflow/dags/processor.py for tasks to queue
[2026-09-17T06:58:38.437+0000] {logging_mixin.py:190} INFO - [2026-09-17T06:58:38.437+0000] {dagbag.py:587} INFO - Filling up the DagBag from /opt/airflow/dags/processor.py
[2026-09-17T06:58:38.452+0000] {processor.py:925} INFO - DAG(s) 'dag_isi_data_mart_testing' retrieved from /opt/airflow/dags/processor.py
[2026-09-17T06:58:38.483+0000] {logging_mixin.py:190} INFO - [2026-09-17T06:58:38.483+0000] {dag.py:3211} INFO - Sync 1 DAGs
[2026-09-17T06:58:38.499+0000] {logging_mixin.py:190} INFO - [2026-09-17T06:58:38.498+0000] {dag.py:4138} INFO - Setting next_dagrun for dag_isi_data_mart_testing to None, run_after=None
[2026-09-17T06:58:38.518+0000] {processor.py:208} INFO - Processing /opt/airflow/dags/processor.py took 0.091 seconds
[2026-09-17T06:59:08.773+0000] {processor.py:186} INFO - Started process (PID=899) to work on /opt/airflow/dags/processor.py
[2026-09-17T06:59:08.774+0000] {processor.py:914} INFO - Processing file /opt/airflow/dags/processor.py for tasks to queue
[2026-09-17T06:59:08.777+0000] {logging_mixin.py:190} INFO - [2026-09-17T06:59:08.776+0000] {dagbag.py:587} INFO - Filling up the DagBag from /opt/airflow/dags/processor.py
[2026-09-17T06:59:08.792+0000] {processor.py:925} INFO - DAG(s) 'dag_isi_data_mart_testing' retrieved from /opt/airflow/dags/processor.py
[2026-09-17T06:59:08.825+0000] {logging_mixin.py:190} INFO - [2026-09-17T06:59:08.824+0000] {dag.py:3211} INFO - Sync 1 DAGs
[2026-09-17T06:59:08.841+0000] {logging_mixin.py:190} INFO - [2026-09-17T06:59:08.840+0000] {dag.py:4138} INFO - Setting next_dagrun for dag_isi_data_mart_testing to None, run_after=None
[2026-09-17T06:59:08.860+0000] {processor.py:208} INFO - Processing /opt/airflow/dags/processor.py took 0.093 seconds
[2026-09-17T06:59:39.108+0000] {processor.py:186} INFO - Started process (PID=908) to work on /opt/airflow/dags/processor.py
[2026-09-17T06:59:39.109+0000] {processor.py:914} INFO - Processing file /opt/airflow/dags/processor.py for tasks to queue
[2026-09-17T06:59:39.112+0000] {logging_mixin.py:190} INFO - [2026-09-17T06:59:39.111+0000] {dagbag.py:587} INFO - Filling up the DagBag from /opt/airflow/dags/processor.py
[2026-09-17T06:59:39.128+0000] {processor.py:925} INFO - DAG(s) 'dag_isi_data_mart_testing' retrieved from /opt/airflow/dags/processor.py
[2026-09-17T06:59:39.159+0000] {logging_mixin.py:190} INFO - [2026-09-17T06:59:39.158+0000] {dag.py:3211} INFO - Sync 1 DAGs
[2026-09-17T06:59:39.175+0000] {logging_mixin.py:190} INFO - [2026-09-17T06:59:39.174+0000] {dag.py:4138} INFO - Setting next_dagrun for dag_isi_data_mart_testing to None, run_after=None
[2026-09-17T06:59:39.195+0000] {processor.py:208} INFO - Processing /opt/airflow/dags/processor.py took 0.093 seconds
[2026-09-17T07:00:09.557+0000] {processor.py:186} INFO - Started process (PID=917) to work on /opt/airflow/dags/processor.py
[2026-09-17T07:00:09.561+0000] {processor.py:914} INFO - Processing file /opt/airflow/dags/processor.py for tasks to queue
[2026-09-17T07:00:09.577+0000] {logging_mixin.py:190} INFO - [2026-09-17T07:00:09.575+0000] {dagbag.py:587} INFO - Filling up the DagBag from /opt/airflow/dags/processor.py
[2026-09-17T07:00:09.623+0000] {processor.py:925} INFO - DAG(s) 'dag_isi_data_mart_testing' retrieved from /opt/airflow/dags/processor.py
[2026-09-17T07:00:09.775+0000] {logging_mixin.py:190} INFO - [2026-09-17T07:00:09.775+0000] {dag.py:3211} INFO - Sync 1 DAGs
[2026-09-17T07:00:09.838+0000] {logging_mixin.py:190} INFO - [2026-09-17T07:00:09.837+0000] {dag.py:4138} INFO - Setting next_dagrun for dag_isi_data_mart_testing to None, run_after=None
[2026-09-17T07:00:09.879+0000] {processor.py:208} INFO - Processing /opt/airflow/dags/processor.py took 0.363 seconds
[2026-09-17T07:00:40.236+0000] {processor.py:186} INFO - Started process (PID=926) to work on /opt/airflow/dags/processor.py
[2026-09-17T07:00:40.238+0000] {processor.py:914} INFO - Processing file /opt/airflow/dags/processor.py for tasks to queue
[2026-09-17T07:00:40.240+0000] {logging_mixin.py:190} INFO - [2026-09-17T07:00:40.240+0000] {dagbag.py:587} INFO - Filling up the DagBag from /opt/airflow/dags/processor.py
[2026-09-17T07:00:40.257+0000] {processor.py:925} INFO - DAG(s) 'dag_isi_data_mart_testing' retrieved from /opt/airflow/dags/processor.py
[2026-09-17T07:00:40.293+0000] {logging_mixin.py:190} INFO - [2026-09-17T07:00:40.292+0000] {dag.py:3211} INFO - Sync 1 DAGs
[2026-09-17T07:00:40.311+0000] {logging_mixin.py:190} INFO - [2026-09-17T07:00:40.310+0000] {dag.py:4138} INFO - Setting next_dagrun for dag_isi_data_mart_testing to None, run_after=None
[2026-09-17T07:00:40.340+0000] {processor.py:208} INFO - Processing /opt/airflow/dags/processor.py took 0.111 seconds
[2026-09-17T07:01:10.778+0000] {processor.py:186} INFO - Started process (PID=936) to work on /opt/airflow/dags/processor.py
[2026-09-17T07:01:10.779+0000] {processor.py:914} INFO - Processing file /opt/airflow/dags/processor.py for tasks to queue
[2026-09-17T07:01:10.783+0000] {logging_mixin.py:190} INFO - [2026-09-17T07:01:10.782+0000] {dagbag.py:587} INFO - Filling up the DagBag from /opt/airflow/dags/processor.py
[2026-09-17T07:01:10.798+0000] {processor.py:925} INFO - DAG(s) 'dag_isi_data_mart_testing' retrieved from /opt/airflow/dags/processor.py
[2026-09-17T07:01:10.832+0000] {logging_mixin.py:190} INFO - [2026-09-17T07:01:10.832+0000] {dag.py:3211} INFO - Sync 1 DAGs
[2026-09-17T07:01:10.849+0000] {logging_mixin.py:190} INFO - [2026-09-17T07:01:10.849+0000] {dag.py:4138} INFO - Setting next_dagrun for dag_isi_data_mart_testing to None, run_after=None
[2026-09-17T07:01:10.871+0000] {processor.py:208} INFO - Processing /opt/airflow/dags/processor.py took 0.101 seconds
[2026-09-17T07:01:41.168+0000] {processor.py:186} INFO - Started process (PID=945) to work on /opt/airflow/dags/processor.py
[2026-09-17T07:01:41.170+0000] {processor.py:914} INFO - Processing file /opt/airflow/dags/processor.py for tasks to queue
[2026-09-17T07:01:41.174+0000] {logging_mixin.py:190} INFO - [2026-09-17T07:01:41.173+0000] {dagbag.py:587} INFO - Filling up the DagBag from /opt/airflow/dags/processor.py
[2026-09-17T07:01:41.193+0000] {processor.py:925} INFO - DAG(s) 'dag_isi_data_mart_testing' retrieved from /opt/airflow/dags/processor.py
[2026-09-17T07:01:41.225+0000] {logging_mixin.py:190} INFO - [2026-09-17T07:01:41.225+0000] {dag.py:3211} INFO - Sync 1 DAGs
[2026-09-17T07:01:41.250+0000] {logging_mixin.py:190} INFO - [2026-09-17T07:01:41.249+0000] {dag.py:4138} INFO - Setting next_dagrun for dag_isi_data_mart_testing to None, run_after=None
[2026-09-17T07:01:41.280+0000] {processor.py:208} INFO - Processing /opt/airflow/dags/processor.py took 0.118 seconds
[2026-09-17T07:02:11.433+0000] {processor.py:186} INFO - Started process (PID=953) to work on /opt/airflow/dags/processor.py
[2026-09-17T07:02:11.434+0000] {processor.py:914} INFO - Processing file /opt/airflow/dags/processor.py for tasks to queue
[2026-09-17T07:02:11.435+0000] {logging_mixin.py:190} INFO - [2026-09-17T07:02:11.435+0000] {dagbag.py:587} INFO - Filling up the DagBag from /opt/airflow/dags/processor.py
[2026-09-17T07:02:11.456+0000] {processor.py:925} INFO - DAG(s) 'dag_isi_data_mart_testing' retrieved from /opt/airflow/dags/processor.py
[2026-09-17T07:02:11.502+0000] {logging_mixin.py:190} INFO - [2026-09-17T07:02:11.502+0000] {dag.py:3211} INFO - Sync 1 DAGs
[2026-09-17T07:02:11.559+0000] {logging_mixin.py:190} INFO - [2026-09-17T07:02:11.558+0000] {dag.py:4138} INFO - Setting next_dagrun for dag_isi_data_mart_testing to None, run_after=None
[2026-09-17T07:02:11.593+0000] {processor.py:208} INFO - Processing /opt/airflow/dags/processor.py took 0.167 seconds
[2026-09-17T07:02:41.866+0000] {processor.py:186} INFO - Started process (PID=962) to work on /opt/airflow/dags/processor.py
[2026-09-17T07:02:41.867+0000] {processor.py:914} INFO - Processing file /opt/airflow/dags/processor.py for tasks to queue
[2026-09-17T07:02:41.869+0000] {logging_mixin.py:190} INFO - [2026-09-17T07:02:41.868+0000] {dagbag.py:587} INFO - Filling up the DagBag from /opt/airflow/dags/processor.py
[2026-09-17T07:02:41.886+0000] {processor.py:925} INFO - DAG(s) 'dag_isi_data_mart_testing' retrieved from /opt/airflow/dags/processor.py
[2026-09-17T07:02:41.919+0000] {logging_mixin.py:190} INFO - [2026-09-17T07:02:41.919+0000] {dag.py:3211} INFO - Sync 1 DAGs
[2026-09-17T07:02:41.934+0000] {logging_mixin.py:190} INFO - [2026-09-17T07:02:41.934+0000] {dag.py:4138} INFO - Setting next_dagrun for dag_isi_data_mart_testing to None, run_after=None
[2026-09-17T07:02:41.955+0000] {processor.py:208} INFO - Processing /opt/airflow/dags/processor.py took 0.096 seconds
[2026-09-17T07:03:12.229+0000] {processor.py:186} INFO - Started process (PID=970) to work on /opt/airflow/dags/processor.py
[2026-09-17T07:03:12.230+0000] {processor.py:914} INFO - Processing file /opt/airflow/dags/processor.py for tasks to queue
[2026-09-17T07:03:12.231+0000] {logging_mixin.py:190} INFO - [2026-09-17T07:03:12.231+0000] {dagbag.py:587} INFO - Filling up the DagBag from /opt/airflow/dags/processor.py
[2026-09-17T07:03:12.250+0000] {processor.py:925} INFO - DAG(s) 'dag_isi_data_mart_testing' retrieved from /opt/airflow/dags/processor.py
[2026-09-17T07:03:12.289+0000] {logging_mixin.py:190} INFO - [2026-09-17T07:03:12.288+0000] {dag.py:3211} INFO - Sync 1 DAGs
[2026-09-17T07:03:12.312+0000] {logging_mixin.py:190} INFO - [2026-09-17T07:03:12.311+0000] {dag.py:4138} INFO - Setting next_dagrun for dag_isi_data_mart_testing to None, run_after=None
[2026-09-17T07:03:12.338+0000] {processor.py:208} INFO - Processing /opt/airflow/dags/processor.py took 0.116 seconds
[2026-09-17T07:03:42.635+0000] {processor.py:186} INFO - Started process (PID=979) to work on /opt/airflow/dags/processor.py
[2026-09-17T07:03:42.636+0000] {processor.py:914} INFO - Processing file /opt/airflow/dags/processor.py for tasks to queue
[2026-09-17T07:03:42.637+0000] {logging_mixin.py:190} INFO - [2026-09-17T07:03:42.637+0000] {dagbag.py:587} INFO - Filling up the DagBag from /opt/airflow/dags/processor.py
[2026-09-17T07:03:42.656+0000] {processor.py:925} INFO - DAG(s) 'dag_isi_data_mart_testing' retrieved from /opt/airflow/dags/processor.py
[2026-09-17T07:03:42.710+0000] {logging_mixin.py:190} INFO - [2026-09-17T07:03:42.710+0000] {dag.py:3211} INFO - Sync 1 DAGs
[2026-09-17T07:03:42.727+0000] {logging_mixin.py:190} INFO - [2026-09-17T07:03:42.727+0000] {dag.py:4138} INFO - Setting next_dagrun for dag_isi_data_mart_testing to None, run_after=None
[2026-09-17T07:03:42.749+0000] {processor.py:208} INFO - Processing /opt/airflow/dags/processor.py took 0.123 seconds
[2026-09-17T07:04:13.016+0000] {processor.py:186} INFO - Started process (PID=988) to work on /opt/airflow/dags/processor.py
[2026-09-17T07:04:13.017+0000] {processor.py:914} INFO - Processing file /opt/airflow/dags/processor.py for tasks to queue
[2026-09-17T07:04:13.018+0000] {logging_mixin.py:190} INFO - [2026-09-17T07:04:13.017+0000] {dagbag.py:587} INFO - Filling up the DagBag from /opt/airflow/dags/processor.py
[2026-09-17T07:04:13.035+0000] {processor.py:925} INFO - DAG(s) 'dag_isi_data_mart_testing' retrieved from /opt/airflow/dags/processor.py
[2026-09-17T07:04:13.072+0000] {logging_mixin.py:190} INFO - [2026-09-17T07:04:13.071+0000] {dag.py:3211} INFO - Sync 1 DAGs
[2026-09-17T07:04:13.088+0000] {logging_mixin.py:190} INFO - [2026-09-17T07:04:13.088+0000] {dag.py:4138} INFO - Setting next_dagrun for dag_isi_data_mart_testing to None, run_after=None
[2026-09-17T07:04:13.113+0000] {processor.py:208} INFO - Processing /opt/airflow/dags/processor.py took 0.106 seconds
[2026-09-17T07:04:43.394+0000] {processor.py:186} INFO - Started process (PID=997) to work on /opt/airflow/dags/processor.py
[2026-09-17T07:04:43.395+0000] {processor.py:914} INFO - Processing file /opt/airflow/dags/processor.py for tasks to queue
[2026-09-17T07:04:43.396+0000] {logging_mixin.py:190} INFO - [2026-09-17T07:04:43.396+0000] {dagbag.py:587} INFO - Filling up the DagBag from /opt/airflow/dags/processor.py
[2026-09-17T07:04:43.414+0000] {processor.py:925} INFO - DAG(s) 'dag_isi_data_mart_testing' retrieved from /opt/airflow/dags/processor.py
[2026-09-17T07:04:43.450+0000] {logging_mixin.py:190} INFO - [2026-09-17T07:04:43.449+0000] {dag.py:3211} INFO - Sync 1 DAGs
[2026-09-17T07:04:43.468+0000] {logging_mixin.py:190} INFO - [2026-09-17T07:04:43.468+0000] {dag.py:4138} INFO - Setting next_dagrun for dag_isi_data_mart_testing to None, run_after=None
[2026-09-17T07:04:43.492+0000] {processor.py:208} INFO - Processing /opt/airflow/dags/processor.py took 0.106 seconds
[2026-09-17T07:05:13.753+0000] {processor.py:186} INFO - Started process (PID=1006) to work on /opt/airflow/dags/processor.py
[2026-09-17T07:05:13.754+0000] {processor.py:914} INFO - Processing file /opt/airflow/dags/processor.py for tasks to queue
[2026-09-17T07:05:13.755+0000] {logging_mixin.py:190} INFO - [2026-09-17T07:05:13.755+0000] {dagbag.py:587} INFO - Filling up the DagBag from /opt/airflow/dags/processor.py
[2026-09-17T07:05:13.773+0000] {processor.py:925} INFO - DAG(s) 'dag_isi_data_mart_testing' retrieved from /opt/airflow/dags/processor.py
[2026-09-17T07:05:13.806+0000] {logging_mixin.py:190} INFO - [2026-09-17T07:05:13.805+0000] {dag.py:3211} INFO - Sync 1 DAGs
[2026-09-17T07:05:13.822+0000] {logging_mixin.py:190} INFO - [2026-09-17T07:05:13.822+0000] {dag.py:4138} INFO - Setting next_dagrun for dag_isi_data_mart_testing to None, run_after=None
[2026-09-17T07:05:13.842+0000] {processor.py:208} INFO - Processing /opt/airflow/dags/processor.py took 0.099 seconds
[2026-09-17T07:05:44.116+0000] {processor.py:186} INFO - Started process (PID=1015) to work on /opt/airflow/dags/processor.py
[2026-09-17T07:05:44.117+0000] {processor.py:914} INFO - Processing file /opt/airflow/dags/processor.py for tasks to queue
[2026-09-17T07:05:44.120+0000] {logging_mixin.py:190} INFO - [2026-09-17T07:05:44.118+0000] {dagbag.py:587} INFO - Filling up the DagBag from /opt/airflow/dags/processor.py
[2026-09-17T07:05:44.138+0000] {processor.py:925} INFO - DAG(s) 'dag_isi_data_mart_testing' retrieved from /opt/airflow/dags/processor.py
[2026-09-17T07:05:44.172+0000] {logging_mixin.py:190} INFO - [2026-09-17T07:05:44.172+0000] {dag.py:3211} INFO - Sync 1 DAGs
[2026-09-17T07:05:44.187+0000] {logging_mixin.py:190} INFO - [2026-09-17T07:05:44.187+0000] {dag.py:4138} INFO - Setting next_dagrun for dag_isi_data_mart_testing to None, run_after=None
[2026-09-17T07:05:44.209+0000] {processor.py:208} INFO - Processing /opt/airflow/dags/processor.py took 0.106 seconds
[2026-09-17T07:06:14.483+0000] {processor.py:186} INFO - Started process (PID=1024) to work on /opt/airflow/dags/processor.py
[2026-09-17T07:06:14.486+0000] {processor.py:914} INFO - Processing file /opt/airflow/dags/processor.py for tasks to queue
[2026-09-17T07:06:14.487+0000] {logging_mixin.py:190} INFO - [2026-09-17T07:06:14.487+0000] {dagbag.py:587} INFO - Filling up the DagBag from /opt/airflow/dags/processor.py
[2026-09-17T07:06:14.515+0000] {processor.py:925} INFO - DAG(s) 'dag_isi_data_mart_testing' retrieved from /opt/airflow/dags/processor.py
[2026-09-17T07:06:14.567+0000] {logging_mixin.py:190} INFO - [2026-09-17T07:06:14.567+0000] {dag.py:3211} INFO - Sync 1 DAGs
[2026-09-17T07:06:14.593+0000] {logging_mixin.py:190} INFO - [2026-09-17T07:06:14.593+0000] {dag.py:4138} INFO - Setting next_dagrun for dag_isi_data_mart_testing to None, run_after=None
[2026-09-17T07:06:14.628+0000] {processor.py:208} INFO - Processing /opt/airflow/dags/processor.py took 0.156 seconds
[2026-09-17T07:06:44.754+0000] {processor.py:186} INFO - Started process (PID=1033) to work on /opt/airflow/dags/processor.py
[2026-09-17T07:06:44.756+0000] {processor.py:914} INFO - Processing file /opt/airflow/dags/processor.py for tasks to queue
[2026-09-17T07:06:44.759+0000] {logging_mixin.py:190} INFO - [2026-09-17T07:06:44.758+0000] {dagbag.py:587} INFO - Filling up the DagBag from /opt/airflow/dags/processor.py
[2026-09-17T07:06:44.787+0000] {processor.py:925} INFO - DAG(s) 'dag_isi_data_mart_testing' retrieved from /opt/airflow/dags/processor.py
[2026-09-17T07:06:44.836+0000] {logging_mixin.py:190} INFO - [2026-09-17T07:06:44.836+0000] {dag.py:3211} INFO - Sync 1 DAGs
[2026-09-17T07:06:44.857+0000] {logging_mixin.py:190} INFO - [2026-09-17T07:06:44.857+0000] {dag.py:4138} INFO - Setting next_dagrun for dag_isi_data_mart_testing to None, run_after=None
[2026-09-17T07:06:44.882+0000] {processor.py:208} INFO - Processing /opt/airflow/dags/processor.py took 0.139 seconds
[2026-09-17T07:07:15.165+0000] {processor.py:186} INFO - Started process (PID=1042) to work on /opt/airflow/dags/processor.py
[2026-09-17T07:07:15.166+0000] {processor.py:914} INFO - Processing file /opt/airflow/dags/processor.py for tasks to queue
[2026-09-17T07:07:15.167+0000] {logging_mixin.py:190} INFO - [2026-09-17T07:07:15.167+0000] {dagbag.py:587} INFO - Filling up the DagBag from /opt/airflow/dags/processor.py
[2026-09-17T07:07:15.189+0000] {processor.py:925} INFO - DAG(s) 'dag_isi_data_mart_testing' retrieved from /opt/airflow/dags/processor.py
[2026-09-17T07:07:15.235+0000] {logging_mixin.py:190} INFO - [2026-09-17T07:07:15.235+0000] {dag.py:3211} INFO - Sync 1 DAGs
[2026-09-17T07:07:15.255+0000] {logging_mixin.py:190} INFO - [2026-09-17T07:07:15.254+0000] {dag.py:4138} INFO - Setting next_dagrun for dag_isi_data_mart_testing to None, run_after=None
[2026-09-17T07:07:15.275+0000] {processor.py:208} INFO - Processing /opt/airflow/dags/processor.py took 0.119 seconds
[2026-09-17T07:07:45.529+0000] {processor.py:186} INFO - Started process (PID=1051) to work on /opt/airflow/dags/processor.py
[2026-09-17T07:07:45.530+0000] {processor.py:914} INFO - Processing file /opt/airflow/dags/processor.py for tasks to queue
[2026-09-17T07:07:45.531+0000] {logging_mixin.py:190} INFO - [2026-09-17T07:07:45.531+0000] {dagbag.py:587} INFO - Filling up the DagBag from /opt/airflow/dags/processor.py
[2026-09-17T07:07:45.552+0000] {processor.py:925} INFO - DAG(s) 'dag_isi_data_mart_testing' retrieved from /opt/airflow/dags/processor.py
[2026-09-17T07:07:45.603+0000] {logging_mixin.py:190} INFO - [2026-09-17T07:07:45.603+0000] {dag.py:3211} INFO - Sync 1 DAGs
[2026-09-17T07:07:45.622+0000] {logging_mixin.py:190} INFO - [2026-09-17T07:07:45.622+0000] {dag.py:4138} INFO - Setting next_dagrun for dag_isi_data_mart_testing to None, run_after=None
[2026-09-17T07:07:45.646+0000] {processor.py:208} INFO - Processing /opt/airflow/dags/processor.py took 0.127 seconds
[2026-09-17T07:08:15.926+0000] {processor.py:186} INFO - Started process (PID=1060) to work on /opt/airflow/dags/processor.py
[2026-09-17T07:08:15.927+0000] {processor.py:914} INFO - Processing file /opt/airflow/dags/processor.py for tasks to queue
[2026-09-17T07:08:15.929+0000] {logging_mixin.py:190} INFO - [2026-09-17T07:08:15.928+0000] {dagbag.py:587} INFO - Filling up the DagBag from /opt/airflow/dags/processor.py
[2026-09-17T07:08:15.947+0000] {processor.py:925} INFO - DAG(s) 'dag_isi_data_mart_testing' retrieved from /opt/airflow/dags/processor.py
[2026-09-17T07:08:15.987+0000] {logging_mixin.py:190} INFO - [2026-09-17T07:08:15.987+0000] {dag.py:3211} INFO - Sync 1 DAGs
[2026-09-17T07:08:16.010+0000] {logging_mixin.py:190} INFO - [2026-09-17T07:08:16.010+0000] {dag.py:4138} INFO - Setting next_dagrun for dag_isi_data_mart_testing to None, run_after=None
[2026-09-17T07:08:16.038+0000] {processor.py:208} INFO - Processing /opt/airflow/dags/processor.py took 0.118 seconds
[2026-09-17T07:08:46.327+0000] {processor.py:186} INFO - Started process (PID=1069) to work on /opt/airflow/dags/processor.py
[2026-09-17T07:08:46.329+0000] {processor.py:914} INFO - Processing file /opt/airflow/dags/processor.py for tasks to queue
[2026-09-17T07:08:46.330+0000] {logging_mixin.py:190} INFO - [2026-09-17T07:08:46.330+0000] {dagbag.py:587} INFO - Filling up the DagBag from /opt/airflow/dags/processor.py
[2026-09-17T07:08:46.347+0000] {processor.py:925} INFO - DAG(s) 'dag_isi_data_mart_testing' retrieved from /opt/airflow/dags/processor.py
[2026-09-17T07:08:46.386+0000] {logging_mixin.py:190} INFO - [2026-09-17T07:08:46.386+0000] {dag.py:3211} INFO - Sync 1 DAGs
[2026-09-17T07:08:46.403+0000] {logging_mixin.py:190} INFO - [2026-09-17T07:08:46.403+0000] {dag.py:4138} INFO - Setting next_dagrun for dag_isi_data_mart_testing to None, run_after=None
[2026-09-17T07:08:46.426+0000] {processor.py:208} INFO - Processing /opt/airflow/dags/processor.py took 0.104 seconds
[2026-09-17T07:09:16.678+0000] {processor.py:186} INFO - Started process (PID=1078) to work on /opt/airflow/dags/processor.py
[2026-09-17T07:09:16.679+0000] {processor.py:914} INFO - Processing file /opt/airflow/dags/processor.py for tasks to queue
[2026-09-17T07:09:16.680+0000] {logging_mixin.py:190} INFO - [2026-09-17T07:09:16.680+0000] {dagbag.py:587} INFO - Filling up the DagBag from /opt/airflow/dags/processor.py
[2026-09-17T07:09:16.699+0000] {processor.py:925} INFO - DAG(s) 'dag_isi_data_mart_testing' retrieved from /opt/airflow/dags/processor.py
[2026-09-17T07:09:16.754+0000] {logging_mixin.py:190} INFO - [2026-09-17T07:09:16.753+0000] {dag.py:3211} INFO - Sync 1 DAGs
[2026-09-17T07:09:16.776+0000] {logging_mixin.py:190} INFO - [2026-09-17T07:09:16.775+0000] {dag.py:4138} INFO - Setting next_dagrun for dag_isi_data_mart_testing to None, run_after=None
[2026-09-17T07:09:16.804+0000] {processor.py:208} INFO - Processing /opt/airflow/dags/processor.py took 0.135 seconds
[2026-09-17T07:09:47.061+0000] {processor.py:186} INFO - Started process (PID=1087) to work on /opt/airflow/dags/processor.py
[2026-09-17T07:09:47.062+0000] {processor.py:914} INFO - Processing file /opt/airflow/dags/processor.py for tasks to queue
[2026-09-17T07:09:47.064+0000] {logging_mixin.py:190} INFO - [2026-09-17T07:09:47.063+0000] {dagbag.py:587} INFO - Filling up the DagBag from /opt/airflow/dags/processor.py
[2026-09-17T07:09:47.080+0000] {processor.py:925} INFO - DAG(s) 'dag_isi_data_mart_testing' retrieved from /opt/airflow/dags/processor.py
[2026-09-17T07:09:47.117+0000] {logging_mixin.py:190} INFO - [2026-09-17T07:09:47.117+0000] {dag.py:3211} INFO - Sync 1 DAGs
[2026-09-17T07:09:47.136+0000] {logging_mixin.py:190} INFO - [2026-09-17T07:09:47.136+0000] {dag.py:4138} INFO - Setting next_dagrun for dag_isi_data_mart_testing to None, run_after=None
[2026-09-17T07:09:47.161+0000] {processor.py:208} INFO - Processing /opt/airflow/dags/processor.py took 0.107 seconds
[2026-09-17T07:10:17.459+0000] {processor.py:186} INFO - Started process (PID=1096) to work on /opt/airflow/dags/processor.py
[2026-09-17T07:10:17.460+0000] {processor.py:914} INFO - Processing file /opt/airflow/dags/processor.py for tasks to queue
[2026-09-17T07:10:17.462+0000] {logging_mixin.py:190} INFO - [2026-09-17T07:10:17.461+0000] {dagbag.py:587} INFO - Filling up the DagBag from /opt/airflow/dags/processor.py
[2026-09-17T07:10:17.482+0000] {processor.py:925} INFO - DAG(s) 'dag_isi_data_mart_testing' retrieved from /opt/airflow/dags/processor.py
[2026-09-17T07:10:17.521+0000] {logging_mixin.py:190} INFO - [2026-09-17T07:10:17.521+0000] {dag.py:3211} INFO - Sync 1 DAGs
[2026-09-17T07:10:17.547+0000] {logging_mixin.py:190} INFO - [2026-09-17T07:10:17.546+0000] {dag.py:4138} INFO - Setting next_dagrun for dag_isi_data_mart_testing to None, run_after=None
[2026-09-17T07:10:17.575+0000] {processor.py:208} INFO - Processing /opt/airflow/dags/processor.py took 0.126 seconds
[2026-09-17T07:10:47.859+0000] {processor.py:186} INFO - Started process (PID=1106) to work on /opt/airflow/dags/processor.py
[2026-09-17T07:10:47.860+0000] {processor.py:914} INFO - Processing file /opt/airflow/dags/processor.py for tasks to queue
[2026-09-17T07:10:47.861+0000] {logging_mixin.py:190} INFO - [2026-09-17T07:10:47.861+0000] {dagbag.py:587} INFO - Filling up the DagBag from /opt/airflow/dags/processor.py
[2026-09-17T07:10:47.878+0000] {processor.py:925} INFO - DAG(s) 'dag_isi_data_mart_testing' retrieved from /opt/airflow/dags/processor.py
[2026-09-17T07:10:47.909+0000] {logging_mixin.py:190} INFO - [2026-09-17T07:10:47.909+0000] {dag.py:3211} INFO - Sync 1 DAGs
[2026-09-17T07:10:47.924+0000] {logging_mixin.py:190} INFO - [2026-09-17T07:10:47.924+0000] {dag.py:4138} INFO - Setting next_dagrun for dag_isi_data_mart_testing to None, run_after=None
[2026-09-17T07:10:47.943+0000] {processor.py:208} INFO - Processing /opt/airflow/dags/processor.py took 0.091 seconds
[2026-09-17T07:11:18.207+0000] {processor.py:186} INFO - Started process (PID=1115) to work on /opt/airflow/dags/processor.py
[2026-09-17T07:11:18.208+0000] {processor.py:914} INFO - Processing file /opt/airflow/dags/processor.py for tasks to queue
[2026-09-17T07:11:18.209+0000] {logging_mixin.py:190} INFO - [2026-09-17T07:11:18.209+0000] {dagbag.py:587} INFO - Filling up the DagBag from /opt/airflow/dags/processor.py
[2026-09-17T07:11:18.226+0000] {processor.py:925} INFO - DAG(s) 'dag_isi_data_mart_testing' retrieved from /opt/airflow/dags/processor.py
[2026-09-17T07:11:18.258+0000] {logging_mixin.py:190} INFO - [2026-09-17T07:11:18.258+0000] {dag.py:3211} INFO - Sync 1 DAGs
[2026-09-17T07:11:18.275+0000] {logging_mixin.py:190} INFO - [2026-09-17T07:11:18.274+0000] {dag.py:4138} INFO - Setting next_dagrun for dag_isi_data_mart_testing to None, run_after=None
[2026-09-17T07:11:18.297+0000] {processor.py:208} INFO - Processing /opt/airflow/dags/processor.py took 0.097 seconds
[2026-09-17T07:11:48.530+0000] {processor.py:186} INFO - Started process (PID=1124) to work on /opt/airflow/dags/processor.py
[2026-09-17T07:11:48.530+0000] {processor.py:914} INFO - Processing file /opt/airflow/dags/processor.py for tasks to queue
[2026-09-17T07:11:48.531+0000] {logging_mixin.py:190} INFO - [2026-09-17T07:11:48.531+0000] {dagbag.py:587} INFO - Filling up the DagBag from /opt/airflow/dags/processor.py
[2026-09-17T07:11:48.545+0000] {processor.py:925} INFO - DAG(s) 'dag_isi_data_mart_testing' retrieved from /opt/airflow/dags/processor.py
[2026-09-17T07:11:48.579+0000] {logging_mixin.py:190} INFO - [2026-09-17T07:11:48.578+0000] {dag.py:3211} INFO - Sync 1 DAGs
[2026-09-17T07:11:48.595+0000] {logging_mixin.py:190} INFO - [2026-09-17T07:11:48.594+0000] {dag.py:4138} INFO - Setting next_dagrun for dag_isi_data_mart_testing to None, run_after=None
[2026-09-17T07:11:48.617+0000] {processor.py:208} INFO - Processing /opt/airflow/dags/processor.py took 0.093 seconds
[2026-09-17T07:12:18.886+0000] {processor.py:186} INFO - Started process (PID=1133) to work on /opt/airflow/dags/processor.py
[2026-09-17T07:12:18.887+0000] {processor.py:914} INFO - Processing file /opt/airflow/dags/processor.py for tasks to queue
[2026-09-17T07:12:18.888+0000] {logging_mixin.py:190} INFO - [2026-09-17T07:12:18.888+0000] {dagbag.py:587} INFO - Filling up the DagBag from /opt/airflow/dags/processor.py
[2026-09-17T07:12:18.904+0000] {processor.py:925} INFO - DAG(s) 'dag_isi_data_mart_testing' retrieved from /opt/airflow/dags/processor.py
[2026-09-17T07:12:18.936+0000] {logging_mixin.py:190} INFO - [2026-09-17T07:12:18.936+0000] {dag.py:3211} INFO - Sync 1 DAGs
[2026-09-17T07:12:18.953+0000] {logging_mixin.py:190} INFO - [2026-09-17T07:12:18.953+0000] {dag.py:4138} INFO - Setting next_dagrun for dag_isi_data_mart_testing to None, run_after=None
[2026-09-17T07:12:18.972+0000] {processor.py:208} INFO - Processing /opt/airflow/dags/processor.py took 0.093 seconds
[2026-09-17T07:12:49.239+0000] {processor.py:186} INFO - Started process (PID=1142) to work on /opt/airflow/dags/processor.py
[2026-09-17T07:12:49.240+0000] {processor.py:914} INFO - Processing file /opt/airflow/dags/processor.py for tasks to queue
[2026-09-17T07:12:49.241+0000] {logging_mixin.py:190} INFO - [2026-09-17T07:12:49.241+0000] {dagbag.py:587} INFO - Filling up the DagBag from /opt/airflow/dags/processor.py
[2026-09-17T07:12:49.257+0000] {processor.py:925} INFO - DAG(s) 'dag_isi_data_mart_testing' retrieved from /opt/airflow/dags/processor.py
[2026-09-17T07:12:49.290+0000] {logging_mixin.py:190} INFO - [2026-09-17T07:12:49.289+0000] {dag.py:3211} INFO - Sync 1 DAGs
[2026-09-17T07:12:49.307+0000] {logging_mixin.py:190} INFO - [2026-09-17T07:12:49.306+0000] {dag.py:4138} INFO - Setting next_dagrun for dag_isi_data_mart_testing to None, run_after=None
[2026-09-17T07:12:49.326+0000] {processor.py:208} INFO - Processing /opt/airflow/dags/processor.py took 0.093 seconds
[2026-09-17T07:13:19.580+0000] {processor.py:186} INFO - Started process (PID=1151) to work on /opt/airflow/dags/processor.py
[2026-09-17T07:13:19.581+0000] {processor.py:914} INFO - Processing file /opt/airflow/dags/processor.py for tasks to queue
[2026-09-17T07:13:19.583+0000] {logging_mixin.py:190} INFO - [2026-09-17T07:13:19.582+0000] {dagbag.py:587} INFO - Filling up the DagBag from /opt/airflow/dags/processor.py
[2026-09-17T07:13:19.599+0000] {processor.py:925} INFO - DAG(s) 'dag_isi_data_mart_testing' retrieved from /opt/airflow/dags/processor.py
[2026-09-17T07:13:19.636+0000] {logging_mixin.py:190} INFO - [2026-09-17T07:13:19.635+0000] {dag.py:3211} INFO - Sync 1 DAGs
[2026-09-17T07:13:19.671+0000] {logging_mixin.py:190} INFO - [2026-09-17T07:13:19.670+0000] {dag.py:4138} INFO - Setting next_dagrun for dag_isi_data_mart_testing to None, run_after=None
[2026-09-17T07:13:19.722+0000] {processor.py:208} INFO - Processing /opt/airflow/dags/processor.py took 0.149 seconds
[2026-09-17T07:13:49.998+0000] {processor.py:186} INFO - Started process (PID=1160) to work on /opt/airflow/dags/processor.py
[2026-09-17T07:13:49.999+0000] {processor.py:914} INFO - Processing file /opt/airflow/dags/processor.py for tasks to queue
[2026-09-17T07:13:50.000+0000] {logging_mixin.py:190} INFO - [2026-09-17T07:13:49.999+0000] {dagbag.py:587} INFO - Filling up the DagBag from /opt/airflow/dags/processor.py
[2026-09-17T07:13:50.014+0000] {processor.py:925} INFO - DAG(s) 'dag_isi_data_mart_testing' retrieved from /opt/airflow/dags/processor.py
[2026-09-17T07:13:50.047+0000] {logging_mixin.py:190} INFO - [2026-09-17T07:13:50.046+0000] {dag.py:3211} INFO - Sync 1 DAGs
[2026-09-17T07:13:50.063+0000] {logging_mixin.py:190} INFO - [2026-09-17T07:13:50.062+0000] {dag.py:4138} INFO - Setting next_dagrun for dag_isi_data_mart_testing to None, run_after=None
[2026-09-17T07:13:50.082+0000] {processor.py:208} INFO - Processing /opt/airflow/dags/processor.py took 0.090 seconds
[2026-09-17T07:14:20.329+0000] {processor.py:186} INFO - Started process (PID=1169) to work on /opt/airflow/dags/processor.py
[2026-09-17T07:14:20.330+0000] {processor.py:914} INFO - Processing file /opt/airflow/dags/processor.py for tasks to queue
[2026-09-17T07:14:20.331+0000] {logging_mixin.py:190} INFO - [2026-09-17T07:14:20.331+0000] {dagbag.py:587} INFO - Filling up the DagBag from /opt/airflow/dags/processor.py
[2026-09-17T07:14:20.346+0000] {processor.py:925} INFO - DAG(s) 'dag_isi_data_mart_testing' retrieved from /opt/airflow/dags/processor.py
[2026-09-17T07:14:20.380+0000] {logging_mixin.py:190} INFO - [2026-09-17T07:14:20.379+0000] {dag.py:3211} INFO - Sync 1 DAGs
[2026-09-17T07:14:20.397+0000] {logging_mixin.py:190} INFO - [2026-09-17T07:14:20.396+0000] {dag.py:4138} INFO - Setting next_dagrun for dag_isi_data_mart_testing to None, run_after=None
[2026-09-17T07:14:20.417+0000] {processor.py:208} INFO - Processing /opt/airflow/dags/processor.py took 0.094 seconds
[2026-09-17T07:14:50.725+0000] {processor.py:186} INFO - Started process (PID=1184) to work on /opt/airflow/dags/processor.py
[2026-09-17T07:14:50.726+0000] {processor.py:914} INFO - Processing file /opt/airflow/dags/processor.py for tasks to queue
[2026-09-17T07:14:50.727+0000] {logging_mixin.py:190} INFO - [2026-09-17T07:14:50.727+0000] {dagbag.py:587} INFO - Filling up the DagBag from /opt/airflow/dags/processor.py
[2026-09-17T07:14:50.744+0000] {processor.py:925} INFO - DAG(s) 'dag_isi_data_mart_testing' retrieved from /opt/airflow/dags/processor.py
[2026-09-17T07:14:50.778+0000] {logging_mixin.py:190} INFO - [2026-09-17T07:14:50.778+0000] {dag.py:3211} INFO - Sync 1 DAGs
[2026-09-17T07:14:50.793+0000] {logging_mixin.py:190} INFO - [2026-09-17T07:14:50.793+0000] {dag.py:4138} INFO - Setting next_dagrun for dag_isi_data_mart_testing to None, run_after=None
[2026-09-17T07:14:50.812+0000] {processor.py:208} INFO - Processing /opt/airflow/dags/processor.py took 0.093 seconds
[2026-09-17T07:15:21.089+0000] {processor.py:186} INFO - Started process (PID=1193) to work on /opt/airflow/dags/processor.py
[2026-09-17T07:15:21.091+0000] {processor.py:914} INFO - Processing file /opt/airflow/dags/processor.py for tasks to queue
[2026-09-17T07:15:21.092+0000] {logging_mixin.py:190} INFO - [2026-09-17T07:15:21.092+0000] {dagbag.py:587} INFO - Filling up the DagBag from /opt/airflow/dags/processor.py
[2026-09-17T07:15:21.111+0000] {processor.py:925} INFO - DAG(s) 'dag_isi_data_mart_testing' retrieved from /opt/airflow/dags/processor.py
[2026-09-17T07:15:21.157+0000] {logging_mixin.py:190} INFO - [2026-09-17T07:15:21.157+0000] {dag.py:3211} INFO - Sync 1 DAGs
[2026-09-17T07:15:21.175+0000] {logging_mixin.py:190} INFO - [2026-09-17T07:15:21.175+0000] {dag.py:4138} INFO - Setting next_dagrun for dag_isi_data_mart_testing to None, run_after=None
[2026-09-17T07:15:21.201+0000] {processor.py:208} INFO - Processing /opt/airflow/dags/processor.py took 0.120 seconds
[2026-09-17T07:15:51.506+0000] {processor.py:186} INFO - Started process (PID=1202) to work on /opt/airflow/dags/processor.py
[2026-09-17T07:15:51.507+0000] {processor.py:914} INFO - Processing file /opt/airflow/dags/processor.py for tasks to queue
[2026-09-17T07:15:51.509+0000] {logging_mixin.py:190} INFO - [2026-09-17T07:15:51.508+0000] {dagbag.py:587} INFO - Filling up the DagBag from /opt/airflow/dags/processor.py
[2026-09-17T07:15:51.533+0000] {processor.py:925} INFO - DAG(s) 'dag_isi_data_mart_testing' retrieved from /opt/airflow/dags/processor.py
[2026-09-17T07:15:51.583+0000] {logging_mixin.py:190} INFO - [2026-09-17T07:15:51.582+0000] {dag.py:3211} INFO - Sync 1 DAGs
[2026-09-17T07:15:51.606+0000] {logging_mixin.py:190} INFO - [2026-09-17T07:15:51.606+0000] {dag.py:4138} INFO - Setting next_dagrun for dag_isi_data_mart_testing to None, run_after=None
[2026-09-17T07:15:51.636+0000] {processor.py:208} INFO - Processing /opt/airflow/dags/processor.py took 0.140 seconds
[2026-09-17T07:16:21.920+0000] {processor.py:186} INFO - Started process (PID=1211) to work on /opt/airflow/dags/processor.py
[2026-09-17T07:16:21.921+0000] {processor.py:914} INFO - Processing file /opt/airflow/dags/processor.py for tasks to queue
[2026-09-17T07:16:21.923+0000] {logging_mixin.py:190} INFO - [2026-09-17T07:16:21.922+0000] {dagbag.py:587} INFO - Filling up the DagBag from /opt/airflow/dags/processor.py
[2026-09-17T07:16:21.946+0000] {processor.py:925} INFO - DAG(s) 'dag_isi_data_mart_testing' retrieved from /opt/airflow/dags/processor.py
[2026-09-17T07:16:21.983+0000] {logging_mixin.py:190} INFO - [2026-09-17T07:16:21.983+0000] {dag.py:3211} INFO - Sync 1 DAGs
[2026-09-17T07:16:22.001+0000] {logging_mixin.py:190} INFO - [2026-09-17T07:16:22.001+0000] {dag.py:4138} INFO - Setting next_dagrun for dag_isi_data_mart_testing to None, run_after=None
[2026-09-17T07:16:22.022+0000] {processor.py:208} INFO - Processing /opt/airflow/dags/processor.py took 0.110 seconds
[2026-09-17T07:16:52.304+0000] {processor.py:186} INFO - Started process (PID=1220) to work on /opt/airflow/dags/processor.py
[2026-09-17T07:16:52.306+0000] {processor.py:914} INFO - Processing file /opt/airflow/dags/processor.py for tasks to queue
[2026-09-17T07:16:52.308+0000] {logging_mixin.py:190} INFO - [2026-09-17T07:16:52.307+0000] {dagbag.py:587} INFO - Filling up the DagBag from /opt/airflow/dags/processor.py
[2026-09-17T07:16:52.340+0000] {processor.py:925} INFO - DAG(s) 'dag_isi_data_mart_testing' retrieved from /opt/airflow/dags/processor.py
[2026-09-17T07:16:52.386+0000] {logging_mixin.py:190} INFO - [2026-09-17T07:16:52.386+0000] {dag.py:3211} INFO - Sync 1 DAGs
[2026-09-17T07:16:52.406+0000] {logging_mixin.py:190} INFO - [2026-09-17T07:16:52.406+0000] {dag.py:4138} INFO - Setting next_dagrun for dag_isi_data_mart_testing to None, run_after=None
[2026-09-17T07:16:52.440+0000] {processor.py:208} INFO - Processing /opt/airflow/dags/processor.py took 0.146 seconds
[2026-09-17T07:17:22.571+0000] {processor.py:186} INFO - Started process (PID=1229) to work on /opt/airflow/dags/processor.py
[2026-09-17T07:17:22.572+0000] {processor.py:914} INFO - Processing file /opt/airflow/dags/processor.py for tasks to queue
[2026-09-17T07:17:22.573+0000] {logging_mixin.py:190} INFO - [2026-09-17T07:17:22.573+0000] {dagbag.py:587} INFO - Filling up the DagBag from /opt/airflow/dags/processor.py
[2026-09-17T07:17:22.597+0000] {processor.py:925} INFO - DAG(s) 'dag_isi_data_mart_testing' retrieved from /opt/airflow/dags/processor.py
[2026-09-17T07:17:22.675+0000] {logging_mixin.py:190} INFO - [2026-09-17T07:17:22.674+0000] {dag.py:3211} INFO - Sync 1 DAGs
[2026-09-17T07:17:22.743+0000] {logging_mixin.py:190} INFO - [2026-09-17T07:17:22.742+0000] {dag.py:4138} INFO - Setting next_dagrun for dag_isi_data_mart_testing to None, run_after=None
[2026-09-17T07:17:22.771+0000] {processor.py:208} INFO - Processing /opt/airflow/dags/processor.py took 0.209 seconds
[2026-09-17T07:17:53.058+0000] {processor.py:186} INFO - Started process (PID=1238) to work on /opt/airflow/dags/processor.py
[2026-09-17T07:17:53.060+0000] {processor.py:914} INFO - Processing file /opt/airflow/dags/processor.py for tasks to queue
[2026-09-17T07:17:53.063+0000] {logging_mixin.py:190} INFO - [2026-09-17T07:17:53.062+0000] {dagbag.py:587} INFO - Filling up the DagBag from /opt/airflow/dags/processor.py
[2026-09-17T07:17:53.100+0000] {processor.py:925} INFO - DAG(s) 'dag_isi_data_mart_testing' retrieved from /opt/airflow/dags/processor.py
[2026-09-17T07:17:53.149+0000] {logging_mixin.py:190} INFO - [2026-09-17T07:17:53.149+0000] {dag.py:3211} INFO - Sync 1 DAGs
[2026-09-17T07:17:53.171+0000] {logging_mixin.py:190} INFO - [2026-09-17T07:17:53.171+0000] {dag.py:4138} INFO - Setting next_dagrun for dag_isi_data_mart_testing to None, run_after=None
[2026-09-17T07:17:53.203+0000] {processor.py:208} INFO - Processing /opt/airflow/dags/processor.py took 0.162 seconds
[2026-09-17T07:18:23.473+0000] {processor.py:186} INFO - Started process (PID=1247) to work on /opt/airflow/dags/processor.py
[2026-09-17T07:18:23.474+0000] {processor.py:914} INFO - Processing file /opt/airflow/dags/processor.py for tasks to queue
[2026-09-17T07:18:23.476+0000] {logging_mixin.py:190} INFO - [2026-09-17T07:18:23.476+0000] {dagbag.py:587} INFO - Filling up the DagBag from /opt/airflow/dags/processor.py
[2026-09-17T07:18:23.494+0000] {processor.py:925} INFO - DAG(s) 'dag_isi_data_mart_testing' retrieved from /opt/airflow/dags/processor.py
[2026-09-17T07:18:23.528+0000] {logging_mixin.py:190} INFO - [2026-09-17T07:18:23.527+0000] {dag.py:3211} INFO - Sync 1 DAGs
[2026-09-17T07:18:23.544+0000] {logging_mixin.py:190} INFO - [2026-09-17T07:18:23.543+0000] {dag.py:4138} INFO - Setting next_dagrun for dag_isi_data_mart_testing to None, run_after=None
[2026-09-17T07:18:23.565+0000] {processor.py:208} INFO - Processing /opt/airflow/dags/processor.py took 0.099 seconds
[2026-09-17T07:18:53.827+0000] {processor.py:186} INFO - Started process (PID=1256) to work on /opt/airflow/dags/processor.py
[2026-09-17T07:18:53.829+0000] {processor.py:914} INFO - Processing file /opt/airflow/dags/processor.py for tasks to queue
[2026-09-17T07:18:53.830+0000] {logging_mixin.py:190} INFO - [2026-09-17T07:18:53.830+0000] {dagbag.py:587} INFO - Filling up the DagBag from /opt/airflow/dags/processor.py
[2026-09-17T07:18:53.852+0000] {processor.py:925} INFO - DAG(s) 'dag_isi_data_mart_testing' retrieved from /opt/airflow/dags/processor.py
[2026-09-17T07:18:53.889+0000] {logging_mixin.py:190} INFO - [2026-09-17T07:18:53.888+0000] {dag.py:3211} INFO - Sync 1 DAGs
[2026-09-17T07:18:53.906+0000] {logging_mixin.py:190} INFO - [2026-09-17T07:18:53.905+0000] {dag.py:4138} INFO - Setting next_dagrun for dag_isi_data_mart_testing to None, run_after=None
[2026-09-17T07:18:53.925+0000] {processor.py:208} INFO - Processing /opt/airflow/dags/processor.py took 0.115 seconds
[2026-09-17T07:19:24.199+0000] {processor.py:186} INFO - Started process (PID=1265) to work on /opt/airflow/dags/processor.py
[2026-09-17T07:19:24.200+0000] {processor.py:914} INFO - Processing file /opt/airflow/dags/processor.py for tasks to queue
[2026-09-17T07:19:24.202+0000] {logging_mixin.py:190} INFO - [2026-09-17T07:19:24.202+0000] {dagbag.py:587} INFO - Filling up the DagBag from /opt/airflow/dags/processor.py
[2026-09-17T07:19:24.222+0000] {processor.py:925} INFO - DAG(s) 'dag_isi_data_mart_testing' retrieved from /opt/airflow/dags/processor.py
[2026-09-17T07:19:24.258+0000] {logging_mixin.py:190} INFO - [2026-09-17T07:19:24.258+0000] {dag.py:3211} INFO - Sync 1 DAGs
[2026-09-17T07:19:24.278+0000] {logging_mixin.py:190} INFO - [2026-09-17T07:19:24.278+0000] {dag.py:4138} INFO - Setting next_dagrun for dag_isi_data_mart_testing to None, run_after=None
[2026-09-17T07:19:24.299+0000] {processor.py:208} INFO - Processing /opt/airflow/dags/processor.py took 0.109 seconds
[2026-09-17T07:19:54.584+0000] {processor.py:186} INFO - Started process (PID=1274) to work on /opt/airflow/dags/processor.py
[2026-09-17T07:19:54.586+0000] {processor.py:914} INFO - Processing file /opt/airflow/dags/processor.py for tasks to queue
[2026-09-17T07:19:54.589+0000] {logging_mixin.py:190} INFO - [2026-09-17T07:19:54.588+0000] {dagbag.py:587} INFO - Filling up the DagBag from /opt/airflow/dags/processor.py
[2026-09-17T07:19:54.631+0000] {processor.py:925} INFO - DAG(s) 'dag_isi_data_mart_testing' retrieved from /opt/airflow/dags/processor.py
[2026-09-17T07:19:54.686+0000] {logging_mixin.py:190} INFO - [2026-09-17T07:19:54.685+0000] {dag.py:3211} INFO - Sync 1 DAGs
[2026-09-17T07:19:54.705+0000] {logging_mixin.py:190} INFO - [2026-09-17T07:19:54.705+0000] {dag.py:4138} INFO - Setting next_dagrun for dag_isi_data_mart_testing to None, run_after=None
[2026-09-17T07:19:54.726+0000] {processor.py:208} INFO - Processing /opt/airflow/dags/processor.py took 0.158 seconds
[2026-09-17T07:20:24.984+0000] {processor.py:186} INFO - Started process (PID=1283) to work on /opt/airflow/dags/processor.py
[2026-09-17T07:20:24.986+0000] {processor.py:914} INFO - Processing file /opt/airflow/dags/processor.py for tasks to queue
[2026-09-17T07:20:24.987+0000] {logging_mixin.py:190} INFO - [2026-09-17T07:20:24.987+0000] {dagbag.py:587} INFO - Filling up the DagBag from /opt/airflow/dags/processor.py
[2026-09-17T07:20:25.005+0000] {processor.py:925} INFO - DAG(s) 'dag_isi_data_mart_testing' retrieved from /opt/airflow/dags/processor.py
[2026-09-17T07:20:25.046+0000] {logging_mixin.py:190} INFO - [2026-09-17T07:20:25.045+0000] {dag.py:3211} INFO - Sync 1 DAGs
[2026-09-17T07:20:25.064+0000] {logging_mixin.py:190} INFO - [2026-09-17T07:20:25.064+0000] {dag.py:4138} INFO - Setting next_dagrun for dag_isi_data_mart_testing to None, run_after=None
[2026-09-17T07:20:25.085+0000] {processor.py:208} INFO - Processing /opt/airflow/dags/processor.py took 0.109 seconds
[2026-09-17T07:20:55.381+0000] {processor.py:186} INFO - Started process (PID=1292) to work on /opt/airflow/dags/processor.py
[2026-09-17T07:20:55.383+0000] {processor.py:914} INFO - Processing file /opt/airflow/dags/processor.py for tasks to queue
[2026-09-17T07:20:55.384+0000] {logging_mixin.py:190} INFO - [2026-09-17T07:20:55.384+0000] {dagbag.py:587} INFO - Filling up the DagBag from /opt/airflow/dags/processor.py
[2026-09-17T07:20:55.403+0000] {processor.py:925} INFO - DAG(s) 'dag_isi_data_mart_testing' retrieved from /opt/airflow/dags/processor.py
[2026-09-17T07:20:55.439+0000] {logging_mixin.py:190} INFO - [2026-09-17T07:20:55.439+0000] {dag.py:3211} INFO - Sync 1 DAGs
[2026-09-17T07:20:55.459+0000] {logging_mixin.py:190} INFO - [2026-09-17T07:20:55.459+0000] {dag.py:4138} INFO - Setting next_dagrun for dag_isi_data_mart_testing to None, run_after=None
[2026-09-17T07:20:55.484+0000] {processor.py:208} INFO - Processing /opt/airflow/dags/processor.py took 0.111 seconds
[2026-09-17T07:21:25.736+0000] {processor.py:186} INFO - Started process (PID=1301) to work on /opt/airflow/dags/processor.py
[2026-09-17T07:21:25.737+0000] {processor.py:914} INFO - Processing file /opt/airflow/dags/processor.py for tasks to queue
[2026-09-17T07:21:25.738+0000] {logging_mixin.py:190} INFO - [2026-09-17T07:21:25.738+0000] {dagbag.py:587} INFO - Filling up the DagBag from /opt/airflow/dags/processor.py
[2026-09-17T07:21:25.755+0000] {processor.py:925} INFO - DAG(s) 'dag_isi_data_mart_testing' retrieved from /opt/airflow/dags/processor.py
[2026-09-17T07:21:25.796+0000] {logging_mixin.py:190} INFO - [2026-09-17T07:21:25.796+0000] {dag.py:3211} INFO - Sync 1 DAGs
[2026-09-17T07:21:25.813+0000] {logging_mixin.py:190} INFO - [2026-09-17T07:21:25.813+0000] {dag.py:4138} INFO - Setting next_dagrun for dag_isi_data_mart_testing to None, run_after=None
[2026-09-17T07:21:25.833+0000] {processor.py:208} INFO - Processing /opt/airflow/dags/processor.py took 0.105 seconds
[2026-09-17T07:21:56.150+0000] {processor.py:186} INFO - Started process (PID=1310) to work on /opt/airflow/dags/processor.py
[2026-09-17T07:21:56.152+0000] {processor.py:914} INFO - Processing file /opt/airflow/dags/processor.py for tasks to queue
[2026-09-17T07:21:56.154+0000] {logging_mixin.py:190} INFO - [2026-09-17T07:21:56.153+0000] {dagbag.py:587} INFO - Filling up the DagBag from /opt/airflow/dags/processor.py
[2026-09-17T07:21:56.177+0000] {processor.py:925} INFO - DAG(s) 'dag_isi_data_mart_testing' retrieved from /opt/airflow/dags/processor.py
[2026-09-17T07:21:56.226+0000] {logging_mixin.py:190} INFO - [2026-09-17T07:21:56.225+0000] {dag.py:3211} INFO - Sync 1 DAGs
[2026-09-17T07:21:56.252+0000] {logging_mixin.py:190} INFO - [2026-09-17T07:21:56.251+0000] {dag.py:4138} INFO - Setting next_dagrun for dag_isi_data_mart_testing to None, run_after=None
[2026-09-17T07:21:56.284+0000] {processor.py:208} INFO - Processing /opt/airflow/dags/processor.py took 0.146 seconds
[2026-09-17T07:22:26.533+0000] {processor.py:186} INFO - Started process (PID=1319) to work on /opt/airflow/dags/processor.py
[2026-09-17T07:22:26.534+0000] {processor.py:914} INFO - Processing file /opt/airflow/dags/processor.py for tasks to queue
[2026-09-17T07:22:26.536+0000] {logging_mixin.py:190} INFO - [2026-09-17T07:22:26.535+0000] {dagbag.py:587} INFO - Filling up the DagBag from /opt/airflow/dags/processor.py
[2026-09-17T07:22:26.550+0000] {processor.py:925} INFO - DAG(s) 'dag_isi_data_mart_testing' retrieved from /opt/airflow/dags/processor.py
[2026-09-17T07:22:26.584+0000] {logging_mixin.py:190} INFO - [2026-09-17T07:22:26.583+0000] {dag.py:3211} INFO - Sync 1 DAGs
[2026-09-17T07:22:26.600+0000] {logging_mixin.py:190} INFO - [2026-09-17T07:22:26.600+0000] {dag.py:4138} INFO - Setting next_dagrun for dag_isi_data_mart_testing to None, run_after=None
[2026-09-17T07:22:26.619+0000] {processor.py:208} INFO - Processing /opt/airflow/dags/processor.py took 0.092 seconds
[2026-09-17T07:22:56.890+0000] {processor.py:186} INFO - Started process (PID=1327) to work on /opt/airflow/dags/processor.py
[2026-09-17T07:22:56.891+0000] {processor.py:914} INFO - Processing file /opt/airflow/dags/processor.py for tasks to queue
[2026-09-17T07:22:56.893+0000] {logging_mixin.py:190} INFO - [2026-09-17T07:22:56.892+0000] {dagbag.py:587} INFO - Filling up the DagBag from /opt/airflow/dags/processor.py
[2026-09-17T07:22:56.908+0000] {processor.py:925} INFO - DAG(s) 'dag_isi_data_mart_testing' retrieved from /opt/airflow/dags/processor.py
[2026-09-17T07:22:56.940+0000] {logging_mixin.py:190} INFO - [2026-09-17T07:22:56.940+0000] {dag.py:3211} INFO - Sync 1 DAGs
[2026-09-17T07:22:56.956+0000] {logging_mixin.py:190} INFO - [2026-09-17T07:22:56.956+0000] {dag.py:4138} INFO - Setting next_dagrun for dag_isi_data_mart_testing to None, run_after=None
[2026-09-17T07:22:56.976+0000] {processor.py:208} INFO - Processing /opt/airflow/dags/processor.py took 0.092 seconds
[2026-09-17T07:23:27.271+0000] {processor.py:186} INFO - Started process (PID=1336) to work on /opt/airflow/dags/processor.py
[2026-09-17T07:23:27.273+0000] {processor.py:914} INFO - Processing file /opt/airflow/dags/processor.py for tasks to queue
[2026-09-17T07:23:27.275+0000] {logging_mixin.py:190} INFO - [2026-09-17T07:23:27.274+0000] {dagbag.py:587} INFO - Filling up the DagBag from /opt/airflow/dags/processor.py
[2026-09-17T07:23:27.305+0000] {processor.py:925} INFO - DAG(s) 'dag_isi_data_mart_testing' retrieved from /opt/airflow/dags/processor.py
[2026-09-17T07:23:27.360+0000] {logging_mixin.py:190} INFO - [2026-09-17T07:23:27.360+0000] {dag.py:3211} INFO - Sync 1 DAGs
[2026-09-17T07:23:27.448+0000] {logging_mixin.py:190} INFO - [2026-09-17T07:23:27.447+0000] {dag.py:4138} INFO - Setting next_dagrun for dag_isi_data_mart_testing to None, run_after=None
[2026-09-17T07:23:27.517+0000] {processor.py:208} INFO - Processing /opt/airflow/dags/processor.py took 0.259 seconds
[2026-09-17T07:23:57.607+0000] {processor.py:186} INFO - Started process (PID=1344) to work on /opt/airflow/dags/processor.py
[2026-09-17T07:23:57.608+0000] {processor.py:914} INFO - Processing file /opt/airflow/dags/processor.py for tasks to queue
[2026-09-17T07:23:57.609+0000] {logging_mixin.py:190} INFO - [2026-09-17T07:23:57.609+0000] {dagbag.py:587} INFO - Filling up the DagBag from /opt/airflow/dags/processor.py
[2026-09-17T07:23:57.626+0000] {processor.py:925} INFO - DAG(s) 'dag_isi_data_mart_testing' retrieved from /opt/airflow/dags/processor.py
[2026-09-17T07:23:57.659+0000] {logging_mixin.py:190} INFO - [2026-09-17T07:23:57.658+0000] {dag.py:3211} INFO - Sync 1 DAGs
[2026-09-17T07:23:57.675+0000] {logging_mixin.py:190} INFO - [2026-09-17T07:23:57.675+0000] {dag.py:4138} INFO - Setting next_dagrun for dag_isi_data_mart_testing to None, run_after=None
[2026-09-17T07:23:57.696+0000] {processor.py:208} INFO - Processing /opt/airflow/dags/processor.py took 0.097 seconds
[2026-09-17T07:24:27.939+0000] {processor.py:186} INFO - Started process (PID=1353) to work on /opt/airflow/dags/processor.py
[2026-09-17T07:24:27.941+0000] {processor.py:914} INFO - Processing file /opt/airflow/dags/processor.py for tasks to queue
[2026-09-17T07:24:27.942+0000] {logging_mixin.py:190} INFO - [2026-09-17T07:24:27.942+0000] {dagbag.py:587} INFO - Filling up the DagBag from /opt/airflow/dags/processor.py
[2026-09-17T07:24:27.959+0000] {processor.py:925} INFO - DAG(s) 'dag_isi_data_mart_testing' retrieved from /opt/airflow/dags/processor.py
[2026-09-17T07:24:27.995+0000] {logging_mixin.py:190} INFO - [2026-09-17T07:24:27.995+0000] {dag.py:3211} INFO - Sync 1 DAGs
[2026-09-17T07:24:28.011+0000] {logging_mixin.py:190} INFO - [2026-09-17T07:24:28.011+0000] {dag.py:4138} INFO - Setting next_dagrun for dag_isi_data_mart_testing to None, run_after=None
[2026-09-17T07:24:28.036+0000] {processor.py:208} INFO - Processing /opt/airflow/dags/processor.py took 0.105 seconds
[2026-09-17T07:24:58.285+0000] {processor.py:186} INFO - Started process (PID=1362) to work on /opt/airflow/dags/processor.py
[2026-09-17T07:24:58.286+0000] {processor.py:914} INFO - Processing file /opt/airflow/dags/processor.py for tasks to queue
[2026-09-17T07:24:58.287+0000] {logging_mixin.py:190} INFO - [2026-09-17T07:24:58.287+0000] {dagbag.py:587} INFO - Filling up the DagBag from /opt/airflow/dags/processor.py
[2026-09-17T07:24:58.307+0000] {processor.py:925} INFO - DAG(s) 'dag_isi_data_mart_testing' retrieved from /opt/airflow/dags/processor.py
[2026-09-17T07:24:58.344+0000] {logging_mixin.py:190} INFO - [2026-09-17T07:24:58.343+0000] {dag.py:3211} INFO - Sync 1 DAGs
[2026-09-17T07:24:58.372+0000] {logging_mixin.py:190} INFO - [2026-09-17T07:24:58.371+0000] {dag.py:4138} INFO - Setting next_dagrun for dag_isi_data_mart_testing to None, run_after=None
[2026-09-17T07:24:58.426+0000] {processor.py:208} INFO - Processing /opt/airflow/dags/processor.py took 0.149 seconds
[2026-09-17T07:25:28.536+0000] {processor.py:186} INFO - Started process (PID=1371) to work on /opt/airflow/dags/processor.py
[2026-09-17T07:25:28.537+0000] {processor.py:914} INFO - Processing file /opt/airflow/dags/processor.py for tasks to queue
[2026-09-17T07:25:28.538+0000] {logging_mixin.py:190} INFO - [2026-09-17T07:25:28.538+0000] {dagbag.py:587} INFO - Filling up the DagBag from /opt/airflow/dags/processor.py
[2026-09-17T07:25:28.557+0000] {processor.py:925} INFO - DAG(s) 'dag_isi_data_mart_testing' retrieved from /opt/airflow/dags/processor.py
[2026-09-17T07:25:28.593+0000] {logging_mixin.py:190} INFO - [2026-09-17T07:25:28.592+0000] {dag.py:3211} INFO - Sync 1 DAGs
[2026-09-17T07:25:28.608+0000] {logging_mixin.py:190} INFO - [2026-09-17T07:25:28.608+0000] {dag.py:4138} INFO - Setting next_dagrun for dag_isi_data_mart_testing to None, run_after=None
[2026-09-17T07:25:28.629+0000] {processor.py:208} INFO - Processing /opt/airflow/dags/processor.py took 0.102 seconds
[2026-09-17T07:25:58.973+0000] {processor.py:186} INFO - Started process (PID=1380) to work on /opt/airflow/dags/processor.py
[2026-09-17T07:25:58.974+0000] {processor.py:914} INFO - Processing file /opt/airflow/dags/processor.py for tasks to queue
[2026-09-17T07:25:58.975+0000] {logging_mixin.py:190} INFO - [2026-09-17T07:25:58.975+0000] {dagbag.py:587} INFO - Filling up the DagBag from /opt/airflow/dags/processor.py
[2026-09-17T07:25:58.996+0000] {processor.py:925} INFO - DAG(s) 'dag_isi_data_mart_testing' retrieved from /opt/airflow/dags/processor.py
[2026-09-17T07:25:59.041+0000] {logging_mixin.py:190} INFO - [2026-09-17T07:25:59.041+0000] {dag.py:3211} INFO - Sync 1 DAGs
[2026-09-17T07:25:59.064+0000] {logging_mixin.py:190} INFO - [2026-09-17T07:25:59.064+0000] {dag.py:4138} INFO - Setting next_dagrun for dag_isi_data_mart_testing to None, run_after=None
[2026-09-17T07:25:59.095+0000] {processor.py:208} INFO - Processing /opt/airflow/dags/processor.py took 0.131 seconds
[2026-09-17T07:26:29.385+0000] {processor.py:186} INFO - Started process (PID=1389) to work on /opt/airflow/dags/processor.py
[2026-09-17T07:26:29.386+0000] {processor.py:914} INFO - Processing file /opt/airflow/dags/processor.py for tasks to queue
[2026-09-17T07:26:29.389+0000] {logging_mixin.py:190} INFO - [2026-09-17T07:26:29.388+0000] {dagbag.py:587} INFO - Filling up the DagBag from /opt/airflow/dags/processor.py
[2026-09-17T07:26:29.405+0000] {processor.py:925} INFO - DAG(s) 'dag_isi_data_mart_testing' retrieved from /opt/airflow/dags/processor.py
[2026-09-17T07:26:29.440+0000] {logging_mixin.py:190} INFO - [2026-09-17T07:26:29.440+0000] {dag.py:3211} INFO - Sync 1 DAGs
[2026-09-17T07:26:29.458+0000] {logging_mixin.py:190} INFO - [2026-09-17T07:26:29.457+0000] {dag.py:4138} INFO - Setting next_dagrun for dag_isi_data_mart_testing to None, run_after=None
[2026-09-17T07:26:29.481+0000] {processor.py:208} INFO - Processing /opt/airflow/dags/processor.py took 0.102 seconds
[2026-09-17T07:26:59.735+0000] {processor.py:186} INFO - Started process (PID=1398) to work on /opt/airflow/dags/processor.py
[2026-09-17T07:26:59.736+0000] {processor.py:914} INFO - Processing file /opt/airflow/dags/processor.py for tasks to queue
[2026-09-17T07:26:59.738+0000] {logging_mixin.py:190} INFO - [2026-09-17T07:26:59.737+0000] {dagbag.py:587} INFO - Filling up the DagBag from /opt/airflow/dags/processor.py
[2026-09-17T07:26:59.756+0000] {processor.py:925} INFO - DAG(s) 'dag_isi_data_mart_testing' retrieved from /opt/airflow/dags/processor.py
[2026-09-17T07:26:59.788+0000] {logging_mixin.py:190} INFO - [2026-09-17T07:26:59.787+0000] {dag.py:3211} INFO - Sync 1 DAGs
[2026-09-17T07:26:59.804+0000] {logging_mixin.py:190} INFO - [2026-09-17T07:26:59.803+0000] {dag.py:4138} INFO - Setting next_dagrun for dag_isi_data_mart_testing to None, run_after=None
[2026-09-17T07:26:59.825+0000] {processor.py:208} INFO - Processing /opt/airflow/dags/processor.py took 0.098 seconds
[2026-09-17T07:27:30.075+0000] {processor.py:186} INFO - Started process (PID=1407) to work on /opt/airflow/dags/processor.py
[2026-09-17T07:27:30.076+0000] {processor.py:914} INFO - Processing file /opt/airflow/dags/processor.py for tasks to queue
[2026-09-17T07:27:30.078+0000] {logging_mixin.py:190} INFO - [2026-09-17T07:27:30.077+0000] {dagbag.py:587} INFO - Filling up the DagBag from /opt/airflow/dags/processor.py
[2026-09-17T07:27:30.094+0000] {processor.py:925} INFO - DAG(s) 'dag_isi_data_mart_testing' retrieved from /opt/airflow/dags/processor.py
[2026-09-17T07:27:30.128+0000] {logging_mixin.py:190} INFO - [2026-09-17T07:27:30.128+0000] {dag.py:3211} INFO - Sync 1 DAGs
[2026-09-17T07:27:30.145+0000] {logging_mixin.py:190} INFO - [2026-09-17T07:27:30.145+0000] {dag.py:4138} INFO - Setting next_dagrun for dag_isi_data_mart_testing to None, run_after=None
[2026-09-17T07:27:30.172+0000] {processor.py:208} INFO - Processing /opt/airflow/dags/processor.py took 0.103 seconds
[2026-09-17T07:28:00.468+0000] {processor.py:186} INFO - Started process (PID=1416) to work on /opt/airflow/dags/processor.py
[2026-09-17T07:28:00.469+0000] {processor.py:914} INFO - Processing file /opt/airflow/dags/processor.py for tasks to queue
[2026-09-17T07:28:00.470+0000] {logging_mixin.py:190} INFO - [2026-09-17T07:28:00.470+0000] {dagbag.py:587} INFO - Filling up the DagBag from /opt/airflow/dags/processor.py
[2026-09-17T07:28:00.487+0000] {processor.py:925} INFO - DAG(s) 'dag_isi_data_mart_testing' retrieved from /opt/airflow/dags/processor.py
[2026-09-17T07:28:00.522+0000] {logging_mixin.py:190} INFO - [2026-09-17T07:28:00.521+0000] {dag.py:3211} INFO - Sync 1 DAGs
[2026-09-17T07:28:00.538+0000] {logging_mixin.py:190} INFO - [2026-09-17T07:28:00.537+0000] {dag.py:4138} INFO - Setting next_dagrun for dag_isi_data_mart_testing to None, run_after=None
[2026-09-17T07:28:00.558+0000] {processor.py:208} INFO - Processing /opt/airflow/dags/processor.py took 0.097 seconds
[2026-09-17T07:28:30.855+0000] {processor.py:186} INFO - Started process (PID=1425) to work on /opt/airflow/dags/processor.py
[2026-09-17T07:28:30.856+0000] {processor.py:914} INFO - Processing file /opt/airflow/dags/processor.py for tasks to queue
[2026-09-17T07:28:30.858+0000] {logging_mixin.py:190} INFO - [2026-09-17T07:28:30.857+0000] {dagbag.py:587} INFO - Filling up the DagBag from /opt/airflow/dags/processor.py
[2026-09-17T07:28:30.873+0000] {processor.py:925} INFO - DAG(s) 'dag_isi_data_mart_testing' retrieved from /opt/airflow/dags/processor.py
[2026-09-17T07:28:30.905+0000] {logging_mixin.py:190} INFO - [2026-09-17T07:28:30.905+0000] {dag.py:3211} INFO - Sync 1 DAGs
[2026-09-17T07:28:30.922+0000] {logging_mixin.py:190} INFO - [2026-09-17T07:28:30.921+0000] {dag.py:4138} INFO - Setting next_dagrun for dag_isi_data_mart_testing to None, run_after=None
[2026-09-17T07:28:30.941+0000] {processor.py:208} INFO - Processing /opt/airflow/dags/processor.py took 0.092 seconds
[2026-09-17T07:29:01.223+0000] {processor.py:186} INFO - Started process (PID=1434) to work on /opt/airflow/dags/processor.py
[2026-09-17T07:29:01.224+0000] {processor.py:914} INFO - Processing file /opt/airflow/dags/processor.py for tasks to queue
[2026-09-17T07:29:01.226+0000] {logging_mixin.py:190} INFO - [2026-09-17T07:29:01.225+0000] {dagbag.py:587} INFO - Filling up the DagBag from /opt/airflow/dags/processor.py
[2026-09-17T07:29:01.242+0000] {processor.py:925} INFO - DAG(s) 'dag_isi_data_mart_testing' retrieved from /opt/airflow/dags/processor.py
[2026-09-17T07:29:01.280+0000] {logging_mixin.py:190} INFO - [2026-09-17T07:29:01.280+0000] {dag.py:3211} INFO - Sync 1 DAGs
[2026-09-17T07:29:01.316+0000] {logging_mixin.py:190} INFO - [2026-09-17T07:29:01.316+0000] {dag.py:4138} INFO - Setting next_dagrun for dag_isi_data_mart_testing to None, run_after=None
[2026-09-17T07:29:01.445+0000] {processor.py:208} INFO - Processing /opt/airflow/dags/processor.py took 0.230 seconds
[2026-09-17T07:29:31.580+0000] {processor.py:186} INFO - Started process (PID=1443) to work on /opt/airflow/dags/processor.py
[2026-09-17T07:29:31.581+0000] {processor.py:914} INFO - Processing file /opt/airflow/dags/processor.py for tasks to queue
[2026-09-17T07:29:31.583+0000] {logging_mixin.py:190} INFO - [2026-09-17T07:29:31.582+0000] {dagbag.py:587} INFO - Filling up the DagBag from /opt/airflow/dags/processor.py
[2026-09-17T07:29:31.610+0000] {processor.py:925} INFO - DAG(s) 'dag_isi_data_mart_testing' retrieved from /opt/airflow/dags/processor.py
[2026-09-17T07:29:31.666+0000] {logging_mixin.py:190} INFO - [2026-09-17T07:29:31.665+0000] {dag.py:3211} INFO - Sync 1 DAGs
[2026-09-17T07:29:31.692+0000] {logging_mixin.py:190} INFO - [2026-09-17T07:29:31.691+0000] {dag.py:4138} INFO - Setting next_dagrun for dag_isi_data_mart_testing to None, run_after=None
[2026-09-17T07:29:31.720+0000] {processor.py:208} INFO - Processing /opt/airflow/dags/processor.py took 0.148 seconds
[2026-09-17T07:30:01.988+0000] {processor.py:186} INFO - Started process (PID=1452) to work on /opt/airflow/dags/processor.py
[2026-09-17T07:30:01.989+0000] {processor.py:914} INFO - Processing file /opt/airflow/dags/processor.py for tasks to queue
[2026-09-17T07:30:01.991+0000] {logging_mixin.py:190} INFO - [2026-09-17T07:30:01.990+0000] {dagbag.py:587} INFO - Filling up the DagBag from /opt/airflow/dags/processor.py
[2026-09-17T07:30:02.007+0000] {processor.py:925} INFO - DAG(s) 'dag_isi_data_mart_testing' retrieved from /opt/airflow/dags/processor.py
[2026-09-17T07:30:02.038+0000] {logging_mixin.py:190} INFO - [2026-09-17T07:30:02.038+0000] {dag.py:3211} INFO - Sync 1 DAGs
[2026-09-17T07:30:02.054+0000] {logging_mixin.py:190} INFO - [2026-09-17T07:30:02.054+0000] {dag.py:4138} INFO - Setting next_dagrun for dag_isi_data_mart_testing to None, run_after=None
[2026-09-17T07:30:02.072+0000] {processor.py:208} INFO - Processing /opt/airflow/dags/processor.py took 0.090 seconds
[2026-09-17T07:30:32.338+0000] {processor.py:186} INFO - Started process (PID=1461) to work on /opt/airflow/dags/processor.py
[2026-09-17T07:30:32.340+0000] {processor.py:914} INFO - Processing file /opt/airflow/dags/processor.py for tasks to queue
[2026-09-17T07:30:32.341+0000] {logging_mixin.py:190} INFO - [2026-09-17T07:30:32.341+0000] {dagbag.py:587} INFO - Filling up the DagBag from /opt/airflow/dags/processor.py
[2026-09-17T07:30:32.363+0000] {processor.py:925} INFO - DAG(s) 'dag_isi_data_mart_testing' retrieved from /opt/airflow/dags/processor.py
[2026-09-17T07:30:32.401+0000] {logging_mixin.py:190} INFO - [2026-09-17T07:30:32.401+0000] {dag.py:3211} INFO - Sync 1 DAGs
[2026-09-17T07:30:32.422+0000] {logging_mixin.py:190} INFO - [2026-09-17T07:30:32.421+0000] {dag.py:4138} INFO - Setting next_dagrun for dag_isi_data_mart_testing to None, run_after=None
[2026-09-17T07:30:32.450+0000] {processor.py:208} INFO - Processing /opt/airflow/dags/processor.py took 0.123 seconds
