[2026-07-12T12:55:38.542+0000] {processor.py:186} INFO - Started process (PID=1021) to work on /opt/airflow/dags/etl_to_datamart.py
[2026-07-12T12:55:38.547+0000] {processor.py:914} INFO - Processing file /opt/airflow/dags/etl_to_datamart.py for tasks to queue
[2026-07-12T12:55:38.570+0000] {logging_mixin.py:190} INFO - [2026-07-12T12:55:38.568+0000] {dagbag.py:587} INFO - Filling up the DagBag from /opt/airflow/dags/etl_to_datamart.py
[2026-07-12T12:55:38.800+0000] {processor.py:925} INFO - DAG(s) 'dag_isi_data_mart' retrieved from /opt/airflow/dags/etl_to_datamart.py
[2026-07-12T12:55:38.920+0000] {logging_mixin.py:190} INFO - [2026-07-12T12:55:38.920+0000] {dag.py:3211} INFO - Sync 1 DAGs
[2026-07-12T12:55:38.974+0000] {logging_mixin.py:190} INFO - [2026-07-12T12:55:38.973+0000] {dag.py:4138} INFO - Setting next_dagrun for dag_isi_data_mart to None, run_after=None
[2026-07-12T12:55:39.014+0000] {processor.py:208} INFO - Processing /opt/airflow/dags/etl_to_datamart.py took 0.505 seconds
[2026-07-12T12:56:09.360+0000] {processor.py:186} INFO - Started process (PID=1029) to work on /opt/airflow/dags/etl_to_datamart.py
[2026-07-12T12:56:09.361+0000] {processor.py:914} INFO - Processing file /opt/airflow/dags/etl_to_datamart.py for tasks to queue
[2026-07-12T12:56:09.364+0000] {logging_mixin.py:190} INFO - [2026-07-12T12:56:09.363+0000] {dagbag.py:587} INFO - Filling up the DagBag from /opt/airflow/dags/etl_to_datamart.py
[2026-07-12T12:56:09.380+0000] {processor.py:925} INFO - DAG(s) 'dag_isi_data_mart' retrieved from /opt/airflow/dags/etl_to_datamart.py
[2026-07-12T12:56:09.420+0000] {logging_mixin.py:190} INFO - [2026-07-12T12:56:09.419+0000] {dag.py:3211} INFO - Sync 1 DAGs
[2026-07-12T12:56:09.433+0000] {logging_mixin.py:190} INFO - [2026-07-12T12:56:09.432+0000] {dag.py:4138} INFO - Setting next_dagrun for dag_isi_data_mart to None, run_after=None
[2026-07-12T12:56:09.457+0000] {processor.py:208} INFO - Processing /opt/airflow/dags/etl_to_datamart.py took 0.103 seconds
[2026-07-12T12:56:39.689+0000] {processor.py:186} INFO - Started process (PID=1037) to work on /opt/airflow/dags/etl_to_datamart.py
[2026-07-12T12:56:39.690+0000] {processor.py:914} INFO - Processing file /opt/airflow/dags/etl_to_datamart.py for tasks to queue
[2026-07-12T12:56:39.692+0000] {logging_mixin.py:190} INFO - [2026-07-12T12:56:39.692+0000] {dagbag.py:587} INFO - Filling up the DagBag from /opt/airflow/dags/etl_to_datamart.py
[2026-07-12T12:56:39.708+0000] {processor.py:925} INFO - DAG(s) 'dag_isi_data_mart' retrieved from /opt/airflow/dags/etl_to_datamart.py
[2026-07-12T12:56:39.748+0000] {logging_mixin.py:190} INFO - [2026-07-12T12:56:39.748+0000] {dag.py:3211} INFO - Sync 1 DAGs
[2026-07-12T12:56:39.762+0000] {logging_mixin.py:190} INFO - [2026-07-12T12:56:39.762+0000] {dag.py:4138} INFO - Setting next_dagrun for dag_isi_data_mart to None, run_after=None
[2026-07-12T12:56:39.785+0000] {processor.py:208} INFO - Processing /opt/airflow/dags/etl_to_datamart.py took 0.104 seconds
[2026-07-12T12:57:10.149+0000] {processor.py:186} INFO - Started process (PID=1045) to work on /opt/airflow/dags/etl_to_datamart.py
[2026-07-12T12:57:10.151+0000] {processor.py:914} INFO - Processing file /opt/airflow/dags/etl_to_datamart.py for tasks to queue
[2026-07-12T12:57:10.161+0000] {logging_mixin.py:190} INFO - [2026-07-12T12:57:10.160+0000] {dagbag.py:587} INFO - Filling up the DagBag from /opt/airflow/dags/etl_to_datamart.py
[2026-07-12T12:57:10.206+0000] {processor.py:925} INFO - DAG(s) 'dag_isi_data_mart' retrieved from /opt/airflow/dags/etl_to_datamart.py
[2026-07-12T12:57:10.247+0000] {logging_mixin.py:190} INFO - [2026-07-12T12:57:10.246+0000] {dag.py:3211} INFO - Sync 1 DAGs
[2026-07-12T12:57:10.265+0000] {logging_mixin.py:190} INFO - [2026-07-12T12:57:10.265+0000] {dag.py:4138} INFO - Setting next_dagrun for dag_isi_data_mart to None, run_after=None
[2026-07-12T12:57:10.287+0000] {processor.py:208} INFO - Processing /opt/airflow/dags/etl_to_datamart.py took 0.158 seconds
[2026-07-12T12:57:40.640+0000] {processor.py:186} INFO - Started process (PID=1053) to work on /opt/airflow/dags/etl_to_datamart.py
[2026-07-12T12:57:40.641+0000] {processor.py:914} INFO - Processing file /opt/airflow/dags/etl_to_datamart.py for tasks to queue
[2026-07-12T12:57:40.645+0000] {logging_mixin.py:190} INFO - [2026-07-12T12:57:40.645+0000] {dagbag.py:587} INFO - Filling up the DagBag from /opt/airflow/dags/etl_to_datamart.py
[2026-07-12T12:57:40.661+0000] {processor.py:925} INFO - DAG(s) 'dag_isi_data_mart' retrieved from /opt/airflow/dags/etl_to_datamart.py
[2026-07-12T12:57:40.696+0000] {logging_mixin.py:190} INFO - [2026-07-12T12:57:40.696+0000] {dag.py:3211} INFO - Sync 1 DAGs
[2026-07-12T12:57:40.713+0000] {logging_mixin.py:190} INFO - [2026-07-12T12:57:40.712+0000] {dag.py:4138} INFO - Setting next_dagrun for dag_isi_data_mart to None, run_after=None
[2026-07-12T12:57:40.738+0000] {processor.py:208} INFO - Processing /opt/airflow/dags/etl_to_datamart.py took 0.105 seconds
[2026-07-12T12:58:10.997+0000] {processor.py:186} INFO - Started process (PID=1061) to work on /opt/airflow/dags/etl_to_datamart.py
[2026-07-12T12:58:10.999+0000] {processor.py:914} INFO - Processing file /opt/airflow/dags/etl_to_datamart.py for tasks to queue
[2026-07-12T12:58:11.003+0000] {logging_mixin.py:190} INFO - [2026-07-12T12:58:11.002+0000] {dagbag.py:587} INFO - Filling up the DagBag from /opt/airflow/dags/etl_to_datamart.py
[2026-07-12T12:58:11.023+0000] {processor.py:925} INFO - DAG(s) 'dag_isi_data_mart' retrieved from /opt/airflow/dags/etl_to_datamart.py
[2026-07-12T12:58:11.065+0000] {logging_mixin.py:190} INFO - [2026-07-12T12:58:11.065+0000] {dag.py:3211} INFO - Sync 1 DAGs
[2026-07-12T12:58:11.082+0000] {logging_mixin.py:190} INFO - [2026-07-12T12:58:11.082+0000] {dag.py:4138} INFO - Setting next_dagrun for dag_isi_data_mart to None, run_after=None
[2026-07-12T12:58:11.113+0000] {processor.py:208} INFO - Processing /opt/airflow/dags/etl_to_datamart.py took 0.123 seconds
[2026-07-12T12:58:41.538+0000] {processor.py:186} INFO - Started process (PID=1069) to work on /opt/airflow/dags/etl_to_datamart.py
[2026-07-12T12:58:41.542+0000] {processor.py:914} INFO - Processing file /opt/airflow/dags/etl_to_datamart.py for tasks to queue
[2026-07-12T12:58:41.548+0000] {logging_mixin.py:190} INFO - [2026-07-12T12:58:41.547+0000] {dagbag.py:587} INFO - Filling up the DagBag from /opt/airflow/dags/etl_to_datamart.py
[2026-07-12T12:58:41.589+0000] {processor.py:925} INFO - DAG(s) 'dag_isi_data_mart' retrieved from /opt/airflow/dags/etl_to_datamart.py
[2026-07-12T12:58:41.667+0000] {logging_mixin.py:190} INFO - [2026-07-12T12:58:41.666+0000] {dag.py:3211} INFO - Sync 1 DAGs
[2026-07-12T12:58:41.701+0000] {logging_mixin.py:190} INFO - [2026-07-12T12:58:41.700+0000] {dag.py:4138} INFO - Setting next_dagrun for dag_isi_data_mart to None, run_after=None
[2026-07-12T12:58:41.753+0000] {processor.py:208} INFO - Processing /opt/airflow/dags/etl_to_datamart.py took 0.238 seconds
[2026-07-12T12:59:12.142+0000] {processor.py:186} INFO - Started process (PID=1077) to work on /opt/airflow/dags/etl_to_datamart.py
[2026-07-12T12:59:12.144+0000] {processor.py:914} INFO - Processing file /opt/airflow/dags/etl_to_datamart.py for tasks to queue
[2026-07-12T12:59:12.147+0000] {logging_mixin.py:190} INFO - [2026-07-12T12:59:12.146+0000] {dagbag.py:587} INFO - Filling up the DagBag from /opt/airflow/dags/etl_to_datamart.py
[2026-07-12T12:59:12.168+0000] {processor.py:925} INFO - DAG(s) 'dag_isi_data_mart' retrieved from /opt/airflow/dags/etl_to_datamart.py
[2026-07-12T12:59:12.214+0000] {logging_mixin.py:190} INFO - [2026-07-12T12:59:12.213+0000] {dag.py:3211} INFO - Sync 1 DAGs
[2026-07-12T12:59:12.233+0000] {logging_mixin.py:190} INFO - [2026-07-12T12:59:12.233+0000] {dag.py:4138} INFO - Setting next_dagrun for dag_isi_data_mart to None, run_after=None
[2026-07-12T12:59:12.261+0000] {processor.py:208} INFO - Processing /opt/airflow/dags/etl_to_datamart.py took 0.127 seconds
[2026-07-12T12:59:42.666+0000] {processor.py:186} INFO - Started process (PID=1085) to work on /opt/airflow/dags/etl_to_datamart.py
[2026-07-12T12:59:42.668+0000] {processor.py:914} INFO - Processing file /opt/airflow/dags/etl_to_datamart.py for tasks to queue
[2026-07-12T12:59:42.672+0000] {logging_mixin.py:190} INFO - [2026-07-12T12:59:42.671+0000] {dagbag.py:587} INFO - Filling up the DagBag from /opt/airflow/dags/etl_to_datamart.py
[2026-07-12T12:59:42.699+0000] {processor.py:925} INFO - DAG(s) 'dag_isi_data_mart' retrieved from /opt/airflow/dags/etl_to_datamart.py
[2026-07-12T12:59:42.769+0000] {logging_mixin.py:190} INFO - [2026-07-12T12:59:42.768+0000] {dag.py:3211} INFO - Sync 1 DAGs
[2026-07-12T12:59:42.795+0000] {logging_mixin.py:190} INFO - [2026-07-12T12:59:42.793+0000] {dag.py:4138} INFO - Setting next_dagrun for dag_isi_data_mart to None, run_after=None
[2026-07-12T12:59:42.839+0000] {processor.py:208} INFO - Processing /opt/airflow/dags/etl_to_datamart.py took 0.182 seconds
[2026-07-12T13:00:13.047+0000] {processor.py:186} INFO - Started process (PID=1093) to work on /opt/airflow/dags/etl_to_datamart.py
[2026-07-12T13:00:13.048+0000] {processor.py:914} INFO - Processing file /opt/airflow/dags/etl_to_datamart.py for tasks to queue
[2026-07-12T13:00:13.052+0000] {logging_mixin.py:190} INFO - [2026-07-12T13:00:13.051+0000] {dagbag.py:587} INFO - Filling up the DagBag from /opt/airflow/dags/etl_to_datamart.py
[2026-07-12T13:00:13.073+0000] {processor.py:925} INFO - DAG(s) 'dag_isi_data_mart' retrieved from /opt/airflow/dags/etl_to_datamart.py
[2026-07-12T13:00:13.127+0000] {logging_mixin.py:190} INFO - [2026-07-12T13:00:13.127+0000] {dag.py:3211} INFO - Sync 1 DAGs
[2026-07-12T13:00:13.148+0000] {logging_mixin.py:190} INFO - [2026-07-12T13:00:13.147+0000] {dag.py:4138} INFO - Setting next_dagrun for dag_isi_data_mart to None, run_after=None
[2026-07-12T13:00:13.180+0000] {processor.py:208} INFO - Processing /opt/airflow/dags/etl_to_datamart.py took 0.142 seconds
[2026-07-12T13:00:43.676+0000] {processor.py:186} INFO - Started process (PID=1101) to work on /opt/airflow/dags/etl_to_datamart.py
[2026-07-12T13:00:43.677+0000] {processor.py:914} INFO - Processing file /opt/airflow/dags/etl_to_datamart.py for tasks to queue
[2026-07-12T13:00:43.681+0000] {logging_mixin.py:190} INFO - [2026-07-12T13:00:43.680+0000] {dagbag.py:587} INFO - Filling up the DagBag from /opt/airflow/dags/etl_to_datamart.py
[2026-07-12T13:00:43.701+0000] {processor.py:925} INFO - DAG(s) 'dag_isi_data_mart' retrieved from /opt/airflow/dags/etl_to_datamart.py
[2026-07-12T13:00:43.751+0000] {logging_mixin.py:190} INFO - [2026-07-12T13:00:43.750+0000] {dag.py:3211} INFO - Sync 1 DAGs
[2026-07-12T13:00:43.768+0000] {logging_mixin.py:190} INFO - [2026-07-12T13:00:43.768+0000] {dag.py:4138} INFO - Setting next_dagrun for dag_isi_data_mart to None, run_after=None
[2026-07-12T13:00:43.796+0000] {processor.py:208} INFO - Processing /opt/airflow/dags/etl_to_datamart.py took 0.130 seconds
[2026-07-12T13:01:14.063+0000] {processor.py:186} INFO - Started process (PID=1109) to work on /opt/airflow/dags/etl_to_datamart.py
[2026-07-12T13:01:14.065+0000] {processor.py:914} INFO - Processing file /opt/airflow/dags/etl_to_datamart.py for tasks to queue
[2026-07-12T13:01:14.068+0000] {logging_mixin.py:190} INFO - [2026-07-12T13:01:14.067+0000] {dagbag.py:587} INFO - Filling up the DagBag from /opt/airflow/dags/etl_to_datamart.py
[2026-07-12T13:01:14.086+0000] {processor.py:925} INFO - DAG(s) 'dag_isi_data_mart' retrieved from /opt/airflow/dags/etl_to_datamart.py
[2026-07-12T13:01:14.124+0000] {logging_mixin.py:190} INFO - [2026-07-12T13:01:14.124+0000] {dag.py:3211} INFO - Sync 1 DAGs
[2026-07-12T13:01:14.141+0000] {logging_mixin.py:190} INFO - [2026-07-12T13:01:14.141+0000] {dag.py:4138} INFO - Setting next_dagrun for dag_isi_data_mart to None, run_after=None
[2026-07-12T13:01:14.170+0000] {processor.py:208} INFO - Processing /opt/airflow/dags/etl_to_datamart.py took 0.113 seconds
[2026-07-12T13:01:44.529+0000] {processor.py:186} INFO - Started process (PID=1117) to work on /opt/airflow/dags/etl_to_datamart.py
[2026-07-12T13:01:44.531+0000] {processor.py:914} INFO - Processing file /opt/airflow/dags/etl_to_datamart.py for tasks to queue
[2026-07-12T13:01:44.534+0000] {logging_mixin.py:190} INFO - [2026-07-12T13:01:44.533+0000] {dagbag.py:587} INFO - Filling up the DagBag from /opt/airflow/dags/etl_to_datamart.py
[2026-07-12T13:01:44.550+0000] {processor.py:925} INFO - DAG(s) 'dag_isi_data_mart' retrieved from /opt/airflow/dags/etl_to_datamart.py
[2026-07-12T13:01:44.589+0000] {logging_mixin.py:190} INFO - [2026-07-12T13:01:44.588+0000] {dag.py:3211} INFO - Sync 1 DAGs
[2026-07-12T13:01:44.606+0000] {logging_mixin.py:190} INFO - [2026-07-12T13:01:44.606+0000] {dag.py:4138} INFO - Setting next_dagrun for dag_isi_data_mart to None, run_after=None
[2026-07-12T13:01:44.633+0000] {processor.py:208} INFO - Processing /opt/airflow/dags/etl_to_datamart.py took 0.110 seconds
[2026-07-12T13:02:14.870+0000] {processor.py:186} INFO - Started process (PID=1125) to work on /opt/airflow/dags/etl_to_datamart.py
[2026-07-12T13:02:14.872+0000] {processor.py:914} INFO - Processing file /opt/airflow/dags/etl_to_datamart.py for tasks to queue
[2026-07-12T13:02:14.874+0000] {logging_mixin.py:190} INFO - [2026-07-12T13:02:14.874+0000] {dagbag.py:587} INFO - Filling up the DagBag from /opt/airflow/dags/etl_to_datamart.py
[2026-07-12T13:02:14.891+0000] {processor.py:925} INFO - DAG(s) 'dag_isi_data_mart' retrieved from /opt/airflow/dags/etl_to_datamart.py
[2026-07-12T13:02:14.924+0000] {logging_mixin.py:190} INFO - [2026-07-12T13:02:14.924+0000] {dag.py:3211} INFO - Sync 1 DAGs
[2026-07-12T13:02:14.939+0000] {logging_mixin.py:190} INFO - [2026-07-12T13:02:14.939+0000] {dag.py:4138} INFO - Setting next_dagrun for dag_isi_data_mart to None, run_after=None
[2026-07-12T13:02:14.964+0000] {processor.py:208} INFO - Processing /opt/airflow/dags/etl_to_datamart.py took 0.100 seconds
[2026-07-12T13:02:45.281+0000] {processor.py:186} INFO - Started process (PID=1133) to work on /opt/airflow/dags/etl_to_datamart.py
[2026-07-12T13:02:45.282+0000] {processor.py:914} INFO - Processing file /opt/airflow/dags/etl_to_datamart.py for tasks to queue
[2026-07-12T13:02:45.285+0000] {logging_mixin.py:190} INFO - [2026-07-12T13:02:45.285+0000] {dagbag.py:587} INFO - Filling up the DagBag from /opt/airflow/dags/etl_to_datamart.py
[2026-07-12T13:02:45.304+0000] {processor.py:925} INFO - DAG(s) 'dag_isi_data_mart' retrieved from /opt/airflow/dags/etl_to_datamart.py
[2026-07-12T13:02:45.350+0000] {logging_mixin.py:190} INFO - [2026-07-12T13:02:45.350+0000] {dag.py:3211} INFO - Sync 1 DAGs
[2026-07-12T13:02:45.367+0000] {logging_mixin.py:190} INFO - [2026-07-12T13:02:45.367+0000] {dag.py:4138} INFO - Setting next_dagrun for dag_isi_data_mart to None, run_after=None
[2026-07-12T13:02:45.396+0000] {processor.py:208} INFO - Processing /opt/airflow/dags/etl_to_datamart.py took 0.124 seconds
[2026-07-12T13:03:15.669+0000] {processor.py:186} INFO - Started process (PID=1141) to work on /opt/airflow/dags/etl_to_datamart.py
[2026-07-12T13:03:15.671+0000] {processor.py:914} INFO - Processing file /opt/airflow/dags/etl_to_datamart.py for tasks to queue
[2026-07-12T13:03:15.675+0000] {logging_mixin.py:190} INFO - [2026-07-12T13:03:15.674+0000] {dagbag.py:587} INFO - Filling up the DagBag from /opt/airflow/dags/etl_to_datamart.py
[2026-07-12T13:03:15.702+0000] {processor.py:925} INFO - DAG(s) 'dag_isi_data_mart' retrieved from /opt/airflow/dags/etl_to_datamart.py
[2026-07-12T13:03:15.762+0000] {logging_mixin.py:190} INFO - [2026-07-12T13:03:15.761+0000] {dag.py:3211} INFO - Sync 1 DAGs
[2026-07-12T13:03:15.786+0000] {logging_mixin.py:190} INFO - [2026-07-12T13:03:15.786+0000] {dag.py:4138} INFO - Setting next_dagrun for dag_isi_data_mart to None, run_after=None
[2026-07-12T13:03:15.821+0000] {processor.py:208} INFO - Processing /opt/airflow/dags/etl_to_datamart.py took 0.162 seconds
[2026-07-12T13:03:46.171+0000] {processor.py:186} INFO - Started process (PID=1149) to work on /opt/airflow/dags/etl_to_datamart.py
[2026-07-12T13:03:46.172+0000] {processor.py:914} INFO - Processing file /opt/airflow/dags/etl_to_datamart.py for tasks to queue
[2026-07-12T13:03:46.175+0000] {logging_mixin.py:190} INFO - [2026-07-12T13:03:46.174+0000] {dagbag.py:587} INFO - Filling up the DagBag from /opt/airflow/dags/etl_to_datamart.py
[2026-07-12T13:03:46.194+0000] {processor.py:925} INFO - DAG(s) 'dag_isi_data_mart' retrieved from /opt/airflow/dags/etl_to_datamart.py
[2026-07-12T13:03:46.238+0000] {logging_mixin.py:190} INFO - [2026-07-12T13:03:46.238+0000] {dag.py:3211} INFO - Sync 1 DAGs
[2026-07-12T13:03:46.257+0000] {logging_mixin.py:190} INFO - [2026-07-12T13:03:46.257+0000] {dag.py:4138} INFO - Setting next_dagrun for dag_isi_data_mart to None, run_after=None
[2026-07-12T13:03:46.285+0000] {processor.py:208} INFO - Processing /opt/airflow/dags/etl_to_datamart.py took 0.121 seconds
[2026-07-12T13:04:16.580+0000] {processor.py:186} INFO - Started process (PID=1157) to work on /opt/airflow/dags/etl_to_datamart.py
[2026-07-12T13:04:16.582+0000] {processor.py:914} INFO - Processing file /opt/airflow/dags/etl_to_datamart.py for tasks to queue
[2026-07-12T13:04:16.585+0000] {logging_mixin.py:190} INFO - [2026-07-12T13:04:16.584+0000] {dagbag.py:587} INFO - Filling up the DagBag from /opt/airflow/dags/etl_to_datamart.py
[2026-07-12T13:04:16.604+0000] {processor.py:925} INFO - DAG(s) 'dag_isi_data_mart' retrieved from /opt/airflow/dags/etl_to_datamart.py
[2026-07-12T13:04:16.653+0000] {logging_mixin.py:190} INFO - [2026-07-12T13:04:16.652+0000] {dag.py:3211} INFO - Sync 1 DAGs
[2026-07-12T13:04:16.672+0000] {logging_mixin.py:190} INFO - [2026-07-12T13:04:16.671+0000] {dag.py:4138} INFO - Setting next_dagrun for dag_isi_data_mart to None, run_after=None
[2026-07-12T13:04:16.701+0000] {processor.py:208} INFO - Processing /opt/airflow/dags/etl_to_datamart.py took 0.131 seconds
[2026-07-12T13:04:47.100+0000] {processor.py:186} INFO - Started process (PID=1165) to work on /opt/airflow/dags/etl_to_datamart.py
[2026-07-12T13:04:47.101+0000] {processor.py:914} INFO - Processing file /opt/airflow/dags/etl_to_datamart.py for tasks to queue
[2026-07-12T13:04:47.104+0000] {logging_mixin.py:190} INFO - [2026-07-12T13:04:47.103+0000] {dagbag.py:587} INFO - Filling up the DagBag from /opt/airflow/dags/etl_to_datamart.py
[2026-07-12T13:04:47.125+0000] {processor.py:925} INFO - DAG(s) 'dag_isi_data_mart' retrieved from /opt/airflow/dags/etl_to_datamart.py
[2026-07-12T13:04:47.172+0000] {logging_mixin.py:190} INFO - [2026-07-12T13:04:47.172+0000] {dag.py:3211} INFO - Sync 1 DAGs
[2026-07-12T13:04:47.197+0000] {logging_mixin.py:190} INFO - [2026-07-12T13:04:47.197+0000] {dag.py:4138} INFO - Setting next_dagrun for dag_isi_data_mart to None, run_after=None
[2026-07-12T13:04:47.238+0000] {processor.py:208} INFO - Processing /opt/airflow/dags/etl_to_datamart.py took 0.145 seconds
[2026-07-12T13:05:17.499+0000] {processor.py:186} INFO - Started process (PID=1173) to work on /opt/airflow/dags/etl_to_datamart.py
[2026-07-12T13:05:17.500+0000] {processor.py:914} INFO - Processing file /opt/airflow/dags/etl_to_datamart.py for tasks to queue
[2026-07-12T13:05:17.504+0000] {logging_mixin.py:190} INFO - [2026-07-12T13:05:17.503+0000] {dagbag.py:587} INFO - Filling up the DagBag from /opt/airflow/dags/etl_to_datamart.py
[2026-07-12T13:05:17.524+0000] {processor.py:925} INFO - DAG(s) 'dag_isi_data_mart' retrieved from /opt/airflow/dags/etl_to_datamart.py
[2026-07-12T13:05:17.571+0000] {logging_mixin.py:190} INFO - [2026-07-12T13:05:17.571+0000] {dag.py:3211} INFO - Sync 1 DAGs
[2026-07-12T13:05:17.593+0000] {logging_mixin.py:190} INFO - [2026-07-12T13:05:17.592+0000] {dag.py:4138} INFO - Setting next_dagrun for dag_isi_data_mart to None, run_after=None
[2026-07-12T13:05:17.626+0000] {processor.py:208} INFO - Processing /opt/airflow/dags/etl_to_datamart.py took 0.134 seconds
[2026-07-12T13:05:48.015+0000] {processor.py:186} INFO - Started process (PID=1181) to work on /opt/airflow/dags/etl_to_datamart.py
[2026-07-12T13:05:48.015+0000] {processor.py:914} INFO - Processing file /opt/airflow/dags/etl_to_datamart.py for tasks to queue
[2026-07-12T13:05:48.020+0000] {logging_mixin.py:190} INFO - [2026-07-12T13:05:48.019+0000] {dagbag.py:587} INFO - Filling up the DagBag from /opt/airflow/dags/etl_to_datamart.py
[2026-07-12T13:05:48.038+0000] {processor.py:925} INFO - DAG(s) 'dag_isi_data_mart' retrieved from /opt/airflow/dags/etl_to_datamart.py
[2026-07-12T13:05:48.079+0000] {logging_mixin.py:190} INFO - [2026-07-12T13:05:48.079+0000] {dag.py:3211} INFO - Sync 1 DAGs
[2026-07-12T13:05:48.095+0000] {logging_mixin.py:190} INFO - [2026-07-12T13:05:48.095+0000] {dag.py:4138} INFO - Setting next_dagrun for dag_isi_data_mart to None, run_after=None
[2026-07-12T13:05:48.120+0000] {processor.py:208} INFO - Processing /opt/airflow/dags/etl_to_datamart.py took 0.116 seconds
[2026-07-12T13:06:18.334+0000] {processor.py:186} INFO - Started process (PID=1189) to work on /opt/airflow/dags/etl_to_datamart.py
[2026-07-12T13:06:18.335+0000] {processor.py:914} INFO - Processing file /opt/airflow/dags/etl_to_datamart.py for tasks to queue
[2026-07-12T13:06:18.337+0000] {logging_mixin.py:190} INFO - [2026-07-12T13:06:18.337+0000] {dagbag.py:587} INFO - Filling up the DagBag from /opt/airflow/dags/etl_to_datamart.py
[2026-07-12T13:06:18.353+0000] {processor.py:925} INFO - DAG(s) 'dag_isi_data_mart' retrieved from /opt/airflow/dags/etl_to_datamart.py
[2026-07-12T13:06:18.390+0000] {logging_mixin.py:190} INFO - [2026-07-12T13:06:18.389+0000] {dag.py:3211} INFO - Sync 1 DAGs
[2026-07-12T13:06:18.404+0000] {logging_mixin.py:190} INFO - [2026-07-12T13:06:18.404+0000] {dag.py:4138} INFO - Setting next_dagrun for dag_isi_data_mart to None, run_after=None
[2026-07-12T13:06:18.428+0000] {processor.py:208} INFO - Processing /opt/airflow/dags/etl_to_datamart.py took 0.101 seconds
[2026-07-12T13:06:48.759+0000] {processor.py:186} INFO - Started process (PID=1197) to work on /opt/airflow/dags/etl_to_datamart.py
[2026-07-12T13:06:48.760+0000] {processor.py:914} INFO - Processing file /opt/airflow/dags/etl_to_datamart.py for tasks to queue
[2026-07-12T13:06:48.762+0000] {logging_mixin.py:190} INFO - [2026-07-12T13:06:48.762+0000] {dagbag.py:587} INFO - Filling up the DagBag from /opt/airflow/dags/etl_to_datamart.py
[2026-07-12T13:06:48.777+0000] {processor.py:925} INFO - DAG(s) 'dag_isi_data_mart' retrieved from /opt/airflow/dags/etl_to_datamart.py
[2026-07-12T13:06:48.813+0000] {logging_mixin.py:190} INFO - [2026-07-12T13:06:48.813+0000] {dag.py:3211} INFO - Sync 1 DAGs
[2026-07-12T13:06:48.826+0000] {logging_mixin.py:190} INFO - [2026-07-12T13:06:48.826+0000] {dag.py:4138} INFO - Setting next_dagrun for dag_isi_data_mart to None, run_after=None
[2026-07-12T13:06:48.850+0000] {processor.py:208} INFO - Processing /opt/airflow/dags/etl_to_datamart.py took 0.098 seconds
[2026-07-12T13:07:19.078+0000] {processor.py:186} INFO - Started process (PID=1205) to work on /opt/airflow/dags/etl_to_datamart.py
[2026-07-12T13:07:19.079+0000] {processor.py:914} INFO - Processing file /opt/airflow/dags/etl_to_datamart.py for tasks to queue
[2026-07-12T13:07:19.082+0000] {logging_mixin.py:190} INFO - [2026-07-12T13:07:19.081+0000] {dagbag.py:587} INFO - Filling up the DagBag from /opt/airflow/dags/etl_to_datamart.py
[2026-07-12T13:07:19.097+0000] {processor.py:925} INFO - DAG(s) 'dag_isi_data_mart' retrieved from /opt/airflow/dags/etl_to_datamart.py
[2026-07-12T13:07:19.135+0000] {logging_mixin.py:190} INFO - [2026-07-12T13:07:19.135+0000] {dag.py:3211} INFO - Sync 1 DAGs
[2026-07-12T13:07:19.150+0000] {logging_mixin.py:190} INFO - [2026-07-12T13:07:19.150+0000] {dag.py:4138} INFO - Setting next_dagrun for dag_isi_data_mart to None, run_after=None
[2026-07-12T13:07:19.173+0000] {processor.py:208} INFO - Processing /opt/airflow/dags/etl_to_datamart.py took 0.101 seconds
[2026-07-12T13:07:49.479+0000] {processor.py:186} INFO - Started process (PID=1213) to work on /opt/airflow/dags/etl_to_datamart.py
[2026-07-12T13:07:49.480+0000] {processor.py:914} INFO - Processing file /opt/airflow/dags/etl_to_datamart.py for tasks to queue
[2026-07-12T13:07:49.482+0000] {logging_mixin.py:190} INFO - [2026-07-12T13:07:49.482+0000] {dagbag.py:587} INFO - Filling up the DagBag from /opt/airflow/dags/etl_to_datamart.py
[2026-07-12T13:07:49.497+0000] {processor.py:925} INFO - DAG(s) 'dag_isi_data_mart' retrieved from /opt/airflow/dags/etl_to_datamart.py
[2026-07-12T13:07:49.533+0000] {logging_mixin.py:190} INFO - [2026-07-12T13:07:49.533+0000] {dag.py:3211} INFO - Sync 1 DAGs
[2026-07-12T13:07:49.548+0000] {logging_mixin.py:190} INFO - [2026-07-12T13:07:49.547+0000] {dag.py:4138} INFO - Setting next_dagrun for dag_isi_data_mart to None, run_after=None
[2026-07-12T13:07:49.570+0000] {processor.py:208} INFO - Processing /opt/airflow/dags/etl_to_datamart.py took 0.097 seconds
[2026-07-12T13:08:19.805+0000] {processor.py:186} INFO - Started process (PID=1221) to work on /opt/airflow/dags/etl_to_datamart.py
[2026-07-12T13:08:19.806+0000] {processor.py:914} INFO - Processing file /opt/airflow/dags/etl_to_datamart.py for tasks to queue
[2026-07-12T13:08:19.808+0000] {logging_mixin.py:190} INFO - [2026-07-12T13:08:19.808+0000] {dagbag.py:587} INFO - Filling up the DagBag from /opt/airflow/dags/etl_to_datamart.py
[2026-07-12T13:08:19.825+0000] {processor.py:925} INFO - DAG(s) 'dag_isi_data_mart' retrieved from /opt/airflow/dags/etl_to_datamart.py
[2026-07-12T13:08:19.858+0000] {logging_mixin.py:190} INFO - [2026-07-12T13:08:19.858+0000] {dag.py:3211} INFO - Sync 1 DAGs
[2026-07-12T13:08:19.872+0000] {logging_mixin.py:190} INFO - [2026-07-12T13:08:19.872+0000] {dag.py:4138} INFO - Setting next_dagrun for dag_isi_data_mart to None, run_after=None
[2026-07-12T13:08:19.897+0000] {processor.py:208} INFO - Processing /opt/airflow/dags/etl_to_datamart.py took 0.097 seconds
[2026-07-12T13:08:50.213+0000] {processor.py:186} INFO - Started process (PID=1229) to work on /opt/airflow/dags/etl_to_datamart.py
[2026-07-12T13:08:50.214+0000] {processor.py:914} INFO - Processing file /opt/airflow/dags/etl_to_datamart.py for tasks to queue
[2026-07-12T13:08:50.216+0000] {logging_mixin.py:190} INFO - [2026-07-12T13:08:50.216+0000] {dagbag.py:587} INFO - Filling up the DagBag from /opt/airflow/dags/etl_to_datamart.py
[2026-07-12T13:08:50.233+0000] {processor.py:925} INFO - DAG(s) 'dag_isi_data_mart' retrieved from /opt/airflow/dags/etl_to_datamart.py
[2026-07-12T13:08:50.269+0000] {logging_mixin.py:190} INFO - [2026-07-12T13:08:50.268+0000] {dag.py:3211} INFO - Sync 1 DAGs
[2026-07-12T13:08:50.283+0000] {logging_mixin.py:190} INFO - [2026-07-12T13:08:50.283+0000] {dag.py:4138} INFO - Setting next_dagrun for dag_isi_data_mart to None, run_after=None
[2026-07-12T13:08:50.307+0000] {processor.py:208} INFO - Processing /opt/airflow/dags/etl_to_datamart.py took 0.100 seconds
[2026-07-12T13:09:20.542+0000] {processor.py:186} INFO - Started process (PID=1237) to work on /opt/airflow/dags/etl_to_datamart.py
[2026-07-12T13:09:20.543+0000] {processor.py:914} INFO - Processing file /opt/airflow/dags/etl_to_datamart.py for tasks to queue
[2026-07-12T13:09:20.546+0000] {logging_mixin.py:190} INFO - [2026-07-12T13:09:20.546+0000] {dagbag.py:587} INFO - Filling up the DagBag from /opt/airflow/dags/etl_to_datamart.py
[2026-07-12T13:09:20.562+0000] {processor.py:925} INFO - DAG(s) 'dag_isi_data_mart' retrieved from /opt/airflow/dags/etl_to_datamart.py
[2026-07-12T13:09:20.596+0000] {logging_mixin.py:190} INFO - [2026-07-12T13:09:20.595+0000] {dag.py:3211} INFO - Sync 1 DAGs
[2026-07-12T13:09:20.610+0000] {logging_mixin.py:190} INFO - [2026-07-12T13:09:20.609+0000] {dag.py:4138} INFO - Setting next_dagrun for dag_isi_data_mart to None, run_after=None
[2026-07-12T13:09:20.633+0000] {processor.py:208} INFO - Processing /opt/airflow/dags/etl_to_datamart.py took 0.096 seconds
[2026-07-12T13:09:50.944+0000] {processor.py:186} INFO - Started process (PID=1245) to work on /opt/airflow/dags/etl_to_datamart.py
[2026-07-12T13:09:50.944+0000] {processor.py:914} INFO - Processing file /opt/airflow/dags/etl_to_datamart.py for tasks to queue
[2026-07-12T13:09:50.948+0000] {logging_mixin.py:190} INFO - [2026-07-12T13:09:50.947+0000] {dagbag.py:587} INFO - Filling up the DagBag from /opt/airflow/dags/etl_to_datamart.py
[2026-07-12T13:09:50.965+0000] {processor.py:925} INFO - DAG(s) 'dag_isi_data_mart' retrieved from /opt/airflow/dags/etl_to_datamart.py
[2026-07-12T13:09:51.003+0000] {logging_mixin.py:190} INFO - [2026-07-12T13:09:51.003+0000] {dag.py:3211} INFO - Sync 1 DAGs
[2026-07-12T13:09:51.016+0000] {logging_mixin.py:190} INFO - [2026-07-12T13:09:51.016+0000] {dag.py:4138} INFO - Setting next_dagrun for dag_isi_data_mart to None, run_after=None
[2026-07-12T13:09:51.037+0000] {processor.py:208} INFO - Processing /opt/airflow/dags/etl_to_datamart.py took 0.099 seconds
[2026-07-12T13:10:21.274+0000] {processor.py:186} INFO - Started process (PID=1253) to work on /opt/airflow/dags/etl_to_datamart.py
[2026-07-12T13:10:21.275+0000] {processor.py:914} INFO - Processing file /opt/airflow/dags/etl_to_datamart.py for tasks to queue
[2026-07-12T13:10:21.278+0000] {logging_mixin.py:190} INFO - [2026-07-12T13:10:21.278+0000] {dagbag.py:587} INFO - Filling up the DagBag from /opt/airflow/dags/etl_to_datamart.py
[2026-07-12T13:10:21.293+0000] {processor.py:925} INFO - DAG(s) 'dag_isi_data_mart' retrieved from /opt/airflow/dags/etl_to_datamart.py
[2026-07-12T13:10:21.327+0000] {logging_mixin.py:190} INFO - [2026-07-12T13:10:21.326+0000] {dag.py:3211} INFO - Sync 1 DAGs
[2026-07-12T13:10:21.339+0000] {logging_mixin.py:190} INFO - [2026-07-12T13:10:21.339+0000] {dag.py:4138} INFO - Setting next_dagrun for dag_isi_data_mart to None, run_after=None
[2026-07-12T13:10:21.361+0000] {processor.py:208} INFO - Processing /opt/airflow/dags/etl_to_datamart.py took 0.093 seconds
[2026-07-12T13:10:51.718+0000] {processor.py:186} INFO - Started process (PID=1261) to work on /opt/airflow/dags/etl_to_datamart.py
[2026-07-12T13:10:51.719+0000] {processor.py:914} INFO - Processing file /opt/airflow/dags/etl_to_datamart.py for tasks to queue
[2026-07-12T13:10:51.721+0000] {logging_mixin.py:190} INFO - [2026-07-12T13:10:51.721+0000] {dagbag.py:587} INFO - Filling up the DagBag from /opt/airflow/dags/etl_to_datamart.py
[2026-07-12T13:10:51.738+0000] {processor.py:925} INFO - DAG(s) 'dag_isi_data_mart' retrieved from /opt/airflow/dags/etl_to_datamart.py
[2026-07-12T13:10:51.774+0000] {logging_mixin.py:190} INFO - [2026-07-12T13:10:51.774+0000] {dag.py:3211} INFO - Sync 1 DAGs
[2026-07-12T13:10:51.788+0000] {logging_mixin.py:190} INFO - [2026-07-12T13:10:51.788+0000] {dag.py:4138} INFO - Setting next_dagrun for dag_isi_data_mart to None, run_after=None
[2026-07-12T13:10:51.811+0000] {processor.py:208} INFO - Processing /opt/airflow/dags/etl_to_datamart.py took 0.099 seconds
[2026-07-12T13:11:22.045+0000] {processor.py:186} INFO - Started process (PID=1269) to work on /opt/airflow/dags/etl_to_datamart.py
[2026-07-12T13:11:22.046+0000] {processor.py:914} INFO - Processing file /opt/airflow/dags/etl_to_datamart.py for tasks to queue
[2026-07-12T13:11:22.049+0000] {logging_mixin.py:190} INFO - [2026-07-12T13:11:22.048+0000] {dagbag.py:587} INFO - Filling up the DagBag from /opt/airflow/dags/etl_to_datamart.py
[2026-07-12T13:11:22.067+0000] {processor.py:925} INFO - DAG(s) 'dag_isi_data_mart' retrieved from /opt/airflow/dags/etl_to_datamart.py
[2026-07-12T13:11:22.107+0000] {logging_mixin.py:190} INFO - [2026-07-12T13:11:22.107+0000] {dag.py:3211} INFO - Sync 1 DAGs
[2026-07-12T13:11:22.121+0000] {logging_mixin.py:190} INFO - [2026-07-12T13:11:22.120+0000] {dag.py:4138} INFO - Setting next_dagrun for dag_isi_data_mart to None, run_after=None
[2026-07-12T13:11:22.150+0000] {processor.py:208} INFO - Processing /opt/airflow/dags/etl_to_datamart.py took 0.111 seconds
[2026-07-12T13:11:52.484+0000] {processor.py:186} INFO - Started process (PID=1277) to work on /opt/airflow/dags/etl_to_datamart.py
[2026-07-12T13:11:52.486+0000] {processor.py:914} INFO - Processing file /opt/airflow/dags/etl_to_datamart.py for tasks to queue
[2026-07-12T13:11:52.488+0000] {logging_mixin.py:190} INFO - [2026-07-12T13:11:52.487+0000] {dagbag.py:587} INFO - Filling up the DagBag from /opt/airflow/dags/etl_to_datamart.py
[2026-07-12T13:11:52.505+0000] {processor.py:925} INFO - DAG(s) 'dag_isi_data_mart' retrieved from /opt/airflow/dags/etl_to_datamart.py
[2026-07-12T13:11:52.543+0000] {logging_mixin.py:190} INFO - [2026-07-12T13:11:52.542+0000] {dag.py:3211} INFO - Sync 1 DAGs
[2026-07-12T13:11:52.558+0000] {logging_mixin.py:190} INFO - [2026-07-12T13:11:52.558+0000] {dag.py:4138} INFO - Setting next_dagrun for dag_isi_data_mart to None, run_after=None
[2026-07-12T13:11:52.582+0000] {processor.py:208} INFO - Processing /opt/airflow/dags/etl_to_datamart.py took 0.104 seconds
[2026-07-12T13:12:22.814+0000] {processor.py:186} INFO - Started process (PID=1285) to work on /opt/airflow/dags/etl_to_datamart.py
[2026-07-12T13:12:22.815+0000] {processor.py:914} INFO - Processing file /opt/airflow/dags/etl_to_datamart.py for tasks to queue
[2026-07-12T13:12:22.817+0000] {logging_mixin.py:190} INFO - [2026-07-12T13:12:22.817+0000] {dagbag.py:587} INFO - Filling up the DagBag from /opt/airflow/dags/etl_to_datamart.py
[2026-07-12T13:12:22.833+0000] {processor.py:925} INFO - DAG(s) 'dag_isi_data_mart' retrieved from /opt/airflow/dags/etl_to_datamart.py
[2026-07-12T13:12:22.867+0000] {logging_mixin.py:190} INFO - [2026-07-12T13:12:22.867+0000] {dag.py:3211} INFO - Sync 1 DAGs
[2026-07-12T13:12:22.881+0000] {logging_mixin.py:190} INFO - [2026-07-12T13:12:22.880+0000] {dag.py:4138} INFO - Setting next_dagrun for dag_isi_data_mart to None, run_after=None
[2026-07-12T13:12:22.899+0000] {processor.py:208} INFO - Processing /opt/airflow/dags/etl_to_datamart.py took 0.090 seconds
[2026-07-12T13:12:53.220+0000] {processor.py:186} INFO - Started process (PID=1293) to work on /opt/airflow/dags/etl_to_datamart.py
[2026-07-12T13:12:53.221+0000] {processor.py:914} INFO - Processing file /opt/airflow/dags/etl_to_datamart.py for tasks to queue
[2026-07-12T13:12:53.223+0000] {logging_mixin.py:190} INFO - [2026-07-12T13:12:53.222+0000] {dagbag.py:587} INFO - Filling up the DagBag from /opt/airflow/dags/etl_to_datamart.py
[2026-07-12T13:12:53.239+0000] {processor.py:925} INFO - DAG(s) 'dag_isi_data_mart' retrieved from /opt/airflow/dags/etl_to_datamart.py
[2026-07-12T13:12:53.274+0000] {logging_mixin.py:190} INFO - [2026-07-12T13:12:53.273+0000] {dag.py:3211} INFO - Sync 1 DAGs
[2026-07-12T13:12:53.287+0000] {logging_mixin.py:190} INFO - [2026-07-12T13:12:53.286+0000] {dag.py:4138} INFO - Setting next_dagrun for dag_isi_data_mart to None, run_after=None
[2026-07-12T13:12:53.312+0000] {processor.py:208} INFO - Processing /opt/airflow/dags/etl_to_datamart.py took 0.098 seconds
[2026-07-12T13:13:23.557+0000] {processor.py:186} INFO - Started process (PID=1301) to work on /opt/airflow/dags/etl_to_datamart.py
[2026-07-12T13:13:23.558+0000] {processor.py:914} INFO - Processing file /opt/airflow/dags/etl_to_datamart.py for tasks to queue
[2026-07-12T13:13:23.561+0000] {logging_mixin.py:190} INFO - [2026-07-12T13:13:23.560+0000] {dagbag.py:587} INFO - Filling up the DagBag from /opt/airflow/dags/etl_to_datamart.py
[2026-07-12T13:13:23.578+0000] {processor.py:925} INFO - DAG(s) 'dag_isi_data_mart' retrieved from /opt/airflow/dags/etl_to_datamart.py
[2026-07-12T13:13:23.618+0000] {logging_mixin.py:190} INFO - [2026-07-12T13:13:23.618+0000] {dag.py:3211} INFO - Sync 1 DAGs
[2026-07-12T13:13:23.632+0000] {logging_mixin.py:190} INFO - [2026-07-12T13:13:23.631+0000] {dag.py:4138} INFO - Setting next_dagrun for dag_isi_data_mart to None, run_after=None
[2026-07-12T13:13:23.658+0000] {processor.py:208} INFO - Processing /opt/airflow/dags/etl_to_datamart.py took 0.106 seconds
[2026-07-12T13:13:53.985+0000] {processor.py:186} INFO - Started process (PID=1309) to work on /opt/airflow/dags/etl_to_datamart.py
[2026-07-12T13:13:53.986+0000] {processor.py:914} INFO - Processing file /opt/airflow/dags/etl_to_datamart.py for tasks to queue
[2026-07-12T13:13:53.990+0000] {logging_mixin.py:190} INFO - [2026-07-12T13:13:53.989+0000] {dagbag.py:587} INFO - Filling up the DagBag from /opt/airflow/dags/etl_to_datamart.py
[2026-07-12T13:13:54.005+0000] {processor.py:925} INFO - DAG(s) 'dag_isi_data_mart' retrieved from /opt/airflow/dags/etl_to_datamart.py
[2026-07-12T13:13:54.039+0000] {logging_mixin.py:190} INFO - [2026-07-12T13:13:54.039+0000] {dag.py:3211} INFO - Sync 1 DAGs
[2026-07-12T13:13:54.052+0000] {logging_mixin.py:190} INFO - [2026-07-12T13:13:54.052+0000] {dag.py:4138} INFO - Setting next_dagrun for dag_isi_data_mart to None, run_after=None
[2026-07-12T13:13:54.073+0000] {processor.py:208} INFO - Processing /opt/airflow/dags/etl_to_datamart.py took 0.094 seconds
[2026-07-12T13:14:24.310+0000] {processor.py:186} INFO - Started process (PID=1317) to work on /opt/airflow/dags/etl_to_datamart.py
[2026-07-12T13:14:24.311+0000] {processor.py:914} INFO - Processing file /opt/airflow/dags/etl_to_datamart.py for tasks to queue
[2026-07-12T13:14:24.314+0000] {logging_mixin.py:190} INFO - [2026-07-12T13:14:24.314+0000] {dagbag.py:587} INFO - Filling up the DagBag from /opt/airflow/dags/etl_to_datamart.py
[2026-07-12T13:14:24.330+0000] {processor.py:925} INFO - DAG(s) 'dag_isi_data_mart' retrieved from /opt/airflow/dags/etl_to_datamart.py
[2026-07-12T13:14:24.368+0000] {logging_mixin.py:190} INFO - [2026-07-12T13:14:24.368+0000] {dag.py:3211} INFO - Sync 1 DAGs
[2026-07-12T13:14:24.381+0000] {logging_mixin.py:190} INFO - [2026-07-12T13:14:24.381+0000] {dag.py:4138} INFO - Setting next_dagrun for dag_isi_data_mart to None, run_after=None
[2026-07-12T13:14:24.404+0000] {processor.py:208} INFO - Processing /opt/airflow/dags/etl_to_datamart.py took 0.099 seconds
[2026-07-12T13:14:54.682+0000] {processor.py:186} INFO - Started process (PID=1325) to work on /opt/airflow/dags/etl_to_datamart.py
[2026-07-12T13:14:54.683+0000] {processor.py:914} INFO - Processing file /opt/airflow/dags/etl_to_datamart.py for tasks to queue
[2026-07-12T13:14:54.685+0000] {logging_mixin.py:190} INFO - [2026-07-12T13:14:54.685+0000] {dagbag.py:587} INFO - Filling up the DagBag from /opt/airflow/dags/etl_to_datamart.py
[2026-07-12T13:14:54.702+0000] {processor.py:925} INFO - DAG(s) 'dag_isi_data_mart' retrieved from /opt/airflow/dags/etl_to_datamart.py
[2026-07-12T13:14:54.739+0000] {logging_mixin.py:190} INFO - [2026-07-12T13:14:54.738+0000] {dag.py:3211} INFO - Sync 1 DAGs
[2026-07-12T13:14:54.753+0000] {logging_mixin.py:190} INFO - [2026-07-12T13:14:54.753+0000] {dag.py:4138} INFO - Setting next_dagrun for dag_isi_data_mart to None, run_after=None
[2026-07-12T13:14:54.775+0000] {processor.py:208} INFO - Processing /opt/airflow/dags/etl_to_datamart.py took 0.099 seconds
[2026-07-12T13:15:25.020+0000] {processor.py:186} INFO - Started process (PID=1333) to work on /opt/airflow/dags/etl_to_datamart.py
[2026-07-12T13:15:25.021+0000] {processor.py:914} INFO - Processing file /opt/airflow/dags/etl_to_datamart.py for tasks to queue
[2026-07-12T13:15:25.023+0000] {logging_mixin.py:190} INFO - [2026-07-12T13:15:25.022+0000] {dagbag.py:587} INFO - Filling up the DagBag from /opt/airflow/dags/etl_to_datamart.py
[2026-07-12T13:15:25.040+0000] {processor.py:925} INFO - DAG(s) 'dag_isi_data_mart' retrieved from /opt/airflow/dags/etl_to_datamart.py
[2026-07-12T13:15:25.087+0000] {logging_mixin.py:190} INFO - [2026-07-12T13:15:25.087+0000] {dag.py:3211} INFO - Sync 1 DAGs
[2026-07-12T13:15:25.100+0000] {logging_mixin.py:190} INFO - [2026-07-12T13:15:25.100+0000] {dag.py:4138} INFO - Setting next_dagrun for dag_isi_data_mart to None, run_after=None
[2026-07-12T13:15:25.123+0000] {processor.py:208} INFO - Processing /opt/airflow/dags/etl_to_datamart.py took 0.110 seconds
[2026-07-12T13:15:55.479+0000] {processor.py:186} INFO - Started process (PID=1341) to work on /opt/airflow/dags/etl_to_datamart.py
[2026-07-12T13:15:55.480+0000] {processor.py:914} INFO - Processing file /opt/airflow/dags/etl_to_datamart.py for tasks to queue
[2026-07-12T13:15:55.483+0000] {logging_mixin.py:190} INFO - [2026-07-12T13:15:55.482+0000] {dagbag.py:587} INFO - Filling up the DagBag from /opt/airflow/dags/etl_to_datamart.py
[2026-07-12T13:15:55.499+0000] {processor.py:925} INFO - DAG(s) 'dag_isi_data_mart' retrieved from /opt/airflow/dags/etl_to_datamart.py
[2026-07-12T13:15:55.536+0000] {logging_mixin.py:190} INFO - [2026-07-12T13:15:55.536+0000] {dag.py:3211} INFO - Sync 1 DAGs
[2026-07-12T13:15:55.549+0000] {logging_mixin.py:190} INFO - [2026-07-12T13:15:55.549+0000] {dag.py:4138} INFO - Setting next_dagrun for dag_isi_data_mart to None, run_after=None
[2026-07-12T13:15:55.574+0000] {processor.py:208} INFO - Processing /opt/airflow/dags/etl_to_datamart.py took 0.101 seconds
[2026-07-12T13:16:25.817+0000] {processor.py:186} INFO - Started process (PID=1349) to work on /opt/airflow/dags/etl_to_datamart.py
[2026-07-12T13:16:25.818+0000] {processor.py:914} INFO - Processing file /opt/airflow/dags/etl_to_datamart.py for tasks to queue
[2026-07-12T13:16:25.820+0000] {logging_mixin.py:190} INFO - [2026-07-12T13:16:25.820+0000] {dagbag.py:587} INFO - Filling up the DagBag from /opt/airflow/dags/etl_to_datamart.py
[2026-07-12T13:16:25.837+0000] {processor.py:925} INFO - DAG(s) 'dag_isi_data_mart' retrieved from /opt/airflow/dags/etl_to_datamart.py
[2026-07-12T13:16:25.873+0000] {logging_mixin.py:190} INFO - [2026-07-12T13:16:25.872+0000] {dag.py:3211} INFO - Sync 1 DAGs
[2026-07-12T13:16:25.887+0000] {logging_mixin.py:190} INFO - [2026-07-12T13:16:25.887+0000] {dag.py:4138} INFO - Setting next_dagrun for dag_isi_data_mart to None, run_after=None
[2026-07-12T13:16:25.906+0000] {processor.py:208} INFO - Processing /opt/airflow/dags/etl_to_datamart.py took 0.096 seconds
[2026-07-12T13:16:56.245+0000] {processor.py:186} INFO - Started process (PID=1357) to work on /opt/airflow/dags/etl_to_datamart.py
[2026-07-12T13:16:56.246+0000] {processor.py:914} INFO - Processing file /opt/airflow/dags/etl_to_datamart.py for tasks to queue
[2026-07-12T13:16:56.249+0000] {logging_mixin.py:190} INFO - [2026-07-12T13:16:56.248+0000] {dagbag.py:587} INFO - Filling up the DagBag from /opt/airflow/dags/etl_to_datamart.py
[2026-07-12T13:16:56.265+0000] {processor.py:925} INFO - DAG(s) 'dag_isi_data_mart' retrieved from /opt/airflow/dags/etl_to_datamart.py
[2026-07-12T13:16:56.302+0000] {logging_mixin.py:190} INFO - [2026-07-12T13:16:56.302+0000] {dag.py:3211} INFO - Sync 1 DAGs
[2026-07-12T13:16:56.315+0000] {logging_mixin.py:190} INFO - [2026-07-12T13:16:56.315+0000] {dag.py:4138} INFO - Setting next_dagrun for dag_isi_data_mart to None, run_after=None
[2026-07-12T13:16:56.336+0000] {processor.py:208} INFO - Processing /opt/airflow/dags/etl_to_datamart.py took 0.096 seconds
[2026-07-12T13:17:26.591+0000] {processor.py:186} INFO - Started process (PID=1365) to work on /opt/airflow/dags/etl_to_datamart.py
[2026-07-12T13:17:26.592+0000] {processor.py:914} INFO - Processing file /opt/airflow/dags/etl_to_datamart.py for tasks to queue
[2026-07-12T13:17:26.594+0000] {logging_mixin.py:190} INFO - [2026-07-12T13:17:26.594+0000] {dagbag.py:587} INFO - Filling up the DagBag from /opt/airflow/dags/etl_to_datamart.py
[2026-07-12T13:17:26.611+0000] {processor.py:925} INFO - DAG(s) 'dag_isi_data_mart' retrieved from /opt/airflow/dags/etl_to_datamart.py
[2026-07-12T13:17:26.648+0000] {logging_mixin.py:190} INFO - [2026-07-12T13:17:26.647+0000] {dag.py:3211} INFO - Sync 1 DAGs
[2026-07-12T13:17:26.661+0000] {logging_mixin.py:190} INFO - [2026-07-12T13:17:26.661+0000] {dag.py:4138} INFO - Setting next_dagrun for dag_isi_data_mart to None, run_after=None
[2026-07-12T13:17:26.682+0000] {processor.py:208} INFO - Processing /opt/airflow/dags/etl_to_datamart.py took 0.098 seconds
[2026-07-12T13:17:56.958+0000] {processor.py:186} INFO - Started process (PID=1373) to work on /opt/airflow/dags/etl_to_datamart.py
[2026-07-12T13:17:56.959+0000] {processor.py:914} INFO - Processing file /opt/airflow/dags/etl_to_datamart.py for tasks to queue
[2026-07-12T13:17:56.962+0000] {logging_mixin.py:190} INFO - [2026-07-12T13:17:56.962+0000] {dagbag.py:587} INFO - Filling up the DagBag from /opt/airflow/dags/etl_to_datamart.py
[2026-07-12T13:17:56.978+0000] {processor.py:925} INFO - DAG(s) 'dag_isi_data_mart' retrieved from /opt/airflow/dags/etl_to_datamart.py
[2026-07-12T13:17:57.013+0000] {logging_mixin.py:190} INFO - [2026-07-12T13:17:57.012+0000] {dag.py:3211} INFO - Sync 1 DAGs
[2026-07-12T13:17:57.027+0000] {logging_mixin.py:190} INFO - [2026-07-12T13:17:57.027+0000] {dag.py:4138} INFO - Setting next_dagrun for dag_isi_data_mart to None, run_after=None
[2026-07-12T13:17:57.050+0000] {processor.py:208} INFO - Processing /opt/airflow/dags/etl_to_datamart.py took 0.098 seconds
[2026-07-12T13:18:27.295+0000] {processor.py:186} INFO - Started process (PID=1381) to work on /opt/airflow/dags/etl_to_datamart.py
[2026-07-12T13:18:27.295+0000] {processor.py:914} INFO - Processing file /opt/airflow/dags/etl_to_datamart.py for tasks to queue
[2026-07-12T13:18:27.298+0000] {logging_mixin.py:190} INFO - [2026-07-12T13:18:27.298+0000] {dagbag.py:587} INFO - Filling up the DagBag from /opt/airflow/dags/etl_to_datamart.py
[2026-07-12T13:18:27.315+0000] {processor.py:925} INFO - DAG(s) 'dag_isi_data_mart' retrieved from /opt/airflow/dags/etl_to_datamart.py
[2026-07-12T13:18:27.350+0000] {logging_mixin.py:190} INFO - [2026-07-12T13:18:27.350+0000] {dag.py:3211} INFO - Sync 1 DAGs
[2026-07-12T13:18:27.364+0000] {logging_mixin.py:190} INFO - [2026-07-12T13:18:27.364+0000] {dag.py:4138} INFO - Setting next_dagrun for dag_isi_data_mart to None, run_after=None
[2026-07-12T13:18:27.384+0000] {processor.py:208} INFO - Processing /opt/airflow/dags/etl_to_datamart.py took 0.095 seconds
[2026-07-12T13:18:57.717+0000] {processor.py:186} INFO - Started process (PID=1389) to work on /opt/airflow/dags/etl_to_datamart.py
[2026-07-12T13:18:57.718+0000] {processor.py:914} INFO - Processing file /opt/airflow/dags/etl_to_datamart.py for tasks to queue
[2026-07-12T13:18:57.721+0000] {logging_mixin.py:190} INFO - [2026-07-12T13:18:57.721+0000] {dagbag.py:587} INFO - Filling up the DagBag from /opt/airflow/dags/etl_to_datamart.py
[2026-07-12T13:18:57.737+0000] {processor.py:925} INFO - DAG(s) 'dag_isi_data_mart' retrieved from /opt/airflow/dags/etl_to_datamart.py
[2026-07-12T13:18:57.772+0000] {logging_mixin.py:190} INFO - [2026-07-12T13:18:57.772+0000] {dag.py:3211} INFO - Sync 1 DAGs
[2026-07-12T13:18:57.786+0000] {logging_mixin.py:190} INFO - [2026-07-12T13:18:57.786+0000] {dag.py:4138} INFO - Setting next_dagrun for dag_isi_data_mart to None, run_after=None
[2026-07-12T13:18:57.810+0000] {processor.py:208} INFO - Processing /opt/airflow/dags/etl_to_datamart.py took 0.099 seconds
[2026-07-12T13:19:28.058+0000] {processor.py:186} INFO - Started process (PID=1397) to work on /opt/airflow/dags/etl_to_datamart.py
[2026-07-12T13:19:28.060+0000] {processor.py:914} INFO - Processing file /opt/airflow/dags/etl_to_datamart.py for tasks to queue
[2026-07-12T13:19:28.064+0000] {logging_mixin.py:190} INFO - [2026-07-12T13:19:28.064+0000] {dagbag.py:587} INFO - Filling up the DagBag from /opt/airflow/dags/etl_to_datamart.py
[2026-07-12T13:19:28.089+0000] {processor.py:925} INFO - DAG(s) 'dag_isi_data_mart' retrieved from /opt/airflow/dags/etl_to_datamart.py
[2026-07-12T13:19:28.153+0000] {logging_mixin.py:190} INFO - [2026-07-12T13:19:28.152+0000] {dag.py:3211} INFO - Sync 1 DAGs
[2026-07-12T13:19:28.177+0000] {logging_mixin.py:190} INFO - [2026-07-12T13:19:28.177+0000] {dag.py:4138} INFO - Setting next_dagrun for dag_isi_data_mart to None, run_after=None
[2026-07-12T13:19:28.214+0000] {processor.py:208} INFO - Processing /opt/airflow/dags/etl_to_datamart.py took 0.166 seconds
[2026-07-12T13:19:58.455+0000] {processor.py:186} INFO - Started process (PID=1405) to work on /opt/airflow/dags/etl_to_datamart.py
[2026-07-12T13:19:58.456+0000] {processor.py:914} INFO - Processing file /opt/airflow/dags/etl_to_datamart.py for tasks to queue
[2026-07-12T13:19:58.458+0000] {logging_mixin.py:190} INFO - [2026-07-12T13:19:58.458+0000] {dagbag.py:587} INFO - Filling up the DagBag from /opt/airflow/dags/etl_to_datamart.py
[2026-07-12T13:19:58.474+0000] {processor.py:925} INFO - DAG(s) 'dag_isi_data_mart' retrieved from /opt/airflow/dags/etl_to_datamart.py
[2026-07-12T13:19:58.510+0000] {logging_mixin.py:190} INFO - [2026-07-12T13:19:58.510+0000] {dag.py:3211} INFO - Sync 1 DAGs
[2026-07-12T13:19:58.523+0000] {logging_mixin.py:190} INFO - [2026-07-12T13:19:58.523+0000] {dag.py:4138} INFO - Setting next_dagrun for dag_isi_data_mart to None, run_after=None
[2026-07-12T13:19:58.546+0000] {processor.py:208} INFO - Processing /opt/airflow/dags/etl_to_datamart.py took 0.097 seconds
[2026-07-12T13:20:28.869+0000] {processor.py:186} INFO - Started process (PID=1413) to work on /opt/airflow/dags/etl_to_datamart.py
[2026-07-12T13:20:28.870+0000] {processor.py:914} INFO - Processing file /opt/airflow/dags/etl_to_datamart.py for tasks to queue
[2026-07-12T13:20:28.873+0000] {logging_mixin.py:190} INFO - [2026-07-12T13:20:28.872+0000] {dagbag.py:587} INFO - Filling up the DagBag from /opt/airflow/dags/etl_to_datamart.py
[2026-07-12T13:20:28.889+0000] {processor.py:925} INFO - DAG(s) 'dag_isi_data_mart' retrieved from /opt/airflow/dags/etl_to_datamart.py
[2026-07-12T13:20:28.925+0000] {logging_mixin.py:190} INFO - [2026-07-12T13:20:28.925+0000] {dag.py:3211} INFO - Sync 1 DAGs
[2026-07-12T13:20:28.939+0000] {logging_mixin.py:190} INFO - [2026-07-12T13:20:28.938+0000] {dag.py:4138} INFO - Setting next_dagrun for dag_isi_data_mart to None, run_after=None
[2026-07-12T13:20:28.963+0000] {processor.py:208} INFO - Processing /opt/airflow/dags/etl_to_datamart.py took 0.100 seconds
[2026-07-12T13:20:59.779+0000] {processor.py:186} INFO - Started process (PID=1421) to work on /opt/airflow/dags/etl_to_datamart.py
[2026-07-12T13:20:59.780+0000] {processor.py:914} INFO - Processing file /opt/airflow/dags/etl_to_datamart.py for tasks to queue
[2026-07-12T13:20:59.784+0000] {logging_mixin.py:190} INFO - [2026-07-12T13:20:59.783+0000] {dagbag.py:587} INFO - Filling up the DagBag from /opt/airflow/dags/etl_to_datamart.py
[2026-07-12T13:20:59.803+0000] {processor.py:925} INFO - DAG(s) 'dag_isi_data_mart' retrieved from /opt/airflow/dags/etl_to_datamart.py
[2026-07-12T13:20:59.842+0000] {logging_mixin.py:190} INFO - [2026-07-12T13:20:59.842+0000] {dag.py:3211} INFO - Sync 1 DAGs
[2026-07-12T13:20:59.858+0000] {logging_mixin.py:190} INFO - [2026-07-12T13:20:59.857+0000] {dag.py:4138} INFO - Setting next_dagrun for dag_isi_data_mart to None, run_after=None
[2026-07-12T13:20:59.885+0000] {processor.py:208} INFO - Processing /opt/airflow/dags/etl_to_datamart.py took 0.113 seconds
[2026-07-12T13:21:30.113+0000] {processor.py:186} INFO - Started process (PID=1429) to work on /opt/airflow/dags/etl_to_datamart.py
[2026-07-12T13:21:30.113+0000] {processor.py:914} INFO - Processing file /opt/airflow/dags/etl_to_datamart.py for tasks to queue
[2026-07-12T13:21:30.116+0000] {logging_mixin.py:190} INFO - [2026-07-12T13:21:30.116+0000] {dagbag.py:587} INFO - Filling up the DagBag from /opt/airflow/dags/etl_to_datamart.py
[2026-07-12T13:21:30.132+0000] {processor.py:925} INFO - DAG(s) 'dag_isi_data_mart' retrieved from /opt/airflow/dags/etl_to_datamart.py
[2026-07-12T13:21:30.168+0000] {logging_mixin.py:190} INFO - [2026-07-12T13:21:30.167+0000] {dag.py:3211} INFO - Sync 1 DAGs
[2026-07-12T13:21:30.181+0000] {logging_mixin.py:190} INFO - [2026-07-12T13:21:30.181+0000] {dag.py:4138} INFO - Setting next_dagrun for dag_isi_data_mart to None, run_after=None
[2026-07-12T13:21:30.204+0000] {processor.py:208} INFO - Processing /opt/airflow/dags/etl_to_datamart.py took 0.097 seconds
[2026-07-12T13:22:00.547+0000] {processor.py:186} INFO - Started process (PID=1437) to work on /opt/airflow/dags/etl_to_datamart.py
[2026-07-12T13:22:00.548+0000] {processor.py:914} INFO - Processing file /opt/airflow/dags/etl_to_datamart.py for tasks to queue
[2026-07-12T13:22:00.552+0000] {logging_mixin.py:190} INFO - [2026-07-12T13:22:00.552+0000] {dagbag.py:587} INFO - Filling up the DagBag from /opt/airflow/dags/etl_to_datamart.py
[2026-07-12T13:22:00.568+0000] {processor.py:925} INFO - DAG(s) 'dag_isi_data_mart' retrieved from /opt/airflow/dags/etl_to_datamart.py
[2026-07-12T13:22:00.606+0000] {logging_mixin.py:190} INFO - [2026-07-12T13:22:00.606+0000] {dag.py:3211} INFO - Sync 1 DAGs
[2026-07-12T13:22:00.622+0000] {logging_mixin.py:190} INFO - [2026-07-12T13:22:00.621+0000] {dag.py:4138} INFO - Setting next_dagrun for dag_isi_data_mart to None, run_after=None
[2026-07-12T13:22:00.646+0000] {processor.py:208} INFO - Processing /opt/airflow/dags/etl_to_datamart.py took 0.105 seconds
[2026-07-12T13:22:30.994+0000] {processor.py:186} INFO - Started process (PID=1445) to work on /opt/airflow/dags/etl_to_datamart.py
[2026-07-12T13:22:30.994+0000] {processor.py:914} INFO - Processing file /opt/airflow/dags/etl_to_datamart.py for tasks to queue
[2026-07-12T13:22:30.997+0000] {logging_mixin.py:190} INFO - [2026-07-12T13:22:30.996+0000] {dagbag.py:587} INFO - Filling up the DagBag from /opt/airflow/dags/etl_to_datamart.py
[2026-07-12T13:22:31.014+0000] {processor.py:925} INFO - DAG(s) 'dag_isi_data_mart' retrieved from /opt/airflow/dags/etl_to_datamart.py
[2026-07-12T13:22:31.054+0000] {logging_mixin.py:190} INFO - [2026-07-12T13:22:31.053+0000] {dag.py:3211} INFO - Sync 1 DAGs
[2026-07-12T13:22:31.068+0000] {logging_mixin.py:190} INFO - [2026-07-12T13:22:31.068+0000] {dag.py:4138} INFO - Setting next_dagrun for dag_isi_data_mart to None, run_after=None
[2026-07-12T13:22:31.094+0000] {processor.py:208} INFO - Processing /opt/airflow/dags/etl_to_datamart.py took 0.107 seconds
[2026-07-12T13:23:01.421+0000] {processor.py:186} INFO - Started process (PID=1453) to work on /opt/airflow/dags/etl_to_datamart.py
[2026-07-12T13:23:01.422+0000] {processor.py:914} INFO - Processing file /opt/airflow/dags/etl_to_datamart.py for tasks to queue
[2026-07-12T13:23:01.425+0000] {logging_mixin.py:190} INFO - [2026-07-12T13:23:01.424+0000] {dagbag.py:587} INFO - Filling up the DagBag from /opt/airflow/dags/etl_to_datamart.py
[2026-07-12T13:23:01.442+0000] {processor.py:925} INFO - DAG(s) 'dag_isi_data_mart' retrieved from /opt/airflow/dags/etl_to_datamart.py
[2026-07-12T13:23:01.481+0000] {logging_mixin.py:190} INFO - [2026-07-12T13:23:01.481+0000] {dag.py:3211} INFO - Sync 1 DAGs
[2026-07-12T13:23:01.495+0000] {logging_mixin.py:190} INFO - [2026-07-12T13:23:01.495+0000] {dag.py:4138} INFO - Setting next_dagrun for dag_isi_data_mart to None, run_after=None
[2026-07-12T13:23:01.519+0000] {processor.py:208} INFO - Processing /opt/airflow/dags/etl_to_datamart.py took 0.106 seconds
[2026-07-12T13:23:31.762+0000] {processor.py:186} INFO - Started process (PID=1461) to work on /opt/airflow/dags/etl_to_datamart.py
[2026-07-12T13:23:31.763+0000] {processor.py:914} INFO - Processing file /opt/airflow/dags/etl_to_datamart.py for tasks to queue
[2026-07-12T13:23:31.765+0000] {logging_mixin.py:190} INFO - [2026-07-12T13:23:31.765+0000] {dagbag.py:587} INFO - Filling up the DagBag from /opt/airflow/dags/etl_to_datamart.py
[2026-07-12T13:23:31.783+0000] {processor.py:925} INFO - DAG(s) 'dag_isi_data_mart' retrieved from /opt/airflow/dags/etl_to_datamart.py
[2026-07-12T13:23:31.823+0000] {logging_mixin.py:190} INFO - [2026-07-12T13:23:31.822+0000] {dag.py:3211} INFO - Sync 1 DAGs
[2026-07-12T13:23:31.838+0000] {logging_mixin.py:190} INFO - [2026-07-12T13:23:31.837+0000] {dag.py:4138} INFO - Setting next_dagrun for dag_isi_data_mart to None, run_after=None
[2026-07-12T13:23:31.858+0000] {processor.py:208} INFO - Processing /opt/airflow/dags/etl_to_datamart.py took 0.102 seconds
[2026-07-12T13:24:02.161+0000] {processor.py:186} INFO - Started process (PID=1469) to work on /opt/airflow/dags/etl_to_datamart.py
[2026-07-12T13:24:02.162+0000] {processor.py:914} INFO - Processing file /opt/airflow/dags/etl_to_datamart.py for tasks to queue
[2026-07-12T13:24:02.164+0000] {logging_mixin.py:190} INFO - [2026-07-12T13:24:02.164+0000] {dagbag.py:587} INFO - Filling up the DagBag from /opt/airflow/dags/etl_to_datamart.py
[2026-07-12T13:24:02.181+0000] {processor.py:925} INFO - DAG(s) 'dag_isi_data_mart' retrieved from /opt/airflow/dags/etl_to_datamart.py
[2026-07-12T13:24:02.216+0000] {logging_mixin.py:190} INFO - [2026-07-12T13:24:02.216+0000] {dag.py:3211} INFO - Sync 1 DAGs
[2026-07-12T13:24:02.230+0000] {logging_mixin.py:190} INFO - [2026-07-12T13:24:02.230+0000] {dag.py:4138} INFO - Setting next_dagrun for dag_isi_data_mart to None, run_after=None
[2026-07-12T13:24:02.253+0000] {processor.py:208} INFO - Processing /opt/airflow/dags/etl_to_datamart.py took 0.097 seconds
[2026-07-12T13:24:32.512+0000] {processor.py:186} INFO - Started process (PID=1477) to work on /opt/airflow/dags/etl_to_datamart.py
[2026-07-12T13:24:32.513+0000] {processor.py:914} INFO - Processing file /opt/airflow/dags/etl_to_datamart.py for tasks to queue
[2026-07-12T13:24:32.515+0000] {logging_mixin.py:190} INFO - [2026-07-12T13:24:32.515+0000] {dagbag.py:587} INFO - Filling up the DagBag from /opt/airflow/dags/etl_to_datamart.py
[2026-07-12T13:24:32.532+0000] {processor.py:925} INFO - DAG(s) 'dag_isi_data_mart' retrieved from /opt/airflow/dags/etl_to_datamart.py
[2026-07-12T13:24:32.580+0000] {logging_mixin.py:190} INFO - [2026-07-12T13:24:32.580+0000] {dag.py:3211} INFO - Sync 1 DAGs
[2026-07-12T13:24:32.595+0000] {logging_mixin.py:190} INFO - [2026-07-12T13:24:32.595+0000] {dag.py:4138} INFO - Setting next_dagrun for dag_isi_data_mart to None, run_after=None
[2026-07-12T13:24:32.625+0000] {processor.py:208} INFO - Processing /opt/airflow/dags/etl_to_datamart.py took 0.119 seconds
[2026-07-12T13:25:02.948+0000] {processor.py:186} INFO - Started process (PID=1485) to work on /opt/airflow/dags/etl_to_datamart.py
[2026-07-12T13:25:02.949+0000] {processor.py:914} INFO - Processing file /opt/airflow/dags/etl_to_datamart.py for tasks to queue
[2026-07-12T13:25:02.951+0000] {logging_mixin.py:190} INFO - [2026-07-12T13:25:02.951+0000] {dagbag.py:587} INFO - Filling up the DagBag from /opt/airflow/dags/etl_to_datamart.py
[2026-07-12T13:25:02.968+0000] {processor.py:925} INFO - DAG(s) 'dag_isi_data_mart' retrieved from /opt/airflow/dags/etl_to_datamart.py
[2026-07-12T13:25:03.005+0000] {logging_mixin.py:190} INFO - [2026-07-12T13:25:03.004+0000] {dag.py:3211} INFO - Sync 1 DAGs
[2026-07-12T13:25:03.018+0000] {logging_mixin.py:190} INFO - [2026-07-12T13:25:03.018+0000] {dag.py:4138} INFO - Setting next_dagrun for dag_isi_data_mart to None, run_after=None
[2026-07-12T13:25:03.047+0000] {processor.py:208} INFO - Processing /opt/airflow/dags/etl_to_datamart.py took 0.104 seconds
[2026-07-12T13:25:33.392+0000] {processor.py:186} INFO - Started process (PID=1493) to work on /opt/airflow/dags/etl_to_datamart.py
[2026-07-12T13:25:33.393+0000] {processor.py:914} INFO - Processing file /opt/airflow/dags/etl_to_datamart.py for tasks to queue
[2026-07-12T13:25:33.395+0000] {logging_mixin.py:190} INFO - [2026-07-12T13:25:33.395+0000] {dagbag.py:587} INFO - Filling up the DagBag from /opt/airflow/dags/etl_to_datamart.py
[2026-07-12T13:25:33.413+0000] {processor.py:925} INFO - DAG(s) 'dag_isi_data_mart' retrieved from /opt/airflow/dags/etl_to_datamart.py
[2026-07-12T13:25:33.454+0000] {logging_mixin.py:190} INFO - [2026-07-12T13:25:33.454+0000] {dag.py:3211} INFO - Sync 1 DAGs
[2026-07-12T13:25:33.470+0000] {logging_mixin.py:190} INFO - [2026-07-12T13:25:33.470+0000] {dag.py:4138} INFO - Setting next_dagrun for dag_isi_data_mart to None, run_after=None
[2026-07-12T13:25:33.495+0000] {processor.py:208} INFO - Processing /opt/airflow/dags/etl_to_datamart.py took 0.110 seconds
[2026-07-12T13:26:03.881+0000] {processor.py:186} INFO - Started process (PID=1501) to work on /opt/airflow/dags/etl_to_datamart.py
[2026-07-12T13:26:03.882+0000] {processor.py:914} INFO - Processing file /opt/airflow/dags/etl_to_datamart.py for tasks to queue
[2026-07-12T13:26:03.885+0000] {logging_mixin.py:190} INFO - [2026-07-12T13:26:03.885+0000] {dagbag.py:587} INFO - Filling up the DagBag from /opt/airflow/dags/etl_to_datamart.py
[2026-07-12T13:26:03.902+0000] {processor.py:925} INFO - DAG(s) 'dag_isi_data_mart' retrieved from /opt/airflow/dags/etl_to_datamart.py
[2026-07-12T13:26:03.940+0000] {logging_mixin.py:190} INFO - [2026-07-12T13:26:03.940+0000] {dag.py:3211} INFO - Sync 1 DAGs
[2026-07-12T13:26:03.955+0000] {logging_mixin.py:190} INFO - [2026-07-12T13:26:03.955+0000] {dag.py:4138} INFO - Setting next_dagrun for dag_isi_data_mart to None, run_after=None
[2026-07-12T13:26:03.977+0000] {processor.py:208} INFO - Processing /opt/airflow/dags/etl_to_datamart.py took 0.101 seconds
[2026-07-12T13:26:34.222+0000] {processor.py:186} INFO - Started process (PID=1509) to work on /opt/airflow/dags/etl_to_datamart.py
[2026-07-12T13:26:34.223+0000] {processor.py:914} INFO - Processing file /opt/airflow/dags/etl_to_datamart.py for tasks to queue
[2026-07-12T13:26:34.225+0000] {logging_mixin.py:190} INFO - [2026-07-12T13:26:34.225+0000] {dagbag.py:587} INFO - Filling up the DagBag from /opt/airflow/dags/etl_to_datamart.py
[2026-07-12T13:26:34.243+0000] {processor.py:925} INFO - DAG(s) 'dag_isi_data_mart' retrieved from /opt/airflow/dags/etl_to_datamart.py
[2026-07-12T13:26:34.281+0000] {logging_mixin.py:190} INFO - [2026-07-12T13:26:34.281+0000] {dag.py:3211} INFO - Sync 1 DAGs
[2026-07-12T13:26:34.295+0000] {logging_mixin.py:190} INFO - [2026-07-12T13:26:34.295+0000] {dag.py:4138} INFO - Setting next_dagrun for dag_isi_data_mart to None, run_after=None
[2026-07-12T13:26:34.319+0000] {processor.py:208} INFO - Processing /opt/airflow/dags/etl_to_datamart.py took 0.104 seconds
[2026-07-12T13:27:04.666+0000] {processor.py:186} INFO - Started process (PID=1518) to work on /opt/airflow/dags/etl_to_datamart.py
[2026-07-12T13:27:04.667+0000] {processor.py:914} INFO - Processing file /opt/airflow/dags/etl_to_datamart.py for tasks to queue
[2026-07-12T13:27:04.670+0000] {logging_mixin.py:190} INFO - [2026-07-12T13:27:04.669+0000] {dagbag.py:587} INFO - Filling up the DagBag from /opt/airflow/dags/etl_to_datamart.py
[2026-07-12T13:27:04.686+0000] {processor.py:925} INFO - DAG(s) 'dag_isi_data_mart' retrieved from /opt/airflow/dags/etl_to_datamart.py
[2026-07-12T13:27:04.719+0000] {logging_mixin.py:190} INFO - [2026-07-12T13:27:04.719+0000] {dag.py:3211} INFO - Sync 1 DAGs
[2026-07-12T13:27:04.733+0000] {logging_mixin.py:190} INFO - [2026-07-12T13:27:04.733+0000] {dag.py:4138} INFO - Setting next_dagrun for dag_isi_data_mart to None, run_after=None
[2026-07-12T13:27:04.761+0000] {processor.py:208} INFO - Processing /opt/airflow/dags/etl_to_datamart.py took 0.102 seconds
[2026-07-12T13:27:35.100+0000] {processor.py:186} INFO - Started process (PID=1526) to work on /opt/airflow/dags/etl_to_datamart.py
[2026-07-12T13:27:35.101+0000] {processor.py:914} INFO - Processing file /opt/airflow/dags/etl_to_datamart.py for tasks to queue
[2026-07-12T13:27:35.104+0000] {logging_mixin.py:190} INFO - [2026-07-12T13:27:35.103+0000] {dagbag.py:587} INFO - Filling up the DagBag from /opt/airflow/dags/etl_to_datamart.py
[2026-07-12T13:27:35.125+0000] {processor.py:925} INFO - DAG(s) 'dag_isi_data_mart' retrieved from /opt/airflow/dags/etl_to_datamart.py
[2026-07-12T13:27:35.167+0000] {logging_mixin.py:190} INFO - [2026-07-12T13:27:35.167+0000] {dag.py:3211} INFO - Sync 1 DAGs
[2026-07-12T13:27:35.184+0000] {logging_mixin.py:190} INFO - [2026-07-12T13:27:35.184+0000] {dag.py:4138} INFO - Setting next_dagrun for dag_isi_data_mart to None, run_after=None
[2026-07-12T13:27:35.210+0000] {processor.py:208} INFO - Processing /opt/airflow/dags/etl_to_datamart.py took 0.116 seconds
[2026-07-12T13:28:05.436+0000] {processor.py:186} INFO - Started process (PID=1540) to work on /opt/airflow/dags/etl_to_datamart.py
[2026-07-12T13:28:05.437+0000] {processor.py:914} INFO - Processing file /opt/airflow/dags/etl_to_datamart.py for tasks to queue
[2026-07-12T13:28:05.440+0000] {logging_mixin.py:190} INFO - [2026-07-12T13:28:05.439+0000] {dagbag.py:587} INFO - Filling up the DagBag from /opt/airflow/dags/etl_to_datamart.py
[2026-07-12T13:28:05.462+0000] {processor.py:925} INFO - DAG(s) 'dag_isi_data_mart' retrieved from /opt/airflow/dags/etl_to_datamart.py
[2026-07-12T13:28:05.509+0000] {logging_mixin.py:190} INFO - [2026-07-12T13:28:05.508+0000] {dag.py:3211} INFO - Sync 1 DAGs
[2026-07-12T13:28:05.524+0000] {logging_mixin.py:190} INFO - [2026-07-12T13:28:05.523+0000] {dag.py:4138} INFO - Setting next_dagrun for dag_isi_data_mart to None, run_after=None
[2026-07-12T13:28:05.553+0000] {processor.py:208} INFO - Processing /opt/airflow/dags/etl_to_datamart.py took 0.124 seconds
[2026-07-12T13:28:35.903+0000] {processor.py:186} INFO - Started process (PID=1548) to work on /opt/airflow/dags/etl_to_datamart.py
[2026-07-12T13:28:35.905+0000] {processor.py:914} INFO - Processing file /opt/airflow/dags/etl_to_datamart.py for tasks to queue
[2026-07-12T13:28:35.908+0000] {logging_mixin.py:190} INFO - [2026-07-12T13:28:35.908+0000] {dagbag.py:587} INFO - Filling up the DagBag from /opt/airflow/dags/etl_to_datamart.py
[2026-07-12T13:28:35.934+0000] {processor.py:925} INFO - DAG(s) 'dag_isi_data_mart' retrieved from /opt/airflow/dags/etl_to_datamart.py
[2026-07-12T13:28:35.975+0000] {logging_mixin.py:190} INFO - [2026-07-12T13:28:35.975+0000] {dag.py:3211} INFO - Sync 1 DAGs
[2026-07-12T13:28:35.994+0000] {logging_mixin.py:190} INFO - [2026-07-12T13:28:35.994+0000] {dag.py:4138} INFO - Setting next_dagrun for dag_isi_data_mart to None, run_after=None
[2026-07-12T13:28:36.020+0000] {processor.py:208} INFO - Processing /opt/airflow/dags/etl_to_datamart.py took 0.126 seconds
[2026-07-12T13:29:06.371+0000] {processor.py:186} INFO - Started process (PID=1556) to work on /opt/airflow/dags/etl_to_datamart.py
[2026-07-12T13:29:06.372+0000] {processor.py:914} INFO - Processing file /opt/airflow/dags/etl_to_datamart.py for tasks to queue
[2026-07-12T13:29:06.375+0000] {logging_mixin.py:190} INFO - [2026-07-12T13:29:06.375+0000] {dagbag.py:587} INFO - Filling up the DagBag from /opt/airflow/dags/etl_to_datamart.py
[2026-07-12T13:29:06.391+0000] {processor.py:925} INFO - DAG(s) 'dag_isi_data_mart' retrieved from /opt/airflow/dags/etl_to_datamart.py
[2026-07-12T13:29:06.430+0000] {logging_mixin.py:190} INFO - [2026-07-12T13:29:06.429+0000] {dag.py:3211} INFO - Sync 1 DAGs
[2026-07-12T13:29:06.444+0000] {logging_mixin.py:190} INFO - [2026-07-12T13:29:06.444+0000] {dag.py:4138} INFO - Setting next_dagrun for dag_isi_data_mart to None, run_after=None
[2026-07-12T13:29:06.466+0000] {processor.py:208} INFO - Processing /opt/airflow/dags/etl_to_datamart.py took 0.100 seconds
[2026-07-12T13:29:36.803+0000] {processor.py:186} INFO - Started process (PID=1563) to work on /opt/airflow/dags/etl_to_datamart.py
[2026-07-12T13:29:36.804+0000] {processor.py:914} INFO - Processing file /opt/airflow/dags/etl_to_datamart.py for tasks to queue
[2026-07-12T13:29:36.807+0000] {logging_mixin.py:190} INFO - [2026-07-12T13:29:36.807+0000] {dagbag.py:587} INFO - Filling up the DagBag from /opt/airflow/dags/etl_to_datamart.py
[2026-07-12T13:29:36.825+0000] {processor.py:925} INFO - DAG(s) 'dag_isi_data_mart' retrieved from /opt/airflow/dags/etl_to_datamart.py
[2026-07-12T13:29:36.862+0000] {logging_mixin.py:190} INFO - [2026-07-12T13:29:36.862+0000] {dag.py:3211} INFO - Sync 1 DAGs
[2026-07-12T13:29:36.877+0000] {logging_mixin.py:190} INFO - [2026-07-12T13:29:36.877+0000] {dag.py:4138} INFO - Setting next_dagrun for dag_isi_data_mart to None, run_after=None
[2026-07-12T13:29:36.902+0000] {processor.py:208} INFO - Processing /opt/airflow/dags/etl_to_datamart.py took 0.104 seconds
[2026-07-12T13:30:07.161+0000] {processor.py:186} INFO - Started process (PID=1571) to work on /opt/airflow/dags/etl_to_datamart.py
[2026-07-12T13:30:07.162+0000] {processor.py:914} INFO - Processing file /opt/airflow/dags/etl_to_datamart.py for tasks to queue
[2026-07-12T13:30:07.166+0000] {logging_mixin.py:190} INFO - [2026-07-12T13:30:07.165+0000] {dagbag.py:587} INFO - Filling up the DagBag from /opt/airflow/dags/etl_to_datamart.py
[2026-07-12T13:30:07.186+0000] {processor.py:925} INFO - DAG(s) 'dag_isi_data_mart' retrieved from /opt/airflow/dags/etl_to_datamart.py
[2026-07-12T13:30:07.231+0000] {logging_mixin.py:190} INFO - [2026-07-12T13:30:07.231+0000] {dag.py:3211} INFO - Sync 1 DAGs
[2026-07-12T13:30:07.249+0000] {logging_mixin.py:190} INFO - [2026-07-12T13:30:07.249+0000] {dag.py:4138} INFO - Setting next_dagrun for dag_isi_data_mart to None, run_after=None
[2026-07-12T13:30:07.279+0000] {processor.py:208} INFO - Processing /opt/airflow/dags/etl_to_datamart.py took 0.126 seconds
[2026-07-12T13:31:19.116+0000] {processor.py:186} INFO - Started process (PID=35) to work on /opt/airflow/dags/etl_to_datamart.py
[2026-07-12T13:31:19.117+0000] {processor.py:914} INFO - Processing file /opt/airflow/dags/etl_to_datamart.py for tasks to queue
[2026-07-12T13:31:19.120+0000] {logging_mixin.py:190} INFO - [2026-07-12T13:31:19.120+0000] {dagbag.py:587} INFO - Filling up the DagBag from /opt/airflow/dags/etl_to_datamart.py
[2026-07-12T13:31:19.140+0000] {processor.py:925} INFO - DAG(s) 'dag_isi_data_mart' retrieved from /opt/airflow/dags/etl_to_datamart.py
[2026-07-12T13:31:19.183+0000] {logging_mixin.py:190} INFO - [2026-07-12T13:31:19.182+0000] {dag.py:3211} INFO - Sync 1 DAGs
[2026-07-12T13:31:19.201+0000] {logging_mixin.py:190} INFO - [2026-07-12T13:31:19.201+0000] {dag.py:4138} INFO - Setting next_dagrun for dag_isi_data_mart to None, run_after=None
[2026-07-12T13:31:19.230+0000] {processor.py:208} INFO - Processing /opt/airflow/dags/etl_to_datamart.py took 0.122 seconds
[2026-07-12T13:31:49.458+0000] {processor.py:186} INFO - Started process (PID=43) to work on /opt/airflow/dags/etl_to_datamart.py
[2026-07-12T13:31:49.459+0000] {processor.py:914} INFO - Processing file /opt/airflow/dags/etl_to_datamart.py for tasks to queue
[2026-07-12T13:31:49.461+0000] {logging_mixin.py:190} INFO - [2026-07-12T13:31:49.461+0000] {dagbag.py:587} INFO - Filling up the DagBag from /opt/airflow/dags/etl_to_datamart.py
[2026-07-12T13:31:49.479+0000] {processor.py:925} INFO - DAG(s) 'dag_isi_data_mart' retrieved from /opt/airflow/dags/etl_to_datamart.py
[2026-07-12T13:31:49.513+0000] {logging_mixin.py:190} INFO - [2026-07-12T13:31:49.513+0000] {dag.py:3211} INFO - Sync 1 DAGs
[2026-07-12T13:31:49.526+0000] {logging_mixin.py:190} INFO - [2026-07-12T13:31:49.526+0000] {dag.py:4138} INFO - Setting next_dagrun for dag_isi_data_mart to None, run_after=None
[2026-07-12T13:31:49.546+0000] {processor.py:208} INFO - Processing /opt/airflow/dags/etl_to_datamart.py took 0.093 seconds
[2026-07-12T13:32:19.860+0000] {processor.py:186} INFO - Started process (PID=51) to work on /opt/airflow/dags/etl_to_datamart.py
[2026-07-12T13:32:19.861+0000] {processor.py:914} INFO - Processing file /opt/airflow/dags/etl_to_datamart.py for tasks to queue
[2026-07-12T13:32:19.864+0000] {logging_mixin.py:190} INFO - [2026-07-12T13:32:19.863+0000] {dagbag.py:587} INFO - Filling up the DagBag from /opt/airflow/dags/etl_to_datamart.py
[2026-07-12T13:32:19.881+0000] {processor.py:925} INFO - DAG(s) 'dag_isi_data_mart' retrieved from /opt/airflow/dags/etl_to_datamart.py
[2026-07-12T13:32:19.927+0000] {logging_mixin.py:190} INFO - [2026-07-12T13:32:19.927+0000] {dag.py:3211} INFO - Sync 1 DAGs
[2026-07-12T13:32:19.967+0000] {logging_mixin.py:190} INFO - [2026-07-12T13:32:19.967+0000] {dag.py:4138} INFO - Setting next_dagrun for dag_isi_data_mart to None, run_after=None
[2026-07-12T13:32:19.993+0000] {processor.py:208} INFO - Processing /opt/airflow/dags/etl_to_datamart.py took 0.138 seconds
[2026-07-12T13:32:50.327+0000] {processor.py:186} INFO - Started process (PID=59) to work on /opt/airflow/dags/etl_to_datamart.py
[2026-07-12T13:32:50.329+0000] {processor.py:914} INFO - Processing file /opt/airflow/dags/etl_to_datamart.py for tasks to queue
[2026-07-12T13:32:50.344+0000] {logging_mixin.py:190} INFO - [2026-07-12T13:32:50.343+0000] {dagbag.py:587} INFO - Filling up the DagBag from /opt/airflow/dags/etl_to_datamart.py
[2026-07-12T13:32:50.408+0000] {processor.py:925} INFO - DAG(s) 'dag_isi_data_mart' retrieved from /opt/airflow/dags/etl_to_datamart.py
[2026-07-12T13:32:50.501+0000] {logging_mixin.py:190} INFO - [2026-07-12T13:32:50.501+0000] {dag.py:3211} INFO - Sync 1 DAGs
[2026-07-12T13:32:50.540+0000] {logging_mixin.py:190} INFO - [2026-07-12T13:32:50.540+0000] {dag.py:4138} INFO - Setting next_dagrun for dag_isi_data_mart to None, run_after=None
[2026-07-12T13:32:50.578+0000] {processor.py:208} INFO - Processing /opt/airflow/dags/etl_to_datamart.py took 0.270 seconds
[2026-07-12T13:33:20.640+0000] {processor.py:186} INFO - Started process (PID=67) to work on /opt/airflow/dags/etl_to_datamart.py
[2026-07-12T13:33:20.641+0000] {processor.py:914} INFO - Processing file /opt/airflow/dags/etl_to_datamart.py for tasks to queue
[2026-07-12T13:33:20.644+0000] {logging_mixin.py:190} INFO - [2026-07-12T13:33:20.644+0000] {dagbag.py:587} INFO - Filling up the DagBag from /opt/airflow/dags/etl_to_datamart.py
[2026-07-12T13:33:20.679+0000] {processor.py:925} INFO - DAG(s) 'dag_isi_data_mart' retrieved from /opt/airflow/dags/etl_to_datamart.py
[2026-07-12T13:33:20.744+0000] {logging_mixin.py:190} INFO - [2026-07-12T13:33:20.743+0000] {dag.py:3211} INFO - Sync 1 DAGs
[2026-07-12T13:33:21.185+0000] {logging_mixin.py:190} INFO - [2026-07-12T13:33:21.185+0000] {dag.py:4138} INFO - Setting next_dagrun for dag_isi_data_mart to None, run_after=None
[2026-07-12T13:33:21.214+0000] {processor.py:208} INFO - Processing /opt/airflow/dags/etl_to_datamart.py took 0.579 seconds
[2026-07-12T13:33:51.542+0000] {processor.py:186} INFO - Started process (PID=75) to work on /opt/airflow/dags/etl_to_datamart.py
[2026-07-12T13:33:51.542+0000] {processor.py:914} INFO - Processing file /opt/airflow/dags/etl_to_datamart.py for tasks to queue
[2026-07-12T13:33:51.549+0000] {logging_mixin.py:190} INFO - [2026-07-12T13:33:51.549+0000] {dagbag.py:587} INFO - Filling up the DagBag from /opt/airflow/dags/etl_to_datamart.py
[2026-07-12T13:33:51.565+0000] {processor.py:925} INFO - DAG(s) 'dag_isi_data_mart' retrieved from /opt/airflow/dags/etl_to_datamart.py
[2026-07-12T13:33:51.605+0000] {logging_mixin.py:190} INFO - [2026-07-12T13:33:51.604+0000] {dag.py:3211} INFO - Sync 1 DAGs
[2026-07-12T13:33:51.855+0000] {logging_mixin.py:190} INFO - [2026-07-12T13:33:51.854+0000] {dag.py:4138} INFO - Setting next_dagrun for dag_isi_data_mart to None, run_after=None
[2026-07-12T13:33:51.878+0000] {processor.py:208} INFO - Processing /opt/airflow/dags/etl_to_datamart.py took 0.342 seconds
[2026-07-12T13:34:22.189+0000] {processor.py:186} INFO - Started process (PID=83) to work on /opt/airflow/dags/etl_to_datamart.py
[2026-07-12T13:34:22.190+0000] {processor.py:914} INFO - Processing file /opt/airflow/dags/etl_to_datamart.py for tasks to queue
[2026-07-12T13:34:22.192+0000] {logging_mixin.py:190} INFO - [2026-07-12T13:34:22.192+0000] {dagbag.py:587} INFO - Filling up the DagBag from /opt/airflow/dags/etl_to_datamart.py
[2026-07-12T13:34:22.208+0000] {processor.py:925} INFO - DAG(s) 'dag_isi_data_mart' retrieved from /opt/airflow/dags/etl_to_datamart.py
[2026-07-12T13:34:22.406+0000] {logging_mixin.py:190} INFO - [2026-07-12T13:34:22.405+0000] {dag.py:3211} INFO - Sync 1 DAGs
[2026-07-12T13:34:22.419+0000] {logging_mixin.py:190} INFO - [2026-07-12T13:34:22.418+0000] {dag.py:4138} INFO - Setting next_dagrun for dag_isi_data_mart to None, run_after=None
[2026-07-12T13:34:22.439+0000] {processor.py:208} INFO - Processing /opt/airflow/dags/etl_to_datamart.py took 0.256 seconds
[2026-07-12T13:34:52.530+0000] {processor.py:186} INFO - Started process (PID=91) to work on /opt/airflow/dags/etl_to_datamart.py
[2026-07-12T13:34:52.531+0000] {processor.py:914} INFO - Processing file /opt/airflow/dags/etl_to_datamart.py for tasks to queue
[2026-07-12T13:34:52.533+0000] {logging_mixin.py:190} INFO - [2026-07-12T13:34:52.532+0000] {dagbag.py:587} INFO - Filling up the DagBag from /opt/airflow/dags/etl_to_datamart.py
[2026-07-12T13:34:52.725+0000] {processor.py:925} INFO - DAG(s) 'dag_isi_data_mart' retrieved from /opt/airflow/dags/etl_to_datamart.py
[2026-07-12T13:34:52.759+0000] {logging_mixin.py:190} INFO - [2026-07-12T13:34:52.759+0000] {dag.py:3211} INFO - Sync 1 DAGs
[2026-07-12T13:34:52.773+0000] {logging_mixin.py:190} INFO - [2026-07-12T13:34:52.773+0000] {dag.py:4138} INFO - Setting next_dagrun for dag_isi_data_mart to None, run_after=None
[2026-07-12T13:34:52.797+0000] {processor.py:208} INFO - Processing /opt/airflow/dags/etl_to_datamart.py took 0.272 seconds
[2026-07-12T13:35:23.141+0000] {processor.py:186} INFO - Started process (PID=99) to work on /opt/airflow/dags/etl_to_datamart.py
[2026-07-12T13:35:23.142+0000] {processor.py:914} INFO - Processing file /opt/airflow/dags/etl_to_datamart.py for tasks to queue
[2026-07-12T13:35:23.144+0000] {logging_mixin.py:190} INFO - [2026-07-12T13:35:23.144+0000] {dagbag.py:587} INFO - Filling up the DagBag from /opt/airflow/dags/etl_to_datamart.py
[2026-07-12T13:35:23.160+0000] {processor.py:925} INFO - DAG(s) 'dag_isi_data_mart' retrieved from /opt/airflow/dags/etl_to_datamart.py
[2026-07-12T13:35:23.197+0000] {logging_mixin.py:190} INFO - [2026-07-12T13:35:23.197+0000] {dag.py:3211} INFO - Sync 1 DAGs
[2026-07-12T13:35:23.212+0000] {logging_mixin.py:190} INFO - [2026-07-12T13:35:23.211+0000] {dag.py:4138} INFO - Setting next_dagrun for dag_isi_data_mart to None, run_after=None
[2026-07-12T13:35:23.234+0000] {processor.py:208} INFO - Processing /opt/airflow/dags/etl_to_datamart.py took 0.099 seconds
[2026-07-12T13:35:53.470+0000] {processor.py:186} INFO - Started process (PID=107) to work on /opt/airflow/dags/etl_to_datamart.py
[2026-07-12T13:35:53.471+0000] {processor.py:914} INFO - Processing file /opt/airflow/dags/etl_to_datamart.py for tasks to queue
[2026-07-12T13:35:53.473+0000] {logging_mixin.py:190} INFO - [2026-07-12T13:35:53.473+0000] {dagbag.py:587} INFO - Filling up the DagBag from /opt/airflow/dags/etl_to_datamart.py
[2026-07-12T13:35:53.489+0000] {processor.py:925} INFO - DAG(s) 'dag_isi_data_mart' retrieved from /opt/airflow/dags/etl_to_datamart.py
[2026-07-12T13:35:53.526+0000] {logging_mixin.py:190} INFO - [2026-07-12T13:35:53.526+0000] {dag.py:3211} INFO - Sync 1 DAGs
[2026-07-12T13:35:53.539+0000] {logging_mixin.py:190} INFO - [2026-07-12T13:35:53.539+0000] {dag.py:4138} INFO - Setting next_dagrun for dag_isi_data_mart to None, run_after=None
[2026-07-12T13:35:53.561+0000] {processor.py:208} INFO - Processing /opt/airflow/dags/etl_to_datamart.py took 0.096 seconds
[2026-07-12T13:36:23.914+0000] {processor.py:186} INFO - Started process (PID=115) to work on /opt/airflow/dags/etl_to_datamart.py
[2026-07-12T13:36:23.915+0000] {processor.py:914} INFO - Processing file /opt/airflow/dags/etl_to_datamart.py for tasks to queue
[2026-07-12T13:36:23.917+0000] {logging_mixin.py:190} INFO - [2026-07-12T13:36:23.917+0000] {dagbag.py:587} INFO - Filling up the DagBag from /opt/airflow/dags/etl_to_datamart.py
[2026-07-12T13:36:23.932+0000] {processor.py:925} INFO - DAG(s) 'dag_isi_data_mart' retrieved from /opt/airflow/dags/etl_to_datamart.py
[2026-07-12T13:36:23.969+0000] {logging_mixin.py:190} INFO - [2026-07-12T13:36:23.968+0000] {dag.py:3211} INFO - Sync 1 DAGs
[2026-07-12T13:36:23.981+0000] {logging_mixin.py:190} INFO - [2026-07-12T13:36:23.981+0000] {dag.py:4138} INFO - Setting next_dagrun for dag_isi_data_mart to None, run_after=None
[2026-07-12T13:36:24.004+0000] {processor.py:208} INFO - Processing /opt/airflow/dags/etl_to_datamart.py took 0.095 seconds
[2026-07-12T13:36:54.249+0000] {processor.py:186} INFO - Started process (PID=123) to work on /opt/airflow/dags/etl_to_datamart.py
[2026-07-12T13:36:54.250+0000] {processor.py:914} INFO - Processing file /opt/airflow/dags/etl_to_datamart.py for tasks to queue
[2026-07-12T13:36:54.253+0000] {logging_mixin.py:190} INFO - [2026-07-12T13:36:54.252+0000] {dagbag.py:587} INFO - Filling up the DagBag from /opt/airflow/dags/etl_to_datamart.py
[2026-07-12T13:36:54.268+0000] {processor.py:925} INFO - DAG(s) 'dag_isi_data_mart' retrieved from /opt/airflow/dags/etl_to_datamart.py
[2026-07-12T13:36:54.303+0000] {logging_mixin.py:190} INFO - [2026-07-12T13:36:54.303+0000] {dag.py:3211} INFO - Sync 1 DAGs
[2026-07-12T13:36:54.317+0000] {logging_mixin.py:190} INFO - [2026-07-12T13:36:54.317+0000] {dag.py:4138} INFO - Setting next_dagrun for dag_isi_data_mart to None, run_after=None
[2026-07-12T13:36:54.340+0000] {processor.py:208} INFO - Processing /opt/airflow/dags/etl_to_datamart.py took 0.096 seconds
[2026-07-12T13:37:24.639+0000] {processor.py:186} INFO - Started process (PID=131) to work on /opt/airflow/dags/etl_to_datamart.py
[2026-07-12T13:37:24.641+0000] {processor.py:914} INFO - Processing file /opt/airflow/dags/etl_to_datamart.py for tasks to queue
[2026-07-12T13:37:24.645+0000] {logging_mixin.py:190} INFO - [2026-07-12T13:37:24.644+0000] {dagbag.py:587} INFO - Filling up the DagBag from /opt/airflow/dags/etl_to_datamart.py
[2026-07-12T13:37:24.670+0000] {processor.py:925} INFO - DAG(s) 'dag_isi_data_mart' retrieved from /opt/airflow/dags/etl_to_datamart.py
[2026-07-12T13:37:24.713+0000] {logging_mixin.py:190} INFO - [2026-07-12T13:37:24.713+0000] {dag.py:3211} INFO - Sync 1 DAGs
[2026-07-12T13:37:24.731+0000] {logging_mixin.py:190} INFO - [2026-07-12T13:37:24.730+0000] {dag.py:4138} INFO - Setting next_dagrun for dag_isi_data_mart to None, run_after=None
[2026-07-12T13:37:24.758+0000] {processor.py:208} INFO - Processing /opt/airflow/dags/etl_to_datamart.py took 0.127 seconds
[2026-07-12T13:37:54.974+0000] {processor.py:186} INFO - Started process (PID=139) to work on /opt/airflow/dags/etl_to_datamart.py
[2026-07-12T13:37:54.975+0000] {processor.py:914} INFO - Processing file /opt/airflow/dags/etl_to_datamart.py for tasks to queue
[2026-07-12T13:37:54.978+0000] {logging_mixin.py:190} INFO - [2026-07-12T13:37:54.978+0000] {dagbag.py:587} INFO - Filling up the DagBag from /opt/airflow/dags/etl_to_datamart.py
[2026-07-12T13:37:54.996+0000] {processor.py:925} INFO - DAG(s) 'dag_isi_data_mart' retrieved from /opt/airflow/dags/etl_to_datamart.py
[2026-07-12T13:37:55.038+0000] {logging_mixin.py:190} INFO - [2026-07-12T13:37:55.037+0000] {dag.py:3211} INFO - Sync 1 DAGs
[2026-07-12T13:37:55.054+0000] {logging_mixin.py:190} INFO - [2026-07-12T13:37:55.053+0000] {dag.py:4138} INFO - Setting next_dagrun for dag_isi_data_mart to None, run_after=None
[2026-07-12T13:37:55.078+0000] {processor.py:208} INFO - Processing /opt/airflow/dags/etl_to_datamart.py took 0.110 seconds
[2026-07-12T13:38:25.444+0000] {processor.py:186} INFO - Started process (PID=147) to work on /opt/airflow/dags/etl_to_datamart.py
[2026-07-12T13:38:25.445+0000] {processor.py:914} INFO - Processing file /opt/airflow/dags/etl_to_datamart.py for tasks to queue
[2026-07-12T13:38:25.448+0000] {logging_mixin.py:190} INFO - [2026-07-12T13:38:25.447+0000] {dagbag.py:587} INFO - Filling up the DagBag from /opt/airflow/dags/etl_to_datamart.py
[2026-07-12T13:38:25.471+0000] {processor.py:925} INFO - DAG(s) 'dag_isi_data_mart' retrieved from /opt/airflow/dags/etl_to_datamart.py
[2026-07-12T13:38:25.524+0000] {logging_mixin.py:190} INFO - [2026-07-12T13:38:25.524+0000] {dag.py:3211} INFO - Sync 1 DAGs
[2026-07-12T13:38:25.547+0000] {logging_mixin.py:190} INFO - [2026-07-12T13:38:25.546+0000] {dag.py:4138} INFO - Setting next_dagrun for dag_isi_data_mart to None, run_after=None
[2026-07-12T13:38:25.585+0000] {processor.py:208} INFO - Processing /opt/airflow/dags/etl_to_datamart.py took 0.152 seconds
[2026-07-12T13:38:55.950+0000] {processor.py:186} INFO - Started process (PID=155) to work on /opt/airflow/dags/etl_to_datamart.py
[2026-07-12T13:38:55.952+0000] {processor.py:914} INFO - Processing file /opt/airflow/dags/etl_to_datamart.py for tasks to queue
[2026-07-12T13:38:55.955+0000] {logging_mixin.py:190} INFO - [2026-07-12T13:38:55.954+0000] {dagbag.py:587} INFO - Filling up the DagBag from /opt/airflow/dags/etl_to_datamart.py
[2026-07-12T13:38:55.976+0000] {processor.py:925} INFO - DAG(s) 'dag_isi_data_mart' retrieved from /opt/airflow/dags/etl_to_datamart.py
[2026-07-12T13:38:56.019+0000] {logging_mixin.py:190} INFO - [2026-07-12T13:38:56.019+0000] {dag.py:3211} INFO - Sync 1 DAGs
[2026-07-12T13:38:56.037+0000] {logging_mixin.py:190} INFO - [2026-07-12T13:38:56.036+0000] {dag.py:4138} INFO - Setting next_dagrun for dag_isi_data_mart to None, run_after=None
[2026-07-12T13:38:56.065+0000] {processor.py:208} INFO - Processing /opt/airflow/dags/etl_to_datamart.py took 0.123 seconds
[2026-07-12T13:39:26.311+0000] {processor.py:186} INFO - Started process (PID=163) to work on /opt/airflow/dags/etl_to_datamart.py
[2026-07-12T13:39:26.312+0000] {processor.py:914} INFO - Processing file /opt/airflow/dags/etl_to_datamart.py for tasks to queue
[2026-07-12T13:39:26.314+0000] {logging_mixin.py:190} INFO - [2026-07-12T13:39:26.314+0000] {dagbag.py:587} INFO - Filling up the DagBag from /opt/airflow/dags/etl_to_datamart.py
[2026-07-12T13:39:26.334+0000] {processor.py:925} INFO - DAG(s) 'dag_isi_data_mart' retrieved from /opt/airflow/dags/etl_to_datamart.py
[2026-07-12T13:39:26.378+0000] {logging_mixin.py:190} INFO - [2026-07-12T13:39:26.378+0000] {dag.py:3211} INFO - Sync 1 DAGs
[2026-07-12T13:39:26.395+0000] {logging_mixin.py:190} INFO - [2026-07-12T13:39:26.395+0000] {dag.py:4138} INFO - Setting next_dagrun for dag_isi_data_mart to None, run_after=None
[2026-07-12T13:39:26.418+0000] {processor.py:208} INFO - Processing /opt/airflow/dags/etl_to_datamart.py took 0.115 seconds
[2026-07-12T13:39:56.694+0000] {processor.py:186} INFO - Started process (PID=171) to work on /opt/airflow/dags/etl_to_datamart.py
[2026-07-12T13:39:56.695+0000] {processor.py:914} INFO - Processing file /opt/airflow/dags/etl_to_datamart.py for tasks to queue
[2026-07-12T13:39:56.698+0000] {logging_mixin.py:190} INFO - [2026-07-12T13:39:56.698+0000] {dagbag.py:587} INFO - Filling up the DagBag from /opt/airflow/dags/etl_to_datamart.py
[2026-07-12T13:39:56.715+0000] {processor.py:925} INFO - DAG(s) 'dag_isi_data_mart' retrieved from /opt/airflow/dags/etl_to_datamart.py
[2026-07-12T13:39:56.753+0000] {logging_mixin.py:190} INFO - [2026-07-12T13:39:56.752+0000] {dag.py:3211} INFO - Sync 1 DAGs
[2026-07-12T13:39:56.767+0000] {logging_mixin.py:190} INFO - [2026-07-12T13:39:56.767+0000] {dag.py:4138} INFO - Setting next_dagrun for dag_isi_data_mart to None, run_after=None
[2026-07-12T13:39:56.792+0000] {processor.py:208} INFO - Processing /opt/airflow/dags/etl_to_datamart.py took 0.103 seconds
[2026-07-12T13:40:27.057+0000] {processor.py:186} INFO - Started process (PID=179) to work on /opt/airflow/dags/etl_to_datamart.py
[2026-07-12T13:40:27.058+0000] {processor.py:914} INFO - Processing file /opt/airflow/dags/etl_to_datamart.py for tasks to queue
[2026-07-12T13:40:27.060+0000] {logging_mixin.py:190} INFO - [2026-07-12T13:40:27.060+0000] {dagbag.py:587} INFO - Filling up the DagBag from /opt/airflow/dags/etl_to_datamart.py
[2026-07-12T13:40:27.076+0000] {processor.py:925} INFO - DAG(s) 'dag_isi_data_mart' retrieved from /opt/airflow/dags/etl_to_datamart.py
[2026-07-12T13:40:27.110+0000] {logging_mixin.py:190} INFO - [2026-07-12T13:40:27.109+0000] {dag.py:3211} INFO - Sync 1 DAGs
[2026-07-12T13:40:27.123+0000] {logging_mixin.py:190} INFO - [2026-07-12T13:40:27.123+0000] {dag.py:4138} INFO - Setting next_dagrun for dag_isi_data_mart to None, run_after=None
[2026-07-12T13:40:27.144+0000] {processor.py:208} INFO - Processing /opt/airflow/dags/etl_to_datamart.py took 0.093 seconds
[2026-07-12T13:40:57.420+0000] {processor.py:186} INFO - Started process (PID=187) to work on /opt/airflow/dags/etl_to_datamart.py
[2026-07-12T13:40:57.421+0000] {processor.py:914} INFO - Processing file /opt/airflow/dags/etl_to_datamart.py for tasks to queue
[2026-07-12T13:40:57.424+0000] {logging_mixin.py:190} INFO - [2026-07-12T13:40:57.423+0000] {dagbag.py:587} INFO - Filling up the DagBag from /opt/airflow/dags/etl_to_datamart.py
[2026-07-12T13:40:57.443+0000] {processor.py:925} INFO - DAG(s) 'dag_isi_data_mart' retrieved from /opt/airflow/dags/etl_to_datamart.py
[2026-07-12T13:40:57.478+0000] {logging_mixin.py:190} INFO - [2026-07-12T13:40:57.477+0000] {dag.py:3211} INFO - Sync 1 DAGs
[2026-07-12T13:40:57.492+0000] {logging_mixin.py:190} INFO - [2026-07-12T13:40:57.492+0000] {dag.py:4138} INFO - Setting next_dagrun for dag_isi_data_mart to None, run_after=None
[2026-07-12T13:40:57.517+0000] {processor.py:208} INFO - Processing /opt/airflow/dags/etl_to_datamart.py took 0.102 seconds
[2026-07-12T13:41:27.799+0000] {processor.py:186} INFO - Started process (PID=195) to work on /opt/airflow/dags/etl_to_datamart.py
[2026-07-12T13:41:27.800+0000] {processor.py:914} INFO - Processing file /opt/airflow/dags/etl_to_datamart.py for tasks to queue
[2026-07-12T13:41:27.803+0000] {logging_mixin.py:190} INFO - [2026-07-12T13:41:27.803+0000] {dagbag.py:587} INFO - Filling up the DagBag from /opt/airflow/dags/etl_to_datamart.py
[2026-07-12T13:41:27.822+0000] {processor.py:925} INFO - DAG(s) 'dag_isi_data_mart' retrieved from /opt/airflow/dags/etl_to_datamart.py
[2026-07-12T13:41:27.865+0000] {logging_mixin.py:190} INFO - [2026-07-12T13:41:27.865+0000] {dag.py:3211} INFO - Sync 1 DAGs
[2026-07-12T13:41:27.881+0000] {logging_mixin.py:190} INFO - [2026-07-12T13:41:27.881+0000] {dag.py:4138} INFO - Setting next_dagrun for dag_isi_data_mart to None, run_after=None
[2026-07-12T13:41:27.905+0000] {processor.py:208} INFO - Processing /opt/airflow/dags/etl_to_datamart.py took 0.113 seconds
[2026-07-12T13:41:58.155+0000] {processor.py:186} INFO - Started process (PID=203) to work on /opt/airflow/dags/etl_to_datamart.py
[2026-07-12T13:41:58.157+0000] {processor.py:914} INFO - Processing file /opt/airflow/dags/etl_to_datamart.py for tasks to queue
[2026-07-12T13:41:58.161+0000] {logging_mixin.py:190} INFO - [2026-07-12T13:41:58.160+0000] {dagbag.py:587} INFO - Filling up the DagBag from /opt/airflow/dags/etl_to_datamart.py
[2026-07-12T13:41:58.188+0000] {processor.py:925} INFO - DAG(s) 'dag_isi_data_mart' retrieved from /opt/airflow/dags/etl_to_datamart.py
[2026-07-12T13:41:58.250+0000] {logging_mixin.py:190} INFO - [2026-07-12T13:41:58.249+0000] {dag.py:3211} INFO - Sync 1 DAGs
[2026-07-12T13:41:58.269+0000] {logging_mixin.py:190} INFO - [2026-07-12T13:41:58.269+0000] {dag.py:4138} INFO - Setting next_dagrun for dag_isi_data_mart to None, run_after=None
[2026-07-12T13:41:58.305+0000] {processor.py:208} INFO - Processing /opt/airflow/dags/etl_to_datamart.py took 0.160 seconds
[2026-07-12T13:42:28.608+0000] {processor.py:186} INFO - Started process (PID=211) to work on /opt/airflow/dags/etl_to_datamart.py
[2026-07-12T13:42:28.610+0000] {processor.py:914} INFO - Processing file /opt/airflow/dags/etl_to_datamart.py for tasks to queue
[2026-07-12T13:42:28.613+0000] {logging_mixin.py:190} INFO - [2026-07-12T13:42:28.612+0000] {dagbag.py:587} INFO - Filling up the DagBag from /opt/airflow/dags/etl_to_datamart.py
[2026-07-12T13:42:28.630+0000] {processor.py:925} INFO - DAG(s) 'dag_isi_data_mart' retrieved from /opt/airflow/dags/etl_to_datamart.py
[2026-07-12T13:42:28.675+0000] {logging_mixin.py:190} INFO - [2026-07-12T13:42:28.675+0000] {dag.py:3211} INFO - Sync 1 DAGs
[2026-07-12T13:42:28.693+0000] {logging_mixin.py:190} INFO - [2026-07-12T13:42:28.692+0000] {dag.py:4138} INFO - Setting next_dagrun for dag_isi_data_mart to None, run_after=None
[2026-07-12T13:42:28.721+0000] {processor.py:208} INFO - Processing /opt/airflow/dags/etl_to_datamart.py took 0.120 seconds
[2026-07-12T13:42:59.020+0000] {processor.py:186} INFO - Started process (PID=219) to work on /opt/airflow/dags/etl_to_datamart.py
[2026-07-12T13:42:59.022+0000] {processor.py:914} INFO - Processing file /opt/airflow/dags/etl_to_datamart.py for tasks to queue
[2026-07-12T13:42:59.025+0000] {logging_mixin.py:190} INFO - [2026-07-12T13:42:59.025+0000] {dagbag.py:587} INFO - Filling up the DagBag from /opt/airflow/dags/etl_to_datamart.py
[2026-07-12T13:42:59.053+0000] {processor.py:925} INFO - DAG(s) 'dag_isi_data_mart' retrieved from /opt/airflow/dags/etl_to_datamart.py
[2026-07-12T13:42:59.164+0000] {logging_mixin.py:190} INFO - [2026-07-12T13:42:59.163+0000] {dag.py:3211} INFO - Sync 1 DAGs
[2026-07-12T13:42:59.202+0000] {logging_mixin.py:190} INFO - [2026-07-12T13:42:59.201+0000] {dag.py:4138} INFO - Setting next_dagrun for dag_isi_data_mart to None, run_after=None
[2026-07-12T13:42:59.247+0000] {processor.py:208} INFO - Processing /opt/airflow/dags/etl_to_datamart.py took 0.238 seconds
[2026-07-12T13:43:29.475+0000] {processor.py:186} INFO - Started process (PID=227) to work on /opt/airflow/dags/etl_to_datamart.py
[2026-07-12T13:43:29.477+0000] {processor.py:914} INFO - Processing file /opt/airflow/dags/etl_to_datamart.py for tasks to queue
[2026-07-12T13:43:29.489+0000] {logging_mixin.py:190} INFO - [2026-07-12T13:43:29.488+0000] {dagbag.py:587} INFO - Filling up the DagBag from /opt/airflow/dags/etl_to_datamart.py
[2026-07-12T13:43:29.542+0000] {processor.py:925} INFO - DAG(s) 'dag_isi_data_mart' retrieved from /opt/airflow/dags/etl_to_datamart.py
[2026-07-12T13:43:29.625+0000] {logging_mixin.py:190} INFO - [2026-07-12T13:43:29.624+0000] {dag.py:3211} INFO - Sync 1 DAGs
[2026-07-12T13:43:29.665+0000] {logging_mixin.py:190} INFO - [2026-07-12T13:43:29.665+0000] {dag.py:4138} INFO - Setting next_dagrun for dag_isi_data_mart to None, run_after=None
[2026-07-12T13:43:29.711+0000] {processor.py:208} INFO - Processing /opt/airflow/dags/etl_to_datamart.py took 0.259 seconds
[2026-07-12T13:44:00.123+0000] {processor.py:186} INFO - Started process (PID=235) to work on /opt/airflow/dags/etl_to_datamart.py
[2026-07-12T13:44:00.125+0000] {processor.py:914} INFO - Processing file /opt/airflow/dags/etl_to_datamart.py for tasks to queue
[2026-07-12T13:44:00.129+0000] {logging_mixin.py:190} INFO - [2026-07-12T13:44:00.128+0000] {dagbag.py:587} INFO - Filling up the DagBag from /opt/airflow/dags/etl_to_datamart.py
[2026-07-12T13:44:00.155+0000] {processor.py:925} INFO - DAG(s) 'dag_isi_data_mart' retrieved from /opt/airflow/dags/etl_to_datamart.py
[2026-07-12T13:44:00.207+0000] {logging_mixin.py:190} INFO - [2026-07-12T13:44:00.206+0000] {dag.py:3211} INFO - Sync 1 DAGs
[2026-07-12T13:44:00.230+0000] {logging_mixin.py:190} INFO - [2026-07-12T13:44:00.230+0000] {dag.py:4138} INFO - Setting next_dagrun for dag_isi_data_mart to None, run_after=None
[2026-07-12T13:44:00.268+0000] {processor.py:208} INFO - Processing /opt/airflow/dags/etl_to_datamart.py took 0.155 seconds
[2026-07-12T13:44:30.533+0000] {processor.py:186} INFO - Started process (PID=243) to work on /opt/airflow/dags/etl_to_datamart.py
[2026-07-12T13:44:30.535+0000] {processor.py:914} INFO - Processing file /opt/airflow/dags/etl_to_datamart.py for tasks to queue
[2026-07-12T13:44:30.537+0000] {logging_mixin.py:190} INFO - [2026-07-12T13:44:30.537+0000] {dagbag.py:587} INFO - Filling up the DagBag from /opt/airflow/dags/etl_to_datamart.py
[2026-07-12T13:44:30.564+0000] {processor.py:925} INFO - DAG(s) 'dag_isi_data_mart' retrieved from /opt/airflow/dags/etl_to_datamart.py
[2026-07-12T13:44:30.624+0000] {logging_mixin.py:190} INFO - [2026-07-12T13:44:30.624+0000] {dag.py:3211} INFO - Sync 1 DAGs
[2026-07-12T13:44:30.650+0000] {logging_mixin.py:190} INFO - [2026-07-12T13:44:30.649+0000] {dag.py:4138} INFO - Setting next_dagrun for dag_isi_data_mart to None, run_after=None
[2026-07-12T13:44:30.684+0000] {processor.py:208} INFO - Processing /opt/airflow/dags/etl_to_datamart.py took 0.160 seconds
[2026-07-12T13:45:01.055+0000] {processor.py:186} INFO - Started process (PID=252) to work on /opt/airflow/dags/etl_to_datamart.py
[2026-07-12T13:45:01.056+0000] {processor.py:914} INFO - Processing file /opt/airflow/dags/etl_to_datamart.py for tasks to queue
[2026-07-12T13:45:01.059+0000] {logging_mixin.py:190} INFO - [2026-07-12T13:45:01.059+0000] {dagbag.py:587} INFO - Filling up the DagBag from /opt/airflow/dags/etl_to_datamart.py
[2026-07-12T13:45:01.080+0000] {processor.py:925} INFO - DAG(s) 'dag_isi_data_mart' retrieved from /opt/airflow/dags/etl_to_datamart.py
[2026-07-12T13:45:01.123+0000] {logging_mixin.py:190} INFO - [2026-07-12T13:45:01.123+0000] {dag.py:3211} INFO - Sync 1 DAGs
[2026-07-12T13:45:01.139+0000] {logging_mixin.py:190} INFO - [2026-07-12T13:45:01.139+0000] {dag.py:4138} INFO - Setting next_dagrun for dag_isi_data_mart to None, run_after=None
[2026-07-12T13:45:01.166+0000] {processor.py:208} INFO - Processing /opt/airflow/dags/etl_to_datamart.py took 0.118 seconds
[2026-07-12T13:45:31.430+0000] {processor.py:186} INFO - Started process (PID=260) to work on /opt/airflow/dags/etl_to_datamart.py
[2026-07-12T13:45:31.431+0000] {processor.py:914} INFO - Processing file /opt/airflow/dags/etl_to_datamart.py for tasks to queue
[2026-07-12T13:45:31.435+0000] {logging_mixin.py:190} INFO - [2026-07-12T13:45:31.435+0000] {dagbag.py:587} INFO - Filling up the DagBag from /opt/airflow/dags/etl_to_datamart.py
[2026-07-12T13:45:31.460+0000] {processor.py:925} INFO - DAG(s) 'dag_isi_data_mart' retrieved from /opt/airflow/dags/etl_to_datamart.py
[2026-07-12T13:45:31.512+0000] {logging_mixin.py:190} INFO - [2026-07-12T13:45:31.512+0000] {dag.py:3211} INFO - Sync 1 DAGs
[2026-07-12T13:45:31.533+0000] {logging_mixin.py:190} INFO - [2026-07-12T13:45:31.533+0000] {dag.py:4138} INFO - Setting next_dagrun for dag_isi_data_mart to None, run_after=None
[2026-07-12T13:45:31.563+0000] {processor.py:208} INFO - Processing /opt/airflow/dags/etl_to_datamart.py took 0.143 seconds
[2026-07-12T13:46:01.982+0000] {processor.py:186} INFO - Started process (PID=268) to work on /opt/airflow/dags/etl_to_datamart.py
[2026-07-12T13:46:01.984+0000] {processor.py:914} INFO - Processing file /opt/airflow/dags/etl_to_datamart.py for tasks to queue
[2026-07-12T13:46:01.990+0000] {logging_mixin.py:190} INFO - [2026-07-12T13:46:01.989+0000] {dagbag.py:587} INFO - Filling up the DagBag from /opt/airflow/dags/etl_to_datamart.py
[2026-07-12T13:46:02.023+0000] {processor.py:925} INFO - DAG(s) 'dag_isi_data_mart' retrieved from /opt/airflow/dags/etl_to_datamart.py
[2026-07-12T13:46:02.082+0000] {logging_mixin.py:190} INFO - [2026-07-12T13:46:02.082+0000] {dag.py:3211} INFO - Sync 1 DAGs
[2026-07-12T13:46:02.108+0000] {logging_mixin.py:190} INFO - [2026-07-12T13:46:02.107+0000] {dag.py:4138} INFO - Setting next_dagrun for dag_isi_data_mart to None, run_after=None
[2026-07-12T13:46:02.141+0000] {processor.py:208} INFO - Processing /opt/airflow/dags/etl_to_datamart.py took 0.168 seconds
[2026-07-12T13:46:32.451+0000] {processor.py:186} INFO - Started process (PID=276) to work on /opt/airflow/dags/etl_to_datamart.py
[2026-07-12T13:46:32.453+0000] {processor.py:914} INFO - Processing file /opt/airflow/dags/etl_to_datamart.py for tasks to queue
[2026-07-12T13:46:32.462+0000] {logging_mixin.py:190} INFO - [2026-07-12T13:46:32.461+0000] {dagbag.py:587} INFO - Filling up the DagBag from /opt/airflow/dags/etl_to_datamart.py
[2026-07-12T13:46:32.511+0000] {processor.py:925} INFO - DAG(s) 'dag_isi_data_mart' retrieved from /opt/airflow/dags/etl_to_datamart.py
[2026-07-12T13:46:32.603+0000] {logging_mixin.py:190} INFO - [2026-07-12T13:46:32.602+0000] {dag.py:3211} INFO - Sync 1 DAGs
[2026-07-12T13:46:32.669+0000] {logging_mixin.py:190} INFO - [2026-07-12T13:46:32.668+0000] {dag.py:4138} INFO - Setting next_dagrun for dag_isi_data_mart to None, run_after=None
[2026-07-12T13:46:32.759+0000] {processor.py:208} INFO - Processing /opt/airflow/dags/etl_to_datamart.py took 0.347 seconds
[2026-07-12T13:47:03.113+0000] {processor.py:186} INFO - Started process (PID=284) to work on /opt/airflow/dags/etl_to_datamart.py
[2026-07-12T13:47:03.115+0000] {processor.py:914} INFO - Processing file /opt/airflow/dags/etl_to_datamart.py for tasks to queue
[2026-07-12T13:47:03.121+0000] {logging_mixin.py:190} INFO - [2026-07-12T13:47:03.120+0000] {dagbag.py:587} INFO - Filling up the DagBag from /opt/airflow/dags/etl_to_datamart.py
[2026-07-12T13:47:03.177+0000] {processor.py:925} INFO - DAG(s) 'dag_isi_data_mart' retrieved from /opt/airflow/dags/etl_to_datamart.py
[2026-07-12T13:47:03.263+0000] {logging_mixin.py:190} INFO - [2026-07-12T13:47:03.263+0000] {dag.py:3211} INFO - Sync 1 DAGs
[2026-07-12T13:47:03.287+0000] {logging_mixin.py:190} INFO - [2026-07-12T13:47:03.286+0000] {dag.py:4138} INFO - Setting next_dagrun for dag_isi_data_mart to None, run_after=None
[2026-07-12T13:47:03.331+0000] {processor.py:208} INFO - Processing /opt/airflow/dags/etl_to_datamart.py took 0.237 seconds
[2026-07-12T13:47:33.442+0000] {processor.py:186} INFO - Started process (PID=292) to work on /opt/airflow/dags/etl_to_datamart.py
[2026-07-12T13:47:33.442+0000] {processor.py:914} INFO - Processing file /opt/airflow/dags/etl_to_datamart.py for tasks to queue
[2026-07-12T13:47:33.445+0000] {logging_mixin.py:190} INFO - [2026-07-12T13:47:33.444+0000] {dagbag.py:587} INFO - Filling up the DagBag from /opt/airflow/dags/etl_to_datamart.py
[2026-07-12T13:47:33.461+0000] {processor.py:925} INFO - DAG(s) 'dag_isi_data_mart' retrieved from /opt/airflow/dags/etl_to_datamart.py
[2026-07-12T13:47:33.497+0000] {logging_mixin.py:190} INFO - [2026-07-12T13:47:33.497+0000] {dag.py:3211} INFO - Sync 1 DAGs
[2026-07-12T13:47:33.510+0000] {logging_mixin.py:190} INFO - [2026-07-12T13:47:33.510+0000] {dag.py:4138} INFO - Setting next_dagrun for dag_isi_data_mart to None, run_after=None
[2026-07-12T13:47:33.533+0000] {processor.py:208} INFO - Processing /opt/airflow/dags/etl_to_datamart.py took 0.097 seconds
[2026-07-12T13:48:03.763+0000] {processor.py:186} INFO - Started process (PID=300) to work on /opt/airflow/dags/etl_to_datamart.py
[2026-07-12T13:48:03.764+0000] {processor.py:914} INFO - Processing file /opt/airflow/dags/etl_to_datamart.py for tasks to queue
[2026-07-12T13:48:03.766+0000] {logging_mixin.py:190} INFO - [2026-07-12T13:48:03.766+0000] {dagbag.py:587} INFO - Filling up the DagBag from /opt/airflow/dags/etl_to_datamart.py
[2026-07-12T13:48:03.785+0000] {processor.py:925} INFO - DAG(s) 'dag_isi_data_mart' retrieved from /opt/airflow/dags/etl_to_datamart.py
[2026-07-12T13:48:03.823+0000] {logging_mixin.py:190} INFO - [2026-07-12T13:48:03.823+0000] {dag.py:3211} INFO - Sync 1 DAGs
[2026-07-12T13:48:03.838+0000] {logging_mixin.py:190} INFO - [2026-07-12T13:48:03.838+0000] {dag.py:4138} INFO - Setting next_dagrun for dag_isi_data_mart to None, run_after=None
[2026-07-12T13:48:03.862+0000] {processor.py:208} INFO - Processing /opt/airflow/dags/etl_to_datamart.py took 0.106 seconds
[2026-07-12T13:48:34.164+0000] {processor.py:186} INFO - Started process (PID=309) to work on /opt/airflow/dags/etl_to_datamart.py
[2026-07-12T13:48:34.164+0000] {processor.py:914} INFO - Processing file /opt/airflow/dags/etl_to_datamart.py for tasks to queue
[2026-07-12T13:48:34.166+0000] {logging_mixin.py:190} INFO - [2026-07-12T13:48:34.166+0000] {dagbag.py:587} INFO - Filling up the DagBag from /opt/airflow/dags/etl_to_datamart.py
[2026-07-12T13:48:34.186+0000] {processor.py:925} INFO - DAG(s) 'dag_isi_data_mart' retrieved from /opt/airflow/dags/etl_to_datamart.py
[2026-07-12T13:48:34.228+0000] {logging_mixin.py:190} INFO - [2026-07-12T13:48:34.228+0000] {dag.py:3211} INFO - Sync 1 DAGs
[2026-07-12T13:48:34.245+0000] {logging_mixin.py:190} INFO - [2026-07-12T13:48:34.245+0000] {dag.py:4138} INFO - Setting next_dagrun for dag_isi_data_mart to None, run_after=None
[2026-07-12T13:48:34.278+0000] {processor.py:208} INFO - Processing /opt/airflow/dags/etl_to_datamart.py took 0.120 seconds
[2026-07-12T13:49:04.605+0000] {processor.py:186} INFO - Started process (PID=317) to work on /opt/airflow/dags/etl_to_datamart.py
[2026-07-12T13:49:04.606+0000] {processor.py:914} INFO - Processing file /opt/airflow/dags/etl_to_datamart.py for tasks to queue
[2026-07-12T13:49:04.609+0000] {logging_mixin.py:190} INFO - [2026-07-12T13:49:04.608+0000] {dagbag.py:587} INFO - Filling up the DagBag from /opt/airflow/dags/etl_to_datamart.py
[2026-07-12T13:49:04.625+0000] {processor.py:925} INFO - DAG(s) 'dag_isi_data_mart' retrieved from /opt/airflow/dags/etl_to_datamart.py
[2026-07-12T13:49:04.659+0000] {logging_mixin.py:190} INFO - [2026-07-12T13:49:04.658+0000] {dag.py:3211} INFO - Sync 1 DAGs
[2026-07-12T13:49:04.674+0000] {logging_mixin.py:190} INFO - [2026-07-12T13:49:04.673+0000] {dag.py:4138} INFO - Setting next_dagrun for dag_isi_data_mart to None, run_after=None
[2026-07-12T13:49:04.695+0000] {processor.py:208} INFO - Processing /opt/airflow/dags/etl_to_datamart.py took 0.098 seconds
[2026-07-12T13:49:35.027+0000] {processor.py:186} INFO - Started process (PID=325) to work on /opt/airflow/dags/etl_to_datamart.py
[2026-07-12T13:49:35.029+0000] {processor.py:914} INFO - Processing file /opt/airflow/dags/etl_to_datamart.py for tasks to queue
[2026-07-12T13:49:35.041+0000] {logging_mixin.py:190} INFO - [2026-07-12T13:49:35.039+0000] {dagbag.py:587} INFO - Filling up the DagBag from /opt/airflow/dags/etl_to_datamart.py
[2026-07-12T13:49:35.097+0000] {processor.py:925} INFO - DAG(s) 'dag_isi_data_mart' retrieved from /opt/airflow/dags/etl_to_datamart.py
[2026-07-12T13:49:35.177+0000] {logging_mixin.py:190} INFO - [2026-07-12T13:49:35.176+0000] {dag.py:3211} INFO - Sync 1 DAGs
[2026-07-12T13:49:35.212+0000] {logging_mixin.py:190} INFO - [2026-07-12T13:49:35.211+0000] {dag.py:4138} INFO - Setting next_dagrun for dag_isi_data_mart to None, run_after=None
[2026-07-12T13:49:35.245+0000] {processor.py:208} INFO - Processing /opt/airflow/dags/etl_to_datamart.py took 0.249 seconds
[2026-07-12T13:50:05.427+0000] {processor.py:186} INFO - Started process (PID=333) to work on /opt/airflow/dags/etl_to_datamart.py
[2026-07-12T13:50:05.428+0000] {processor.py:914} INFO - Processing file /opt/airflow/dags/etl_to_datamart.py for tasks to queue
[2026-07-12T13:50:05.431+0000] {logging_mixin.py:190} INFO - [2026-07-12T13:50:05.431+0000] {dagbag.py:587} INFO - Filling up the DagBag from /opt/airflow/dags/etl_to_datamart.py
[2026-07-12T13:50:05.452+0000] {processor.py:925} INFO - DAG(s) 'dag_isi_data_mart' retrieved from /opt/airflow/dags/etl_to_datamart.py
[2026-07-12T13:50:05.494+0000] {logging_mixin.py:190} INFO - [2026-07-12T13:50:05.494+0000] {dag.py:3211} INFO - Sync 1 DAGs
[2026-07-12T13:50:05.517+0000] {logging_mixin.py:190} INFO - [2026-07-12T13:50:05.516+0000] {dag.py:4138} INFO - Setting next_dagrun for dag_isi_data_mart to None, run_after=None
[2026-07-12T13:50:05.543+0000] {processor.py:208} INFO - Processing /opt/airflow/dags/etl_to_datamart.py took 0.124 seconds
[2026-07-12T13:50:35.791+0000] {processor.py:186} INFO - Started process (PID=341) to work on /opt/airflow/dags/etl_to_datamart.py
[2026-07-12T13:50:35.792+0000] {processor.py:914} INFO - Processing file /opt/airflow/dags/etl_to_datamart.py for tasks to queue
[2026-07-12T13:50:35.796+0000] {logging_mixin.py:190} INFO - [2026-07-12T13:50:35.796+0000] {dagbag.py:587} INFO - Filling up the DagBag from /opt/airflow/dags/etl_to_datamart.py
[2026-07-12T13:50:35.822+0000] {processor.py:925} INFO - DAG(s) 'dag_isi_data_mart' retrieved from /opt/airflow/dags/etl_to_datamart.py
[2026-07-12T13:50:35.875+0000] {logging_mixin.py:190} INFO - [2026-07-12T13:50:35.874+0000] {dag.py:3211} INFO - Sync 1 DAGs
[2026-07-12T13:50:35.896+0000] {logging_mixin.py:190} INFO - [2026-07-12T13:50:35.896+0000] {dag.py:4138} INFO - Setting next_dagrun for dag_isi_data_mart to None, run_after=None
[2026-07-12T13:50:35.927+0000] {processor.py:208} INFO - Processing /opt/airflow/dags/etl_to_datamart.py took 0.143 seconds
[2026-07-12T13:51:06.268+0000] {processor.py:186} INFO - Started process (PID=349) to work on /opt/airflow/dags/etl_to_datamart.py
[2026-07-12T13:51:06.269+0000] {processor.py:914} INFO - Processing file /opt/airflow/dags/etl_to_datamart.py for tasks to queue
[2026-07-12T13:51:06.272+0000] {logging_mixin.py:190} INFO - [2026-07-12T13:51:06.271+0000] {dagbag.py:587} INFO - Filling up the DagBag from /opt/airflow/dags/etl_to_datamart.py
[2026-07-12T13:51:06.324+0000] {processor.py:925} INFO - DAG(s) 'dag_isi_data_mart' retrieved from /opt/airflow/dags/etl_to_datamart.py
[2026-07-12T13:51:06.438+0000] {logging_mixin.py:190} INFO - [2026-07-12T13:51:06.437+0000] {dag.py:3211} INFO - Sync 1 DAGs
[2026-07-12T13:51:06.476+0000] {logging_mixin.py:190} INFO - [2026-07-12T13:51:06.475+0000] {dag.py:4138} INFO - Setting next_dagrun for dag_isi_data_mart to None, run_after=None
[2026-07-12T13:51:06.520+0000] {processor.py:208} INFO - Processing /opt/airflow/dags/etl_to_datamart.py took 0.261 seconds
[2026-07-12T13:51:36.945+0000] {processor.py:186} INFO - Started process (PID=357) to work on /opt/airflow/dags/etl_to_datamart.py
[2026-07-12T13:51:36.946+0000] {processor.py:914} INFO - Processing file /opt/airflow/dags/etl_to_datamart.py for tasks to queue
[2026-07-12T13:51:36.950+0000] {logging_mixin.py:190} INFO - [2026-07-12T13:51:36.949+0000] {dagbag.py:587} INFO - Filling up the DagBag from /opt/airflow/dags/etl_to_datamart.py
[2026-07-12T13:51:36.975+0000] {processor.py:925} INFO - DAG(s) 'dag_isi_data_mart' retrieved from /opt/airflow/dags/etl_to_datamart.py
[2026-07-12T13:51:37.016+0000] {logging_mixin.py:190} INFO - [2026-07-12T13:51:37.016+0000] {dag.py:3211} INFO - Sync 1 DAGs
[2026-07-12T13:51:37.034+0000] {logging_mixin.py:190} INFO - [2026-07-12T13:51:37.034+0000] {dag.py:4138} INFO - Setting next_dagrun for dag_isi_data_mart to None, run_after=None
[2026-07-12T13:51:37.062+0000] {processor.py:208} INFO - Processing /opt/airflow/dags/etl_to_datamart.py took 0.122 seconds
[2026-07-12T13:52:07.407+0000] {processor.py:186} INFO - Started process (PID=365) to work on /opt/airflow/dags/etl_to_datamart.py
[2026-07-12T13:52:07.408+0000] {processor.py:914} INFO - Processing file /opt/airflow/dags/etl_to_datamart.py for tasks to queue
[2026-07-12T13:52:07.412+0000] {logging_mixin.py:190} INFO - [2026-07-12T13:52:07.411+0000] {dagbag.py:587} INFO - Filling up the DagBag from /opt/airflow/dags/etl_to_datamart.py
[2026-07-12T13:52:07.439+0000] {processor.py:925} INFO - DAG(s) 'dag_isi_data_mart' retrieved from /opt/airflow/dags/etl_to_datamart.py
[2026-07-12T13:52:07.489+0000] {logging_mixin.py:190} INFO - [2026-07-12T13:52:07.489+0000] {dag.py:3211} INFO - Sync 1 DAGs
[2026-07-12T13:52:07.509+0000] {logging_mixin.py:190} INFO - [2026-07-12T13:52:07.508+0000] {dag.py:4138} INFO - Setting next_dagrun for dag_isi_data_mart to None, run_after=None
[2026-07-12T13:52:07.539+0000] {processor.py:208} INFO - Processing /opt/airflow/dags/etl_to_datamart.py took 0.140 seconds
[2026-07-12T13:52:37.728+0000] {processor.py:186} INFO - Started process (PID=373) to work on /opt/airflow/dags/etl_to_datamart.py
[2026-07-12T13:52:37.729+0000] {processor.py:914} INFO - Processing file /opt/airflow/dags/etl_to_datamart.py for tasks to queue
[2026-07-12T13:52:37.731+0000] {logging_mixin.py:190} INFO - [2026-07-12T13:52:37.731+0000] {dagbag.py:587} INFO - Filling up the DagBag from /opt/airflow/dags/etl_to_datamart.py
[2026-07-12T13:52:37.748+0000] {processor.py:925} INFO - DAG(s) 'dag_isi_data_mart' retrieved from /opt/airflow/dags/etl_to_datamart.py
[2026-07-12T13:52:37.783+0000] {logging_mixin.py:190} INFO - [2026-07-12T13:52:37.783+0000] {dag.py:3211} INFO - Sync 1 DAGs
[2026-07-12T13:52:37.797+0000] {logging_mixin.py:190} INFO - [2026-07-12T13:52:37.797+0000] {dag.py:4138} INFO - Setting next_dagrun for dag_isi_data_mart to None, run_after=None
[2026-07-12T13:52:37.818+0000] {processor.py:208} INFO - Processing /opt/airflow/dags/etl_to_datamart.py took 0.097 seconds
[2026-07-12T13:53:08.040+0000] {processor.py:186} INFO - Started process (PID=381) to work on /opt/airflow/dags/etl_to_datamart.py
[2026-07-12T13:53:08.041+0000] {processor.py:914} INFO - Processing file /opt/airflow/dags/etl_to_datamart.py for tasks to queue
[2026-07-12T13:53:08.044+0000] {logging_mixin.py:190} INFO - [2026-07-12T13:53:08.044+0000] {dagbag.py:587} INFO - Filling up the DagBag from /opt/airflow/dags/etl_to_datamart.py
[2026-07-12T13:53:08.060+0000] {processor.py:925} INFO - DAG(s) 'dag_isi_data_mart' retrieved from /opt/airflow/dags/etl_to_datamart.py
[2026-07-12T13:53:08.098+0000] {logging_mixin.py:190} INFO - [2026-07-12T13:53:08.098+0000] {dag.py:3211} INFO - Sync 1 DAGs
[2026-07-12T13:53:08.112+0000] {logging_mixin.py:190} INFO - [2026-07-12T13:53:08.112+0000] {dag.py:4138} INFO - Setting next_dagrun for dag_isi_data_mart to None, run_after=None
[2026-07-12T13:53:08.136+0000] {processor.py:208} INFO - Processing /opt/airflow/dags/etl_to_datamart.py took 0.101 seconds
[2026-07-12T13:53:38.442+0000] {processor.py:186} INFO - Started process (PID=389) to work on /opt/airflow/dags/etl_to_datamart.py
[2026-07-12T13:53:38.442+0000] {processor.py:914} INFO - Processing file /opt/airflow/dags/etl_to_datamart.py for tasks to queue
[2026-07-12T13:53:38.446+0000] {logging_mixin.py:190} INFO - [2026-07-12T13:53:38.445+0000] {dagbag.py:587} INFO - Filling up the DagBag from /opt/airflow/dags/etl_to_datamart.py
[2026-07-12T13:53:38.463+0000] {processor.py:925} INFO - DAG(s) 'dag_isi_data_mart' retrieved from /opt/airflow/dags/etl_to_datamart.py
[2026-07-12T13:53:38.500+0000] {logging_mixin.py:190} INFO - [2026-07-12T13:53:38.500+0000] {dag.py:3211} INFO - Sync 1 DAGs
[2026-07-12T13:53:38.514+0000] {logging_mixin.py:190} INFO - [2026-07-12T13:53:38.514+0000] {dag.py:4138} INFO - Setting next_dagrun for dag_isi_data_mart to None, run_after=None
[2026-07-12T13:53:38.538+0000] {processor.py:208} INFO - Processing /opt/airflow/dags/etl_to_datamart.py took 0.102 seconds
[2026-07-12T13:54:08.860+0000] {processor.py:186} INFO - Started process (PID=397) to work on /opt/airflow/dags/etl_to_datamart.py
[2026-07-12T13:54:08.861+0000] {processor.py:914} INFO - Processing file /opt/airflow/dags/etl_to_datamart.py for tasks to queue
[2026-07-12T13:54:08.864+0000] {logging_mixin.py:190} INFO - [2026-07-12T13:54:08.863+0000] {dagbag.py:587} INFO - Filling up the DagBag from /opt/airflow/dags/etl_to_datamart.py
[2026-07-12T13:54:08.879+0000] {processor.py:925} INFO - DAG(s) 'dag_isi_data_mart' retrieved from /opt/airflow/dags/etl_to_datamart.py
[2026-07-12T13:54:08.915+0000] {logging_mixin.py:190} INFO - [2026-07-12T13:54:08.914+0000] {dag.py:3211} INFO - Sync 1 DAGs
[2026-07-12T13:54:08.928+0000] {logging_mixin.py:190} INFO - [2026-07-12T13:54:08.928+0000] {dag.py:4138} INFO - Setting next_dagrun for dag_isi_data_mart to None, run_after=None
[2026-07-12T13:54:08.951+0000] {processor.py:208} INFO - Processing /opt/airflow/dags/etl_to_datamart.py took 0.097 seconds
[2026-07-12T13:54:39.194+0000] {processor.py:186} INFO - Started process (PID=405) to work on /opt/airflow/dags/etl_to_datamart.py
[2026-07-12T13:54:39.194+0000] {processor.py:914} INFO - Processing file /opt/airflow/dags/etl_to_datamart.py for tasks to queue
[2026-07-12T13:54:39.197+0000] {logging_mixin.py:190} INFO - [2026-07-12T13:54:39.196+0000] {dagbag.py:587} INFO - Filling up the DagBag from /opt/airflow/dags/etl_to_datamart.py
[2026-07-12T13:54:39.212+0000] {processor.py:925} INFO - DAG(s) 'dag_isi_data_mart' retrieved from /opt/airflow/dags/etl_to_datamart.py
[2026-07-12T13:54:39.251+0000] {logging_mixin.py:190} INFO - [2026-07-12T13:54:39.250+0000] {dag.py:3211} INFO - Sync 1 DAGs
[2026-07-12T13:54:39.265+0000] {logging_mixin.py:190} INFO - [2026-07-12T13:54:39.265+0000] {dag.py:4138} INFO - Setting next_dagrun for dag_isi_data_mart to None, run_after=None
[2026-07-12T13:54:39.288+0000] {processor.py:208} INFO - Processing /opt/airflow/dags/etl_to_datamart.py took 0.100 seconds
[2026-07-12T13:55:09.618+0000] {processor.py:186} INFO - Started process (PID=414) to work on /opt/airflow/dags/etl_to_datamart.py
[2026-07-12T13:55:09.619+0000] {processor.py:914} INFO - Processing file /opt/airflow/dags/etl_to_datamart.py for tasks to queue
[2026-07-12T13:55:09.621+0000] {logging_mixin.py:190} INFO - [2026-07-12T13:55:09.620+0000] {dagbag.py:587} INFO - Filling up the DagBag from /opt/airflow/dags/etl_to_datamart.py
[2026-07-12T13:55:09.636+0000] {processor.py:925} INFO - DAG(s) 'dag_isi_data_mart' retrieved from /opt/airflow/dags/etl_to_datamart.py
[2026-07-12T13:55:09.673+0000] {logging_mixin.py:190} INFO - [2026-07-12T13:55:09.673+0000] {dag.py:3211} INFO - Sync 1 DAGs
[2026-07-12T13:55:09.688+0000] {logging_mixin.py:190} INFO - [2026-07-12T13:55:09.688+0000] {dag.py:4138} INFO - Setting next_dagrun for dag_isi_data_mart to None, run_after=None
[2026-07-12T13:55:09.712+0000] {processor.py:208} INFO - Processing /opt/airflow/dags/etl_to_datamart.py took 0.101 seconds
[2026-07-12T13:55:39.948+0000] {processor.py:186} INFO - Started process (PID=422) to work on /opt/airflow/dags/etl_to_datamart.py
[2026-07-12T13:55:39.949+0000] {processor.py:914} INFO - Processing file /opt/airflow/dags/etl_to_datamart.py for tasks to queue
[2026-07-12T13:55:39.952+0000] {logging_mixin.py:190} INFO - [2026-07-12T13:55:39.951+0000] {dagbag.py:587} INFO - Filling up the DagBag from /opt/airflow/dags/etl_to_datamart.py
[2026-07-12T13:55:39.968+0000] {processor.py:925} INFO - DAG(s) 'dag_isi_data_mart' retrieved from /opt/airflow/dags/etl_to_datamart.py
[2026-07-12T13:55:40.005+0000] {logging_mixin.py:190} INFO - [2026-07-12T13:55:40.004+0000] {dag.py:3211} INFO - Sync 1 DAGs
[2026-07-12T13:55:40.019+0000] {logging_mixin.py:190} INFO - [2026-07-12T13:55:40.019+0000] {dag.py:4138} INFO - Setting next_dagrun for dag_isi_data_mart to None, run_after=None
[2026-07-12T13:55:40.042+0000] {processor.py:208} INFO - Processing /opt/airflow/dags/etl_to_datamart.py took 0.099 seconds
[2026-07-12T13:56:10.339+0000] {processor.py:186} INFO - Started process (PID=430) to work on /opt/airflow/dags/etl_to_datamart.py
[2026-07-12T13:56:10.340+0000] {processor.py:914} INFO - Processing file /opt/airflow/dags/etl_to_datamart.py for tasks to queue
[2026-07-12T13:56:10.342+0000] {logging_mixin.py:190} INFO - [2026-07-12T13:56:10.342+0000] {dagbag.py:587} INFO - Filling up the DagBag from /opt/airflow/dags/etl_to_datamart.py
[2026-07-12T13:56:10.359+0000] {processor.py:925} INFO - DAG(s) 'dag_isi_data_mart' retrieved from /opt/airflow/dags/etl_to_datamart.py
[2026-07-12T13:56:10.398+0000] {logging_mixin.py:190} INFO - [2026-07-12T13:56:10.397+0000] {dag.py:3211} INFO - Sync 1 DAGs
[2026-07-12T13:56:10.412+0000] {logging_mixin.py:190} INFO - [2026-07-12T13:56:10.412+0000] {dag.py:4138} INFO - Setting next_dagrun for dag_isi_data_mart to None, run_after=None
[2026-07-12T13:56:10.438+0000] {processor.py:208} INFO - Processing /opt/airflow/dags/etl_to_datamart.py took 0.104 seconds
[2026-07-12T13:56:40.820+0000] {processor.py:186} INFO - Started process (PID=438) to work on /opt/airflow/dags/etl_to_datamart.py
[2026-07-12T13:56:40.820+0000] {processor.py:914} INFO - Processing file /opt/airflow/dags/etl_to_datamart.py for tasks to queue
[2026-07-12T13:56:40.823+0000] {logging_mixin.py:190} INFO - [2026-07-12T13:56:40.823+0000] {dagbag.py:587} INFO - Filling up the DagBag from /opt/airflow/dags/etl_to_datamart.py
[2026-07-12T13:56:40.839+0000] {processor.py:925} INFO - DAG(s) 'dag_isi_data_mart' retrieved from /opt/airflow/dags/etl_to_datamart.py
[2026-07-12T13:56:40.876+0000] {logging_mixin.py:190} INFO - [2026-07-12T13:56:40.876+0000] {dag.py:3211} INFO - Sync 1 DAGs
[2026-07-12T13:56:40.890+0000] {logging_mixin.py:190} INFO - [2026-07-12T13:56:40.890+0000] {dag.py:4138} INFO - Setting next_dagrun for dag_isi_data_mart to None, run_after=None
[2026-07-12T13:56:40.911+0000] {processor.py:208} INFO - Processing /opt/airflow/dags/etl_to_datamart.py took 0.097 seconds
[2026-07-12T13:57:11.247+0000] {processor.py:186} INFO - Started process (PID=447) to work on /opt/airflow/dags/etl_to_datamart.py
[2026-07-12T13:57:11.248+0000] {processor.py:914} INFO - Processing file /opt/airflow/dags/etl_to_datamart.py for tasks to queue
[2026-07-12T13:57:11.251+0000] {logging_mixin.py:190} INFO - [2026-07-12T13:57:11.251+0000] {dagbag.py:587} INFO - Filling up the DagBag from /opt/airflow/dags/etl_to_datamart.py
[2026-07-12T13:57:11.267+0000] {processor.py:925} INFO - DAG(s) 'dag_isi_data_mart' retrieved from /opt/airflow/dags/etl_to_datamart.py
[2026-07-12T13:57:11.302+0000] {logging_mixin.py:190} INFO - [2026-07-12T13:57:11.302+0000] {dag.py:3211} INFO - Sync 1 DAGs
[2026-07-12T13:57:11.316+0000] {logging_mixin.py:190} INFO - [2026-07-12T13:57:11.316+0000] {dag.py:4138} INFO - Setting next_dagrun for dag_isi_data_mart to None, run_after=None
[2026-07-12T13:57:11.354+0000] {processor.py:208} INFO - Processing /opt/airflow/dags/etl_to_datamart.py took 0.112 seconds
[2026-07-12T13:57:41.684+0000] {processor.py:186} INFO - Started process (PID=461) to work on /opt/airflow/dags/etl_to_datamart.py
[2026-07-12T13:57:41.685+0000] {processor.py:914} INFO - Processing file /opt/airflow/dags/etl_to_datamart.py for tasks to queue
[2026-07-12T13:57:41.688+0000] {logging_mixin.py:190} INFO - [2026-07-12T13:57:41.687+0000] {dagbag.py:587} INFO - Filling up the DagBag from /opt/airflow/dags/etl_to_datamart.py
[2026-07-12T13:57:41.704+0000] {processor.py:925} INFO - DAG(s) 'dag_isi_data_mart' retrieved from /opt/airflow/dags/etl_to_datamart.py
[2026-07-12T13:57:41.741+0000] {logging_mixin.py:190} INFO - [2026-07-12T13:57:41.740+0000] {dag.py:3211} INFO - Sync 1 DAGs
[2026-07-12T13:57:41.755+0000] {logging_mixin.py:190} INFO - [2026-07-12T13:57:41.755+0000] {dag.py:4138} INFO - Setting next_dagrun for dag_isi_data_mart to None, run_after=None
[2026-07-12T13:57:41.780+0000] {processor.py:208} INFO - Processing /opt/airflow/dags/etl_to_datamart.py took 0.102 seconds
[2026-07-12T13:58:12.007+0000] {processor.py:186} INFO - Started process (PID=469) to work on /opt/airflow/dags/etl_to_datamart.py
[2026-07-12T13:58:12.008+0000] {processor.py:914} INFO - Processing file /opt/airflow/dags/etl_to_datamart.py for tasks to queue
[2026-07-12T13:58:12.011+0000] {logging_mixin.py:190} INFO - [2026-07-12T13:58:12.011+0000] {dagbag.py:587} INFO - Filling up the DagBag from /opt/airflow/dags/etl_to_datamart.py
[2026-07-12T13:58:12.027+0000] {processor.py:925} INFO - DAG(s) 'dag_isi_data_mart' retrieved from /opt/airflow/dags/etl_to_datamart.py
[2026-07-12T13:58:12.064+0000] {logging_mixin.py:190} INFO - [2026-07-12T13:58:12.063+0000] {dag.py:3211} INFO - Sync 1 DAGs
[2026-07-12T13:58:12.078+0000] {logging_mixin.py:190} INFO - [2026-07-12T13:58:12.077+0000] {dag.py:4138} INFO - Setting next_dagrun for dag_isi_data_mart to None, run_after=None
[2026-07-12T13:58:12.103+0000] {processor.py:208} INFO - Processing /opt/airflow/dags/etl_to_datamart.py took 0.102 seconds
[2026-07-12T13:58:42.402+0000] {processor.py:186} INFO - Started process (PID=477) to work on /opt/airflow/dags/etl_to_datamart.py
[2026-07-12T13:58:42.402+0000] {processor.py:914} INFO - Processing file /opt/airflow/dags/etl_to_datamart.py for tasks to queue
[2026-07-12T13:58:42.405+0000] {logging_mixin.py:190} INFO - [2026-07-12T13:58:42.404+0000] {dagbag.py:587} INFO - Filling up the DagBag from /opt/airflow/dags/etl_to_datamart.py
[2026-07-12T13:58:42.421+0000] {processor.py:925} INFO - DAG(s) 'dag_isi_data_mart' retrieved from /opt/airflow/dags/etl_to_datamart.py
[2026-07-12T13:58:42.453+0000] {logging_mixin.py:190} INFO - [2026-07-12T13:58:42.453+0000] {dag.py:3211} INFO - Sync 1 DAGs
[2026-07-12T13:58:42.467+0000] {logging_mixin.py:190} INFO - [2026-07-12T13:58:42.466+0000] {dag.py:4138} INFO - Setting next_dagrun for dag_isi_data_mart to None, run_after=None
[2026-07-12T13:58:42.490+0000] {processor.py:208} INFO - Processing /opt/airflow/dags/etl_to_datamart.py took 0.095 seconds
[2026-07-12T13:59:12.723+0000] {processor.py:186} INFO - Started process (PID=484) to work on /opt/airflow/dags/etl_to_datamart.py
[2026-07-12T13:59:12.724+0000] {processor.py:914} INFO - Processing file /opt/airflow/dags/etl_to_datamart.py for tasks to queue
[2026-07-12T13:59:12.726+0000] {logging_mixin.py:190} INFO - [2026-07-12T13:59:12.725+0000] {dagbag.py:587} INFO - Filling up the DagBag from /opt/airflow/dags/etl_to_datamart.py
[2026-07-12T13:59:12.743+0000] {processor.py:925} INFO - DAG(s) 'dag_isi_data_mart' retrieved from /opt/airflow/dags/etl_to_datamart.py
[2026-07-12T13:59:12.781+0000] {logging_mixin.py:190} INFO - [2026-07-12T13:59:12.780+0000] {dag.py:3211} INFO - Sync 1 DAGs
[2026-07-12T13:59:12.796+0000] {logging_mixin.py:190} INFO - [2026-07-12T13:59:12.795+0000] {dag.py:4138} INFO - Setting next_dagrun for dag_isi_data_mart to None, run_after=None
[2026-07-12T13:59:12.817+0000] {processor.py:208} INFO - Processing /opt/airflow/dags/etl_to_datamart.py took 0.101 seconds
[2026-07-12T13:59:43.099+0000] {processor.py:186} INFO - Started process (PID=492) to work on /opt/airflow/dags/etl_to_datamart.py
[2026-07-12T13:59:43.100+0000] {processor.py:914} INFO - Processing file /opt/airflow/dags/etl_to_datamart.py for tasks to queue
[2026-07-12T13:59:43.102+0000] {logging_mixin.py:190} INFO - [2026-07-12T13:59:43.101+0000] {dagbag.py:587} INFO - Filling up the DagBag from /opt/airflow/dags/etl_to_datamart.py
[2026-07-12T13:59:43.119+0000] {processor.py:925} INFO - DAG(s) 'dag_isi_data_mart' retrieved from /opt/airflow/dags/etl_to_datamart.py
[2026-07-12T13:59:43.154+0000] {logging_mixin.py:190} INFO - [2026-07-12T13:59:43.154+0000] {dag.py:3211} INFO - Sync 1 DAGs
[2026-07-12T13:59:43.168+0000] {logging_mixin.py:190} INFO - [2026-07-12T13:59:43.167+0000] {dag.py:4138} INFO - Setting next_dagrun for dag_isi_data_mart to None, run_after=None
[2026-07-12T13:59:43.190+0000] {processor.py:208} INFO - Processing /opt/airflow/dags/etl_to_datamart.py took 0.097 seconds
[2026-07-12T14:00:13.441+0000] {processor.py:186} INFO - Started process (PID=500) to work on /opt/airflow/dags/etl_to_datamart.py
[2026-07-12T14:00:13.443+0000] {processor.py:914} INFO - Processing file /opt/airflow/dags/etl_to_datamart.py for tasks to queue
[2026-07-12T14:00:13.447+0000] {logging_mixin.py:190} INFO - [2026-07-12T14:00:13.446+0000] {dagbag.py:587} INFO - Filling up the DagBag from /opt/airflow/dags/etl_to_datamart.py
[2026-07-12T14:00:13.478+0000] {processor.py:925} INFO - DAG(s) 'dag_isi_data_mart' retrieved from /opt/airflow/dags/etl_to_datamart.py
[2026-07-12T14:00:13.534+0000] {logging_mixin.py:190} INFO - [2026-07-12T14:00:13.533+0000] {dag.py:3211} INFO - Sync 1 DAGs
[2026-07-12T14:00:13.559+0000] {logging_mixin.py:190} INFO - [2026-07-12T14:00:13.559+0000] {dag.py:4138} INFO - Setting next_dagrun for dag_isi_data_mart to None, run_after=None
[2026-07-12T14:00:13.591+0000] {processor.py:208} INFO - Processing /opt/airflow/dags/etl_to_datamart.py took 0.158 seconds
[2026-07-12T14:00:43.795+0000] {processor.py:186} INFO - Started process (PID=508) to work on /opt/airflow/dags/etl_to_datamart.py
[2026-07-12T14:00:43.796+0000] {processor.py:914} INFO - Processing file /opt/airflow/dags/etl_to_datamart.py for tasks to queue
[2026-07-12T14:00:43.798+0000] {logging_mixin.py:190} INFO - [2026-07-12T14:00:43.797+0000] {dagbag.py:587} INFO - Filling up the DagBag from /opt/airflow/dags/etl_to_datamart.py
[2026-07-12T14:00:43.814+0000] {processor.py:925} INFO - DAG(s) 'dag_isi_data_mart' retrieved from /opt/airflow/dags/etl_to_datamart.py
[2026-07-12T14:00:43.852+0000] {logging_mixin.py:190} INFO - [2026-07-12T14:00:43.851+0000] {dag.py:3211} INFO - Sync 1 DAGs
[2026-07-12T14:00:43.867+0000] {logging_mixin.py:190} INFO - [2026-07-12T14:00:43.867+0000] {dag.py:4138} INFO - Setting next_dagrun for dag_isi_data_mart to None, run_after=None
[2026-07-12T14:00:43.893+0000] {processor.py:208} INFO - Processing /opt/airflow/dags/etl_to_datamart.py took 0.104 seconds
[2026-07-12T14:01:14.227+0000] {processor.py:186} INFO - Started process (PID=516) to work on /opt/airflow/dags/etl_to_datamart.py
[2026-07-12T14:01:14.228+0000] {processor.py:914} INFO - Processing file /opt/airflow/dags/etl_to_datamart.py for tasks to queue
[2026-07-12T14:01:14.230+0000] {logging_mixin.py:190} INFO - [2026-07-12T14:01:14.230+0000] {dagbag.py:587} INFO - Filling up the DagBag from /opt/airflow/dags/etl_to_datamart.py
[2026-07-12T14:01:14.247+0000] {processor.py:925} INFO - DAG(s) 'dag_isi_data_mart' retrieved from /opt/airflow/dags/etl_to_datamart.py
[2026-07-12T14:01:14.282+0000] {logging_mixin.py:190} INFO - [2026-07-12T14:01:14.282+0000] {dag.py:3211} INFO - Sync 1 DAGs
[2026-07-12T14:01:14.296+0000] {logging_mixin.py:190} INFO - [2026-07-12T14:01:14.296+0000] {dag.py:4138} INFO - Setting next_dagrun for dag_isi_data_mart to None, run_after=None
[2026-07-12T14:01:14.322+0000] {processor.py:208} INFO - Processing /opt/airflow/dags/etl_to_datamart.py took 0.100 seconds
[2026-07-12T14:01:44.619+0000] {processor.py:186} INFO - Started process (PID=524) to work on /opt/airflow/dags/etl_to_datamart.py
[2026-07-12T14:01:44.620+0000] {processor.py:914} INFO - Processing file /opt/airflow/dags/etl_to_datamart.py for tasks to queue
[2026-07-12T14:01:44.623+0000] {logging_mixin.py:190} INFO - [2026-07-12T14:01:44.623+0000] {dagbag.py:587} INFO - Filling up the DagBag from /opt/airflow/dags/etl_to_datamart.py
[2026-07-12T14:01:44.640+0000] {processor.py:925} INFO - DAG(s) 'dag_isi_data_mart' retrieved from /opt/airflow/dags/etl_to_datamart.py
[2026-07-12T14:01:44.677+0000] {logging_mixin.py:190} INFO - [2026-07-12T14:01:44.677+0000] {dag.py:3211} INFO - Sync 1 DAGs
[2026-07-12T14:01:44.694+0000] {logging_mixin.py:190} INFO - [2026-07-12T14:01:44.693+0000] {dag.py:4138} INFO - Setting next_dagrun for dag_isi_data_mart to None, run_after=None
[2026-07-12T14:01:44.719+0000] {processor.py:208} INFO - Processing /opt/airflow/dags/etl_to_datamart.py took 0.105 seconds
[2026-07-12T14:02:14.973+0000] {processor.py:186} INFO - Started process (PID=533) to work on /opt/airflow/dags/etl_to_datamart.py
[2026-07-12T14:02:14.974+0000] {processor.py:914} INFO - Processing file /opt/airflow/dags/etl_to_datamart.py for tasks to queue
[2026-07-12T14:02:14.978+0000] {logging_mixin.py:190} INFO - [2026-07-12T14:02:14.977+0000] {dagbag.py:587} INFO - Filling up the DagBag from /opt/airflow/dags/etl_to_datamart.py
[2026-07-12T14:02:14.994+0000] {processor.py:925} INFO - DAG(s) 'dag_isi_data_mart' retrieved from /opt/airflow/dags/etl_to_datamart.py
[2026-07-12T14:02:15.031+0000] {logging_mixin.py:190} INFO - [2026-07-12T14:02:15.031+0000] {dag.py:3211} INFO - Sync 1 DAGs
[2026-07-12T14:02:15.046+0000] {logging_mixin.py:190} INFO - [2026-07-12T14:02:15.045+0000] {dag.py:4138} INFO - Setting next_dagrun for dag_isi_data_mart to None, run_after=None
[2026-07-12T14:02:15.069+0000] {processor.py:208} INFO - Processing /opt/airflow/dags/etl_to_datamart.py took 0.102 seconds
[2026-07-12T14:02:45.432+0000] {processor.py:186} INFO - Started process (PID=541) to work on /opt/airflow/dags/etl_to_datamart.py
[2026-07-12T14:02:45.433+0000] {processor.py:914} INFO - Processing file /opt/airflow/dags/etl_to_datamart.py for tasks to queue
[2026-07-12T14:02:45.435+0000] {logging_mixin.py:190} INFO - [2026-07-12T14:02:45.434+0000] {dagbag.py:587} INFO - Filling up the DagBag from /opt/airflow/dags/etl_to_datamart.py
[2026-07-12T14:02:45.451+0000] {processor.py:925} INFO - DAG(s) 'dag_isi_data_mart' retrieved from /opt/airflow/dags/etl_to_datamart.py
[2026-07-12T14:02:45.490+0000] {logging_mixin.py:190} INFO - [2026-07-12T14:02:45.490+0000] {dag.py:3211} INFO - Sync 1 DAGs
[2026-07-12T14:02:45.505+0000] {logging_mixin.py:190} INFO - [2026-07-12T14:02:45.504+0000] {dag.py:4138} INFO - Setting next_dagrun for dag_isi_data_mart to None, run_after=None
[2026-07-12T14:02:45.530+0000] {processor.py:208} INFO - Processing /opt/airflow/dags/etl_to_datamart.py took 0.105 seconds
[2026-07-12T14:03:15.855+0000] {processor.py:186} INFO - Started process (PID=549) to work on /opt/airflow/dags/etl_to_datamart.py
[2026-07-12T14:03:15.855+0000] {processor.py:914} INFO - Processing file /opt/airflow/dags/etl_to_datamart.py for tasks to queue
[2026-07-12T14:03:15.857+0000] {logging_mixin.py:190} INFO - [2026-07-12T14:03:15.857+0000] {dagbag.py:587} INFO - Filling up the DagBag from /opt/airflow/dags/etl_to_datamart.py
[2026-07-12T14:03:15.873+0000] {processor.py:925} INFO - DAG(s) 'dag_isi_data_mart' retrieved from /opt/airflow/dags/etl_to_datamart.py
[2026-07-12T14:03:15.911+0000] {logging_mixin.py:190} INFO - [2026-07-12T14:03:15.911+0000] {dag.py:3211} INFO - Sync 1 DAGs
[2026-07-12T14:03:15.927+0000] {logging_mixin.py:190} INFO - [2026-07-12T14:03:15.926+0000] {dag.py:4138} INFO - Setting next_dagrun for dag_isi_data_mart to None, run_after=None
[2026-07-12T14:03:15.950+0000] {processor.py:208} INFO - Processing /opt/airflow/dags/etl_to_datamart.py took 0.102 seconds
[2026-07-12T14:03:46.182+0000] {processor.py:186} INFO - Started process (PID=557) to work on /opt/airflow/dags/etl_to_datamart.py
[2026-07-12T14:03:46.183+0000] {processor.py:914} INFO - Processing file /opt/airflow/dags/etl_to_datamart.py for tasks to queue
[2026-07-12T14:03:46.185+0000] {logging_mixin.py:190} INFO - [2026-07-12T14:03:46.185+0000] {dagbag.py:587} INFO - Filling up the DagBag from /opt/airflow/dags/etl_to_datamart.py
[2026-07-12T14:03:46.202+0000] {processor.py:925} INFO - DAG(s) 'dag_isi_data_mart' retrieved from /opt/airflow/dags/etl_to_datamart.py
[2026-07-12T14:03:46.240+0000] {logging_mixin.py:190} INFO - [2026-07-12T14:03:46.239+0000] {dag.py:3211} INFO - Sync 1 DAGs
[2026-07-12T14:03:46.254+0000] {logging_mixin.py:190} INFO - [2026-07-12T14:03:46.254+0000] {dag.py:4138} INFO - Setting next_dagrun for dag_isi_data_mart to None, run_after=None
[2026-07-12T14:03:46.278+0000] {processor.py:208} INFO - Processing /opt/airflow/dags/etl_to_datamart.py took 0.102 seconds
[2026-07-12T14:04:16.587+0000] {processor.py:186} INFO - Started process (PID=565) to work on /opt/airflow/dags/etl_to_datamart.py
[2026-07-12T14:04:16.587+0000] {processor.py:914} INFO - Processing file /opt/airflow/dags/etl_to_datamart.py for tasks to queue
[2026-07-12T14:04:16.589+0000] {logging_mixin.py:190} INFO - [2026-07-12T14:04:16.589+0000] {dagbag.py:587} INFO - Filling up the DagBag from /opt/airflow/dags/etl_to_datamart.py
[2026-07-12T14:04:16.606+0000] {processor.py:925} INFO - DAG(s) 'dag_isi_data_mart' retrieved from /opt/airflow/dags/etl_to_datamart.py
[2026-07-12T14:04:16.641+0000] {logging_mixin.py:190} INFO - [2026-07-12T14:04:16.641+0000] {dag.py:3211} INFO - Sync 1 DAGs
[2026-07-12T14:04:16.655+0000] {logging_mixin.py:190} INFO - [2026-07-12T14:04:16.655+0000] {dag.py:4138} INFO - Setting next_dagrun for dag_isi_data_mart to None, run_after=None
[2026-07-12T14:04:16.678+0000] {processor.py:208} INFO - Processing /opt/airflow/dags/etl_to_datamart.py took 0.097 seconds
[2026-07-12T14:04:46.925+0000] {processor.py:186} INFO - Started process (PID=573) to work on /opt/airflow/dags/etl_to_datamart.py
[2026-07-12T14:04:46.926+0000] {processor.py:914} INFO - Processing file /opt/airflow/dags/etl_to_datamart.py for tasks to queue
[2026-07-12T14:04:46.929+0000] {logging_mixin.py:190} INFO - [2026-07-12T14:04:46.929+0000] {dagbag.py:587} INFO - Filling up the DagBag from /opt/airflow/dags/etl_to_datamart.py
[2026-07-12T14:04:46.945+0000] {processor.py:925} INFO - DAG(s) 'dag_isi_data_mart' retrieved from /opt/airflow/dags/etl_to_datamart.py
[2026-07-12T14:04:46.982+0000] {logging_mixin.py:190} INFO - [2026-07-12T14:04:46.982+0000] {dag.py:3211} INFO - Sync 1 DAGs
[2026-07-12T14:04:46.996+0000] {logging_mixin.py:190} INFO - [2026-07-12T14:04:46.996+0000] {dag.py:4138} INFO - Setting next_dagrun for dag_isi_data_mart to None, run_after=None
[2026-07-12T14:04:47.019+0000] {processor.py:208} INFO - Processing /opt/airflow/dags/etl_to_datamart.py took 0.099 seconds
[2026-07-12T14:05:17.321+0000] {processor.py:186} INFO - Started process (PID=581) to work on /opt/airflow/dags/etl_to_datamart.py
[2026-07-12T14:05:17.322+0000] {processor.py:914} INFO - Processing file /opt/airflow/dags/etl_to_datamart.py for tasks to queue
[2026-07-12T14:05:17.325+0000] {logging_mixin.py:190} INFO - [2026-07-12T14:05:17.325+0000] {dagbag.py:587} INFO - Filling up the DagBag from /opt/airflow/dags/etl_to_datamart.py
[2026-07-12T14:05:17.345+0000] {processor.py:925} INFO - DAG(s) 'dag_isi_data_mart' retrieved from /opt/airflow/dags/etl_to_datamart.py
[2026-07-12T14:05:17.397+0000] {logging_mixin.py:190} INFO - [2026-07-12T14:05:17.396+0000] {dag.py:3211} INFO - Sync 1 DAGs
[2026-07-12T14:05:17.415+0000] {logging_mixin.py:190} INFO - [2026-07-12T14:05:17.415+0000] {dag.py:4138} INFO - Setting next_dagrun for dag_isi_data_mart to None, run_after=None
[2026-07-12T14:05:17.443+0000] {processor.py:208} INFO - Processing /opt/airflow/dags/etl_to_datamart.py took 0.129 seconds
[2026-07-12T14:05:47.826+0000] {processor.py:186} INFO - Started process (PID=589) to work on /opt/airflow/dags/etl_to_datamart.py
[2026-07-12T14:05:47.828+0000] {processor.py:914} INFO - Processing file /opt/airflow/dags/etl_to_datamart.py for tasks to queue
[2026-07-12T14:05:47.832+0000] {logging_mixin.py:190} INFO - [2026-07-12T14:05:47.831+0000] {dagbag.py:587} INFO - Filling up the DagBag from /opt/airflow/dags/etl_to_datamart.py
[2026-07-12T14:05:47.852+0000] {processor.py:925} INFO - DAG(s) 'dag_isi_data_mart' retrieved from /opt/airflow/dags/etl_to_datamart.py
[2026-07-12T14:05:47.892+0000] {logging_mixin.py:190} INFO - [2026-07-12T14:05:47.892+0000] {dag.py:3211} INFO - Sync 1 DAGs
[2026-07-12T14:05:47.910+0000] {logging_mixin.py:190} INFO - [2026-07-12T14:05:47.910+0000] {dag.py:4138} INFO - Setting next_dagrun for dag_isi_data_mart to None, run_after=None
[2026-07-12T14:05:47.935+0000] {processor.py:208} INFO - Processing /opt/airflow/dags/etl_to_datamart.py took 0.117 seconds
[2026-07-12T14:06:18.215+0000] {processor.py:186} INFO - Started process (PID=597) to work on /opt/airflow/dags/etl_to_datamart.py
[2026-07-12T14:06:18.216+0000] {processor.py:914} INFO - Processing file /opt/airflow/dags/etl_to_datamart.py for tasks to queue
[2026-07-12T14:06:18.220+0000] {logging_mixin.py:190} INFO - [2026-07-12T14:06:18.219+0000] {dagbag.py:587} INFO - Filling up the DagBag from /opt/airflow/dags/etl_to_datamart.py
[2026-07-12T14:06:18.241+0000] {processor.py:925} INFO - DAG(s) 'dag_isi_data_mart' retrieved from /opt/airflow/dags/etl_to_datamart.py
[2026-07-12T14:06:18.295+0000] {logging_mixin.py:190} INFO - [2026-07-12T14:06:18.294+0000] {dag.py:3211} INFO - Sync 1 DAGs
[2026-07-12T14:06:18.316+0000] {logging_mixin.py:190} INFO - [2026-07-12T14:06:18.315+0000] {dag.py:4138} INFO - Setting next_dagrun for dag_isi_data_mart to None, run_after=None
[2026-07-12T14:06:18.350+0000] {processor.py:208} INFO - Processing /opt/airflow/dags/etl_to_datamart.py took 0.142 seconds
[2026-07-12T14:06:48.776+0000] {processor.py:186} INFO - Started process (PID=605) to work on /opt/airflow/dags/etl_to_datamart.py
[2026-07-12T14:06:48.777+0000] {processor.py:914} INFO - Processing file /opt/airflow/dags/etl_to_datamart.py for tasks to queue
[2026-07-12T14:06:48.780+0000] {logging_mixin.py:190} INFO - [2026-07-12T14:06:48.780+0000] {dagbag.py:587} INFO - Filling up the DagBag from /opt/airflow/dags/etl_to_datamart.py
[2026-07-12T14:06:48.800+0000] {processor.py:925} INFO - DAG(s) 'dag_isi_data_mart' retrieved from /opt/airflow/dags/etl_to_datamart.py
[2026-07-12T14:06:48.845+0000] {logging_mixin.py:190} INFO - [2026-07-12T14:06:48.844+0000] {dag.py:3211} INFO - Sync 1 DAGs
[2026-07-12T14:06:48.866+0000] {logging_mixin.py:190} INFO - [2026-07-12T14:06:48.865+0000] {dag.py:4138} INFO - Setting next_dagrun for dag_isi_data_mart to None, run_after=None
[2026-07-12T14:06:48.896+0000] {processor.py:208} INFO - Processing /opt/airflow/dags/etl_to_datamart.py took 0.129 seconds
[2026-07-12T14:07:19.158+0000] {processor.py:186} INFO - Started process (PID=613) to work on /opt/airflow/dags/etl_to_datamart.py
[2026-07-12T14:07:19.159+0000] {processor.py:914} INFO - Processing file /opt/airflow/dags/etl_to_datamart.py for tasks to queue
[2026-07-12T14:07:19.162+0000] {logging_mixin.py:190} INFO - [2026-07-12T14:07:19.162+0000] {dagbag.py:587} INFO - Filling up the DagBag from /opt/airflow/dags/etl_to_datamart.py
[2026-07-12T14:07:19.195+0000] {processor.py:925} INFO - DAG(s) 'dag_isi_data_mart' retrieved from /opt/airflow/dags/etl_to_datamart.py
[2026-07-12T14:07:19.289+0000] {logging_mixin.py:190} INFO - [2026-07-12T14:07:19.288+0000] {dag.py:3211} INFO - Sync 1 DAGs
[2026-07-12T14:07:19.315+0000] {logging_mixin.py:190} INFO - [2026-07-12T14:07:19.315+0000] {dag.py:4138} INFO - Setting next_dagrun for dag_isi_data_mart to None, run_after=None
[2026-07-12T14:07:19.356+0000] {processor.py:208} INFO - Processing /opt/airflow/dags/etl_to_datamart.py took 0.208 seconds
