[2026-07-12T12:55:38.542+0000] {processor.py:186} INFO - Started process (PID=1020) to work on /opt/airflow/dags/processor.py
[2026-07-12T12:55:38.547+0000] {processor.py:914} INFO - Processing file /opt/airflow/dags/processor.py for tasks to queue
[2026-07-12T12:55:38.570+0000] {logging_mixin.py:190} INFO - [2026-07-12T12:55:38.568+0000] {dagbag.py:587} INFO - Filling up the DagBag from /opt/airflow/dags/processor.py
[2026-07-12T12:55:38.800+0000] {processor.py:925} INFO - DAG(s) 'dag_isi_data_mart_testing' retrieved from /opt/airflow/dags/processor.py
[2026-07-12T12:55:38.920+0000] {logging_mixin.py:190} INFO - [2026-07-12T12:55:38.920+0000] {dag.py:3211} INFO - Sync 1 DAGs
[2026-07-12T12:55:38.974+0000] {logging_mixin.py:190} INFO - [2026-07-12T12:55:38.973+0000] {dag.py:4138} INFO - Setting next_dagrun for dag_isi_data_mart_testing to None, run_after=None
[2026-07-12T12:55:39.013+0000] {processor.py:208} INFO - Processing /opt/airflow/dags/processor.py took 0.527 seconds
[2026-07-12T12:56:09.350+0000] {processor.py:186} INFO - Started process (PID=1028) to work on /opt/airflow/dags/processor.py
[2026-07-12T12:56:09.351+0000] {processor.py:914} INFO - Processing file /opt/airflow/dags/processor.py for tasks to queue
[2026-07-12T12:56:09.353+0000] {logging_mixin.py:190} INFO - [2026-07-12T12:56:09.353+0000] {dagbag.py:587} INFO - Filling up the DagBag from /opt/airflow/dags/processor.py
[2026-07-12T12:56:09.372+0000] {processor.py:925} INFO - DAG(s) 'dag_isi_data_mart_testing' retrieved from /opt/airflow/dags/processor.py
[2026-07-12T12:56:09.412+0000] {logging_mixin.py:190} INFO - [2026-07-12T12:56:09.412+0000] {dag.py:3211} INFO - Sync 1 DAGs
[2026-07-12T12:56:09.427+0000] {logging_mixin.py:190} INFO - [2026-07-12T12:56:09.426+0000] {dag.py:4138} INFO - Setting next_dagrun for dag_isi_data_mart_testing to None, run_after=None
[2026-07-12T12:56:09.452+0000] {processor.py:208} INFO - Processing /opt/airflow/dags/processor.py took 0.108 seconds
[2026-07-12T12:56:39.676+0000] {processor.py:186} INFO - Started process (PID=1036) to work on /opt/airflow/dags/processor.py
[2026-07-12T12:56:39.677+0000] {processor.py:914} INFO - Processing file /opt/airflow/dags/processor.py for tasks to queue
[2026-07-12T12:56:39.680+0000] {logging_mixin.py:190} INFO - [2026-07-12T12:56:39.679+0000] {dagbag.py:587} INFO - Filling up the DagBag from /opt/airflow/dags/processor.py
[2026-07-12T12:56:39.697+0000] {processor.py:925} INFO - DAG(s) 'dag_isi_data_mart_testing' retrieved from /opt/airflow/dags/processor.py
[2026-07-12T12:56:39.736+0000] {logging_mixin.py:190} INFO - [2026-07-12T12:56:39.736+0000] {dag.py:3211} INFO - Sync 1 DAGs
[2026-07-12T12:56:39.751+0000] {logging_mixin.py:190} INFO - [2026-07-12T12:56:39.751+0000] {dag.py:4138} INFO - Setting next_dagrun for dag_isi_data_mart_testing to None, run_after=None
[2026-07-12T12:56:39.774+0000] {processor.py:208} INFO - Processing /opt/airflow/dags/processor.py took 0.104 seconds
[2026-07-12T12:57:10.119+0000] {processor.py:186} INFO - Started process (PID=1044) to work on /opt/airflow/dags/processor.py
[2026-07-12T12:57:10.120+0000] {processor.py:914} INFO - Processing file /opt/airflow/dags/processor.py for tasks to queue
[2026-07-12T12:57:10.133+0000] {logging_mixin.py:190} INFO - [2026-07-12T12:57:10.132+0000] {dagbag.py:587} INFO - Filling up the DagBag from /opt/airflow/dags/processor.py
[2026-07-12T12:57:10.177+0000] {processor.py:925} INFO - DAG(s) 'dag_isi_data_mart_testing' retrieved from /opt/airflow/dags/processor.py
[2026-07-12T12:57:10.233+0000] {logging_mixin.py:190} INFO - [2026-07-12T12:57:10.232+0000] {dag.py:3211} INFO - Sync 1 DAGs
[2026-07-12T12:57:10.250+0000] {logging_mixin.py:190} INFO - [2026-07-12T12:57:10.250+0000] {dag.py:4138} INFO - Setting next_dagrun for dag_isi_data_mart_testing to None, run_after=None
[2026-07-12T12:57:10.276+0000] {processor.py:208} INFO - Processing /opt/airflow/dags/processor.py took 0.163 seconds
[2026-07-12T12:57:40.635+0000] {processor.py:186} INFO - Started process (PID=1052) to work on /opt/airflow/dags/processor.py
[2026-07-12T12:57:40.636+0000] {processor.py:914} INFO - Processing file /opt/airflow/dags/processor.py for tasks to queue
[2026-07-12T12:57:40.640+0000] {logging_mixin.py:190} INFO - [2026-07-12T12:57:40.640+0000] {dagbag.py:587} INFO - Filling up the DagBag from /opt/airflow/dags/processor.py
[2026-07-12T12:57:40.658+0000] {processor.py:925} INFO - DAG(s) 'dag_isi_data_mart_testing' retrieved from /opt/airflow/dags/processor.py
[2026-07-12T12:57:40.697+0000] {logging_mixin.py:190} INFO - [2026-07-12T12:57:40.696+0000] {dag.py:3211} INFO - Sync 1 DAGs
[2026-07-12T12:57:40.715+0000] {logging_mixin.py:190} INFO - [2026-07-12T12:57:40.714+0000] {dag.py:4138} INFO - Setting next_dagrun for dag_isi_data_mart_testing to None, run_after=None
[2026-07-12T12:57:40.739+0000] {processor.py:208} INFO - Processing /opt/airflow/dags/processor.py took 0.115 seconds
[2026-07-12T12:58:10.988+0000] {processor.py:186} INFO - Started process (PID=1060) to work on /opt/airflow/dags/processor.py
[2026-07-12T12:58:10.990+0000] {processor.py:914} INFO - Processing file /opt/airflow/dags/processor.py for tasks to queue
[2026-07-12T12:58:10.993+0000] {logging_mixin.py:190} INFO - [2026-07-12T12:58:10.993+0000] {dagbag.py:587} INFO - Filling up the DagBag from /opt/airflow/dags/processor.py
[2026-07-12T12:58:11.013+0000] {processor.py:925} INFO - DAG(s) 'dag_isi_data_mart_testing' retrieved from /opt/airflow/dags/processor.py
[2026-07-12T12:58:11.060+0000] {logging_mixin.py:190} INFO - [2026-07-12T12:58:11.059+0000] {dag.py:3211} INFO - Sync 1 DAGs
[2026-07-12T12:58:11.077+0000] {logging_mixin.py:190} INFO - [2026-07-12T12:58:11.077+0000] {dag.py:4138} INFO - Setting next_dagrun for dag_isi_data_mart_testing to None, run_after=None
[2026-07-12T12:58:11.109+0000] {processor.py:208} INFO - Processing /opt/airflow/dags/processor.py took 0.128 seconds
[2026-07-12T12:58:41.516+0000] {processor.py:186} INFO - Started process (PID=1068) to work on /opt/airflow/dags/processor.py
[2026-07-12T12:58:41.520+0000] {processor.py:914} INFO - Processing file /opt/airflow/dags/processor.py for tasks to queue
[2026-07-12T12:58:41.527+0000] {logging_mixin.py:190} INFO - [2026-07-12T12:58:41.526+0000] {dagbag.py:587} INFO - Filling up the DagBag from /opt/airflow/dags/processor.py
[2026-07-12T12:58:41.568+0000] {processor.py:925} INFO - DAG(s) 'dag_isi_data_mart_testing' retrieved from /opt/airflow/dags/processor.py
[2026-07-12T12:58:41.649+0000] {logging_mixin.py:190} INFO - [2026-07-12T12:58:41.648+0000] {dag.py:3211} INFO - Sync 1 DAGs
[2026-07-12T12:58:41.680+0000] {logging_mixin.py:190} INFO - [2026-07-12T12:58:41.679+0000] {dag.py:4138} INFO - Setting next_dagrun for dag_isi_data_mart_testing to None, run_after=None
[2026-07-12T12:58:41.735+0000] {processor.py:208} INFO - Processing /opt/airflow/dags/processor.py took 0.244 seconds
[2026-07-12T12:59:12.132+0000] {processor.py:186} INFO - Started process (PID=1076) to work on /opt/airflow/dags/processor.py
[2026-07-12T12:59:12.134+0000] {processor.py:914} INFO - Processing file /opt/airflow/dags/processor.py for tasks to queue
[2026-07-12T12:59:12.137+0000] {logging_mixin.py:190} INFO - [2026-07-12T12:59:12.137+0000] {dagbag.py:587} INFO - Filling up the DagBag from /opt/airflow/dags/processor.py
[2026-07-12T12:59:12.159+0000] {processor.py:925} INFO - DAG(s) 'dag_isi_data_mart_testing' retrieved from /opt/airflow/dags/processor.py
[2026-07-12T12:59:12.205+0000] {logging_mixin.py:190} INFO - [2026-07-12T12:59:12.205+0000] {dag.py:3211} INFO - Sync 1 DAGs
[2026-07-12T12:59:12.225+0000] {logging_mixin.py:190} INFO - [2026-07-12T12:59:12.224+0000] {dag.py:4138} INFO - Setting next_dagrun for dag_isi_data_mart_testing to None, run_after=None
[2026-07-12T12:59:12.248+0000] {processor.py:208} INFO - Processing /opt/airflow/dags/processor.py took 0.124 seconds
[2026-07-12T12:59:42.655+0000] {processor.py:186} INFO - Started process (PID=1084) to work on /opt/airflow/dags/processor.py
[2026-07-12T12:59:42.657+0000] {processor.py:914} INFO - Processing file /opt/airflow/dags/processor.py for tasks to queue
[2026-07-12T12:59:42.661+0000] {logging_mixin.py:190} INFO - [2026-07-12T12:59:42.660+0000] {dagbag.py:587} INFO - Filling up the DagBag from /opt/airflow/dags/processor.py
[2026-07-12T12:59:42.689+0000] {processor.py:925} INFO - DAG(s) 'dag_isi_data_mart_testing' retrieved from /opt/airflow/dags/processor.py
[2026-07-12T12:59:42.758+0000] {logging_mixin.py:190} INFO - [2026-07-12T12:59:42.758+0000] {dag.py:3211} INFO - Sync 1 DAGs
[2026-07-12T12:59:42.784+0000] {logging_mixin.py:190} INFO - [2026-07-12T12:59:42.783+0000] {dag.py:4138} INFO - Setting next_dagrun for dag_isi_data_mart_testing to None, run_after=None
[2026-07-12T12:59:42.827+0000] {processor.py:208} INFO - Processing /opt/airflow/dags/processor.py took 0.181 seconds
[2026-07-12T13:00:13.036+0000] {processor.py:186} INFO - Started process (PID=1092) to work on /opt/airflow/dags/processor.py
[2026-07-12T13:00:13.038+0000] {processor.py:914} INFO - Processing file /opt/airflow/dags/processor.py for tasks to queue
[2026-07-12T13:00:13.041+0000] {logging_mixin.py:190} INFO - [2026-07-12T13:00:13.041+0000] {dagbag.py:587} INFO - Filling up the DagBag from /opt/airflow/dags/processor.py
[2026-07-12T13:00:13.065+0000] {processor.py:925} INFO - DAG(s) 'dag_isi_data_mart_testing' retrieved from /opt/airflow/dags/processor.py
[2026-07-12T13:00:13.120+0000] {logging_mixin.py:190} INFO - [2026-07-12T13:00:13.119+0000] {dag.py:3211} INFO - Sync 1 DAGs
[2026-07-12T13:00:13.140+0000] {logging_mixin.py:190} INFO - [2026-07-12T13:00:13.140+0000] {dag.py:4138} INFO - Setting next_dagrun for dag_isi_data_mart_testing to None, run_after=None
[2026-07-12T13:00:13.169+0000] {processor.py:208} INFO - Processing /opt/airflow/dags/processor.py took 0.142 seconds
[2026-07-12T13:00:43.665+0000] {processor.py:186} INFO - Started process (PID=1100) to work on /opt/airflow/dags/processor.py
[2026-07-12T13:00:43.666+0000] {processor.py:914} INFO - Processing file /opt/airflow/dags/processor.py for tasks to queue
[2026-07-12T13:00:43.671+0000] {logging_mixin.py:190} INFO - [2026-07-12T13:00:43.671+0000] {dagbag.py:587} INFO - Filling up the DagBag from /opt/airflow/dags/processor.py
[2026-07-12T13:00:43.694+0000] {processor.py:925} INFO - DAG(s) 'dag_isi_data_mart_testing' retrieved from /opt/airflow/dags/processor.py
[2026-07-12T13:00:43.744+0000] {logging_mixin.py:190} INFO - [2026-07-12T13:00:43.743+0000] {dag.py:3211} INFO - Sync 1 DAGs
[2026-07-12T13:00:43.762+0000] {logging_mixin.py:190} INFO - [2026-07-12T13:00:43.762+0000] {dag.py:4138} INFO - Setting next_dagrun for dag_isi_data_mart_testing to None, run_after=None
[2026-07-12T13:00:43.789+0000] {processor.py:208} INFO - Processing /opt/airflow/dags/processor.py took 0.131 seconds
[2026-07-12T13:01:14.054+0000] {processor.py:186} INFO - Started process (PID=1108) to work on /opt/airflow/dags/processor.py
[2026-07-12T13:01:14.056+0000] {processor.py:914} INFO - Processing file /opt/airflow/dags/processor.py for tasks to queue
[2026-07-12T13:01:14.058+0000] {logging_mixin.py:190} INFO - [2026-07-12T13:01:14.058+0000] {dagbag.py:587} INFO - Filling up the DagBag from /opt/airflow/dags/processor.py
[2026-07-12T13:01:14.075+0000] {processor.py:925} INFO - DAG(s) 'dag_isi_data_mart_testing' retrieved from /opt/airflow/dags/processor.py
[2026-07-12T13:01:14.116+0000] {logging_mixin.py:190} INFO - [2026-07-12T13:01:14.116+0000] {dag.py:3211} INFO - Sync 1 DAGs
[2026-07-12T13:01:14.131+0000] {logging_mixin.py:190} INFO - [2026-07-12T13:01:14.131+0000] {dag.py:4138} INFO - Setting next_dagrun for dag_isi_data_mart_testing to None, run_after=None
[2026-07-12T13:01:14.153+0000] {processor.py:208} INFO - Processing /opt/airflow/dags/processor.py took 0.104 seconds
[2026-07-12T13:01:44.521+0000] {processor.py:186} INFO - Started process (PID=1116) to work on /opt/airflow/dags/processor.py
[2026-07-12T13:01:44.522+0000] {processor.py:914} INFO - Processing file /opt/airflow/dags/processor.py for tasks to queue
[2026-07-12T13:01:44.526+0000] {logging_mixin.py:190} INFO - [2026-07-12T13:01:44.525+0000] {dagbag.py:587} INFO - Filling up the DagBag from /opt/airflow/dags/processor.py
[2026-07-12T13:01:44.545+0000] {processor.py:925} INFO - DAG(s) 'dag_isi_data_mart_testing' retrieved from /opt/airflow/dags/processor.py
[2026-07-12T13:01:44.589+0000] {logging_mixin.py:190} INFO - [2026-07-12T13:01:44.589+0000] {dag.py:3211} INFO - Sync 1 DAGs
[2026-07-12T13:01:44.606+0000] {logging_mixin.py:190} INFO - [2026-07-12T13:01:44.606+0000] {dag.py:4138} INFO - Setting next_dagrun for dag_isi_data_mart_testing to None, run_after=None
[2026-07-12T13:01:44.632+0000] {processor.py:208} INFO - Processing /opt/airflow/dags/processor.py took 0.119 seconds
[2026-07-12T13:02:14.864+0000] {processor.py:186} INFO - Started process (PID=1124) to work on /opt/airflow/dags/processor.py
[2026-07-12T13:02:14.865+0000] {processor.py:914} INFO - Processing file /opt/airflow/dags/processor.py for tasks to queue
[2026-07-12T13:02:14.867+0000] {logging_mixin.py:190} INFO - [2026-07-12T13:02:14.867+0000] {dagbag.py:587} INFO - Filling up the DagBag from /opt/airflow/dags/processor.py
[2026-07-12T13:02:14.884+0000] {processor.py:925} INFO - DAG(s) 'dag_isi_data_mart_testing' retrieved from /opt/airflow/dags/processor.py
[2026-07-12T13:02:14.923+0000] {logging_mixin.py:190} INFO - [2026-07-12T13:02:14.923+0000] {dag.py:3211} INFO - Sync 1 DAGs
[2026-07-12T13:02:14.940+0000] {logging_mixin.py:190} INFO - [2026-07-12T13:02:14.940+0000] {dag.py:4138} INFO - Setting next_dagrun for dag_isi_data_mart_testing to None, run_after=None
[2026-07-12T13:02:14.964+0000] {processor.py:208} INFO - Processing /opt/airflow/dags/processor.py took 0.107 seconds
[2026-07-12T13:02:45.271+0000] {processor.py:186} INFO - Started process (PID=1132) to work on /opt/airflow/dags/processor.py
[2026-07-12T13:02:45.273+0000] {processor.py:914} INFO - Processing file /opt/airflow/dags/processor.py for tasks to queue
[2026-07-12T13:02:45.276+0000] {logging_mixin.py:190} INFO - [2026-07-12T13:02:45.275+0000] {dagbag.py:587} INFO - Filling up the DagBag from /opt/airflow/dags/processor.py
[2026-07-12T13:02:45.296+0000] {processor.py:925} INFO - DAG(s) 'dag_isi_data_mart_testing' retrieved from /opt/airflow/dags/processor.py
[2026-07-12T13:02:45.345+0000] {logging_mixin.py:190} INFO - [2026-07-12T13:02:45.344+0000] {dag.py:3211} INFO - Sync 1 DAGs
[2026-07-12T13:02:45.364+0000] {logging_mixin.py:190} INFO - [2026-07-12T13:02:45.364+0000] {dag.py:4138} INFO - Setting next_dagrun for dag_isi_data_mart_testing to None, run_after=None
[2026-07-12T13:02:45.393+0000] {processor.py:208} INFO - Processing /opt/airflow/dags/processor.py took 0.130 seconds
[2026-07-12T13:03:15.658+0000] {processor.py:186} INFO - Started process (PID=1140) to work on /opt/airflow/dags/processor.py
[2026-07-12T13:03:15.660+0000] {processor.py:914} INFO - Processing file /opt/airflow/dags/processor.py for tasks to queue
[2026-07-12T13:03:15.662+0000] {logging_mixin.py:190} INFO - [2026-07-12T13:03:15.662+0000] {dagbag.py:587} INFO - Filling up the DagBag from /opt/airflow/dags/processor.py
[2026-07-12T13:03:15.690+0000] {processor.py:925} INFO - DAG(s) 'dag_isi_data_mart_testing' retrieved from /opt/airflow/dags/processor.py
[2026-07-12T13:03:15.752+0000] {logging_mixin.py:190} INFO - [2026-07-12T13:03:15.751+0000] {dag.py:3211} INFO - Sync 1 DAGs
[2026-07-12T13:03:15.779+0000] {logging_mixin.py:190} INFO - [2026-07-12T13:03:15.778+0000] {dag.py:4138} INFO - Setting next_dagrun for dag_isi_data_mart_testing to None, run_after=None
[2026-07-12T13:03:15.813+0000] {processor.py:208} INFO - Processing /opt/airflow/dags/processor.py took 0.165 seconds
[2026-07-12T13:03:46.162+0000] {processor.py:186} INFO - Started process (PID=1148) to work on /opt/airflow/dags/processor.py
[2026-07-12T13:03:46.164+0000] {processor.py:914} INFO - Processing file /opt/airflow/dags/processor.py for tasks to queue
[2026-07-12T13:03:46.167+0000] {logging_mixin.py:190} INFO - [2026-07-12T13:03:46.166+0000] {dagbag.py:587} INFO - Filling up the DagBag from /opt/airflow/dags/processor.py
[2026-07-12T13:03:46.185+0000] {processor.py:925} INFO - DAG(s) 'dag_isi_data_mart_testing' retrieved from /opt/airflow/dags/processor.py
[2026-07-12T13:03:46.231+0000] {logging_mixin.py:190} INFO - [2026-07-12T13:03:46.231+0000] {dag.py:3211} INFO - Sync 1 DAGs
[2026-07-12T13:03:46.249+0000] {logging_mixin.py:190} INFO - [2026-07-12T13:03:46.249+0000] {dag.py:4138} INFO - Setting next_dagrun for dag_isi_data_mart_testing to None, run_after=None
[2026-07-12T13:03:46.278+0000] {processor.py:208} INFO - Processing /opt/airflow/dags/processor.py took 0.123 seconds
[2026-07-12T13:04:16.568+0000] {processor.py:186} INFO - Started process (PID=1156) to work on /opt/airflow/dags/processor.py
[2026-07-12T13:04:16.569+0000] {processor.py:914} INFO - Processing file /opt/airflow/dags/processor.py for tasks to queue
[2026-07-12T13:04:16.572+0000] {logging_mixin.py:190} INFO - [2026-07-12T13:04:16.572+0000] {dagbag.py:587} INFO - Filling up the DagBag from /opt/airflow/dags/processor.py
[2026-07-12T13:04:16.593+0000] {processor.py:925} INFO - DAG(s) 'dag_isi_data_mart_testing' retrieved from /opt/airflow/dags/processor.py
[2026-07-12T13:04:16.644+0000] {logging_mixin.py:190} INFO - [2026-07-12T13:04:16.643+0000] {dag.py:3211} INFO - Sync 1 DAGs
[2026-07-12T13:04:16.662+0000] {logging_mixin.py:190} INFO - [2026-07-12T13:04:16.661+0000] {dag.py:4138} INFO - Setting next_dagrun for dag_isi_data_mart_testing to None, run_after=None
[2026-07-12T13:04:16.690+0000] {processor.py:208} INFO - Processing /opt/airflow/dags/processor.py took 0.129 seconds
[2026-07-12T13:04:47.087+0000] {processor.py:186} INFO - Started process (PID=1164) to work on /opt/airflow/dags/processor.py
[2026-07-12T13:04:47.089+0000] {processor.py:914} INFO - Processing file /opt/airflow/dags/processor.py for tasks to queue
[2026-07-12T13:04:47.092+0000] {logging_mixin.py:190} INFO - [2026-07-12T13:04:47.092+0000] {dagbag.py:587} INFO - Filling up the DagBag from /opt/airflow/dags/processor.py
[2026-07-12T13:04:47.113+0000] {processor.py:925} INFO - DAG(s) 'dag_isi_data_mart_testing' retrieved from /opt/airflow/dags/processor.py
[2026-07-12T13:04:47.164+0000] {logging_mixin.py:190} INFO - [2026-07-12T13:04:47.164+0000] {dag.py:3211} INFO - Sync 1 DAGs
[2026-07-12T13:04:47.191+0000] {logging_mixin.py:190} INFO - [2026-07-12T13:04:47.191+0000] {dag.py:4138} INFO - Setting next_dagrun for dag_isi_data_mart_testing to None, run_after=None
[2026-07-12T13:04:47.231+0000] {processor.py:208} INFO - Processing /opt/airflow/dags/processor.py took 0.151 seconds
[2026-07-12T13:05:17.485+0000] {processor.py:186} INFO - Started process (PID=1172) to work on /opt/airflow/dags/processor.py
[2026-07-12T13:05:17.486+0000] {processor.py:914} INFO - Processing file /opt/airflow/dags/processor.py for tasks to queue
[2026-07-12T13:05:17.490+0000] {logging_mixin.py:190} INFO - [2026-07-12T13:05:17.490+0000] {dagbag.py:587} INFO - Filling up the DagBag from /opt/airflow/dags/processor.py
[2026-07-12T13:05:17.509+0000] {processor.py:925} INFO - DAG(s) 'dag_isi_data_mart_testing' retrieved from /opt/airflow/dags/processor.py
[2026-07-12T13:05:17.559+0000] {logging_mixin.py:190} INFO - [2026-07-12T13:05:17.558+0000] {dag.py:3211} INFO - Sync 1 DAGs
[2026-07-12T13:05:17.578+0000] {logging_mixin.py:190} INFO - [2026-07-12T13:05:17.577+0000] {dag.py:4138} INFO - Setting next_dagrun for dag_isi_data_mart_testing to None, run_after=None
[2026-07-12T13:05:17.605+0000] {processor.py:208} INFO - Processing /opt/airflow/dags/processor.py took 0.128 seconds
[2026-07-12T13:05:47.999+0000] {processor.py:186} INFO - Started process (PID=1180) to work on /opt/airflow/dags/processor.py
[2026-07-12T13:05:48.000+0000] {processor.py:914} INFO - Processing file /opt/airflow/dags/processor.py for tasks to queue
[2026-07-12T13:05:48.003+0000] {logging_mixin.py:190} INFO - [2026-07-12T13:05:48.003+0000] {dagbag.py:587} INFO - Filling up the DagBag from /opt/airflow/dags/processor.py
[2026-07-12T13:05:48.025+0000] {processor.py:925} INFO - DAG(s) 'dag_isi_data_mart_testing' retrieved from /opt/airflow/dags/processor.py
[2026-07-12T13:05:48.072+0000] {logging_mixin.py:190} INFO - [2026-07-12T13:05:48.071+0000] {dag.py:3211} INFO - Sync 1 DAGs
[2026-07-12T13:05:48.094+0000] {logging_mixin.py:190} INFO - [2026-07-12T13:05:48.094+0000] {dag.py:4138} INFO - Setting next_dagrun for dag_isi_data_mart_testing to None, run_after=None
[2026-07-12T13:05:48.119+0000] {processor.py:208} INFO - Processing /opt/airflow/dags/processor.py took 0.126 seconds
[2026-07-12T13:06:18.327+0000] {processor.py:186} INFO - Started process (PID=1188) to work on /opt/airflow/dags/processor.py
[2026-07-12T13:06:18.328+0000] {processor.py:914} INFO - Processing file /opt/airflow/dags/processor.py for tasks to queue
[2026-07-12T13:06:18.331+0000] {logging_mixin.py:190} INFO - [2026-07-12T13:06:18.330+0000] {dagbag.py:587} INFO - Filling up the DagBag from /opt/airflow/dags/processor.py
[2026-07-12T13:06:18.346+0000] {processor.py:925} INFO - DAG(s) 'dag_isi_data_mart_testing' retrieved from /opt/airflow/dags/processor.py
[2026-07-12T13:06:18.383+0000] {logging_mixin.py:190} INFO - [2026-07-12T13:06:18.382+0000] {dag.py:3211} INFO - Sync 1 DAGs
[2026-07-12T13:06:18.400+0000] {logging_mixin.py:190} INFO - [2026-07-12T13:06:18.399+0000] {dag.py:4138} INFO - Setting next_dagrun for dag_isi_data_mart_testing to None, run_after=None
[2026-07-12T13:06:18.423+0000] {processor.py:208} INFO - Processing /opt/airflow/dags/processor.py took 0.103 seconds
[2026-07-12T13:06:48.746+0000] {processor.py:186} INFO - Started process (PID=1196) to work on /opt/airflow/dags/processor.py
[2026-07-12T13:06:48.747+0000] {processor.py:914} INFO - Processing file /opt/airflow/dags/processor.py for tasks to queue
[2026-07-12T13:06:48.749+0000] {logging_mixin.py:190} INFO - [2026-07-12T13:06:48.749+0000] {dagbag.py:587} INFO - Filling up the DagBag from /opt/airflow/dags/processor.py
[2026-07-12T13:06:48.766+0000] {processor.py:925} INFO - DAG(s) 'dag_isi_data_mart_testing' retrieved from /opt/airflow/dags/processor.py
[2026-07-12T13:06:48.805+0000] {logging_mixin.py:190} INFO - [2026-07-12T13:06:48.804+0000] {dag.py:3211} INFO - Sync 1 DAGs
[2026-07-12T13:06:48.818+0000] {logging_mixin.py:190} INFO - [2026-07-12T13:06:48.818+0000] {dag.py:4138} INFO - Setting next_dagrun for dag_isi_data_mart_testing to None, run_after=None
[2026-07-12T13:06:48.842+0000] {processor.py:208} INFO - Processing /opt/airflow/dags/processor.py took 0.102 seconds
[2026-07-12T13:07:19.071+0000] {processor.py:186} INFO - Started process (PID=1204) to work on /opt/airflow/dags/processor.py
[2026-07-12T13:07:19.072+0000] {processor.py:914} INFO - Processing file /opt/airflow/dags/processor.py for tasks to queue
[2026-07-12T13:07:19.074+0000] {logging_mixin.py:190} INFO - [2026-07-12T13:07:19.074+0000] {dagbag.py:587} INFO - Filling up the DagBag from /opt/airflow/dags/processor.py
[2026-07-12T13:07:19.089+0000] {processor.py:925} INFO - DAG(s) 'dag_isi_data_mart_testing' retrieved from /opt/airflow/dags/processor.py
[2026-07-12T13:07:19.128+0000] {logging_mixin.py:190} INFO - [2026-07-12T13:07:19.128+0000] {dag.py:3211} INFO - Sync 1 DAGs
[2026-07-12T13:07:19.144+0000] {logging_mixin.py:190} INFO - [2026-07-12T13:07:19.143+0000] {dag.py:4138} INFO - Setting next_dagrun for dag_isi_data_mart_testing to None, run_after=None
[2026-07-12T13:07:19.166+0000] {processor.py:208} INFO - Processing /opt/airflow/dags/processor.py took 0.101 seconds
[2026-07-12T13:07:49.468+0000] {processor.py:186} INFO - Started process (PID=1212) to work on /opt/airflow/dags/processor.py
[2026-07-12T13:07:49.469+0000] {processor.py:914} INFO - Processing file /opt/airflow/dags/processor.py for tasks to queue
[2026-07-12T13:07:49.471+0000] {logging_mixin.py:190} INFO - [2026-07-12T13:07:49.471+0000] {dagbag.py:587} INFO - Filling up the DagBag from /opt/airflow/dags/processor.py
[2026-07-12T13:07:49.486+0000] {processor.py:925} INFO - DAG(s) 'dag_isi_data_mart_testing' retrieved from /opt/airflow/dags/processor.py
[2026-07-12T13:07:49.524+0000] {logging_mixin.py:190} INFO - [2026-07-12T13:07:49.524+0000] {dag.py:3211} INFO - Sync 1 DAGs
[2026-07-12T13:07:49.539+0000] {logging_mixin.py:190} INFO - [2026-07-12T13:07:49.539+0000] {dag.py:4138} INFO - Setting next_dagrun for dag_isi_data_mart_testing to None, run_after=None
[2026-07-12T13:07:49.562+0000] {processor.py:208} INFO - Processing /opt/airflow/dags/processor.py took 0.100 seconds
[2026-07-12T13:08:19.799+0000] {processor.py:186} INFO - Started process (PID=1220) to work on /opt/airflow/dags/processor.py
[2026-07-12T13:08:19.800+0000] {processor.py:914} INFO - Processing file /opt/airflow/dags/processor.py for tasks to queue
[2026-07-12T13:08:19.803+0000] {logging_mixin.py:190} INFO - [2026-07-12T13:08:19.802+0000] {dagbag.py:587} INFO - Filling up the DagBag from /opt/airflow/dags/processor.py
[2026-07-12T13:08:19.819+0000] {processor.py:925} INFO - DAG(s) 'dag_isi_data_mart_testing' retrieved from /opt/airflow/dags/processor.py
[2026-07-12T13:08:19.857+0000] {logging_mixin.py:190} INFO - [2026-07-12T13:08:19.857+0000] {dag.py:3211} INFO - Sync 1 DAGs
[2026-07-12T13:08:19.872+0000] {logging_mixin.py:190} INFO - [2026-07-12T13:08:19.872+0000] {dag.py:4138} INFO - Setting next_dagrun for dag_isi_data_mart_testing to None, run_after=None
[2026-07-12T13:08:19.896+0000] {processor.py:208} INFO - Processing /opt/airflow/dags/processor.py took 0.104 seconds
[2026-07-12T13:08:50.199+0000] {processor.py:186} INFO - Started process (PID=1228) to work on /opt/airflow/dags/processor.py
[2026-07-12T13:08:50.200+0000] {processor.py:914} INFO - Processing file /opt/airflow/dags/processor.py for tasks to queue
[2026-07-12T13:08:50.202+0000] {logging_mixin.py:190} INFO - [2026-07-12T13:08:50.202+0000] {dagbag.py:587} INFO - Filling up the DagBag from /opt/airflow/dags/processor.py
[2026-07-12T13:08:50.221+0000] {processor.py:925} INFO - DAG(s) 'dag_isi_data_mart_testing' retrieved from /opt/airflow/dags/processor.py
[2026-07-12T13:08:50.262+0000] {logging_mixin.py:190} INFO - [2026-07-12T13:08:50.262+0000] {dag.py:3211} INFO - Sync 1 DAGs
[2026-07-12T13:08:50.277+0000] {logging_mixin.py:190} INFO - [2026-07-12T13:08:50.277+0000] {dag.py:4138} INFO - Setting next_dagrun for dag_isi_data_mart_testing to None, run_after=None
[2026-07-12T13:08:50.302+0000] {processor.py:208} INFO - Processing /opt/airflow/dags/processor.py took 0.110 seconds
[2026-07-12T13:09:20.534+0000] {processor.py:186} INFO - Started process (PID=1236) to work on /opt/airflow/dags/processor.py
[2026-07-12T13:09:20.535+0000] {processor.py:914} INFO - Processing file /opt/airflow/dags/processor.py for tasks to queue
[2026-07-12T13:09:20.538+0000] {logging_mixin.py:190} INFO - [2026-07-12T13:09:20.538+0000] {dagbag.py:587} INFO - Filling up the DagBag from /opt/airflow/dags/processor.py
[2026-07-12T13:09:20.557+0000] {processor.py:925} INFO - DAG(s) 'dag_isi_data_mart_testing' retrieved from /opt/airflow/dags/processor.py
[2026-07-12T13:09:20.594+0000] {logging_mixin.py:190} INFO - [2026-07-12T13:09:20.594+0000] {dag.py:3211} INFO - Sync 1 DAGs
[2026-07-12T13:09:20.608+0000] {logging_mixin.py:190} INFO - [2026-07-12T13:09:20.608+0000] {dag.py:4138} INFO - Setting next_dagrun for dag_isi_data_mart_testing to None, run_after=None
[2026-07-12T13:09:20.633+0000] {processor.py:208} INFO - Processing /opt/airflow/dags/processor.py took 0.105 seconds
[2026-07-12T13:09:50.933+0000] {processor.py:186} INFO - Started process (PID=1244) to work on /opt/airflow/dags/processor.py
[2026-07-12T13:09:50.934+0000] {processor.py:914} INFO - Processing file /opt/airflow/dags/processor.py for tasks to queue
[2026-07-12T13:09:50.937+0000] {logging_mixin.py:190} INFO - [2026-07-12T13:09:50.937+0000] {dagbag.py:587} INFO - Filling up the DagBag from /opt/airflow/dags/processor.py
[2026-07-12T13:09:50.953+0000] {processor.py:925} INFO - DAG(s) 'dag_isi_data_mart_testing' retrieved from /opt/airflow/dags/processor.py
[2026-07-12T13:09:50.991+0000] {logging_mixin.py:190} INFO - [2026-07-12T13:09:50.991+0000] {dag.py:3211} INFO - Sync 1 DAGs
[2026-07-12T13:09:51.007+0000] {logging_mixin.py:190} INFO - [2026-07-12T13:09:51.006+0000] {dag.py:4138} INFO - Setting next_dagrun for dag_isi_data_mart_testing to None, run_after=None
[2026-07-12T13:09:51.029+0000] {processor.py:208} INFO - Processing /opt/airflow/dags/processor.py took 0.103 seconds
[2026-07-12T13:10:21.267+0000] {processor.py:186} INFO - Started process (PID=1252) to work on /opt/airflow/dags/processor.py
[2026-07-12T13:10:21.268+0000] {processor.py:914} INFO - Processing file /opt/airflow/dags/processor.py for tasks to queue
[2026-07-12T13:10:21.271+0000] {logging_mixin.py:190} INFO - [2026-07-12T13:10:21.271+0000] {dagbag.py:587} INFO - Filling up the DagBag from /opt/airflow/dags/processor.py
[2026-07-12T13:10:21.287+0000] {processor.py:925} INFO - DAG(s) 'dag_isi_data_mart_testing' retrieved from /opt/airflow/dags/processor.py
[2026-07-12T13:10:21.325+0000] {logging_mixin.py:190} INFO - [2026-07-12T13:10:21.325+0000] {dag.py:3211} INFO - Sync 1 DAGs
[2026-07-12T13:10:21.339+0000] {logging_mixin.py:190} INFO - [2026-07-12T13:10:21.339+0000] {dag.py:4138} INFO - Setting next_dagrun for dag_isi_data_mart_testing to None, run_after=None
[2026-07-12T13:10:21.362+0000] {processor.py:208} INFO - Processing /opt/airflow/dags/processor.py took 0.101 seconds
[2026-07-12T13:10:51.711+0000] {processor.py:186} INFO - Started process (PID=1260) to work on /opt/airflow/dags/processor.py
[2026-07-12T13:10:51.712+0000] {processor.py:914} INFO - Processing file /opt/airflow/dags/processor.py for tasks to queue
[2026-07-12T13:10:51.715+0000] {logging_mixin.py:190} INFO - [2026-07-12T13:10:51.714+0000] {dagbag.py:587} INFO - Filling up the DagBag from /opt/airflow/dags/processor.py
[2026-07-12T13:10:51.731+0000] {processor.py:925} INFO - DAG(s) 'dag_isi_data_mart_testing' retrieved from /opt/airflow/dags/processor.py
[2026-07-12T13:10:51.767+0000] {logging_mixin.py:190} INFO - [2026-07-12T13:10:51.767+0000] {dag.py:3211} INFO - Sync 1 DAGs
[2026-07-12T13:10:51.783+0000] {logging_mixin.py:190} INFO - [2026-07-12T13:10:51.782+0000] {dag.py:4138} INFO - Setting next_dagrun for dag_isi_data_mart_testing to None, run_after=None
[2026-07-12T13:10:51.804+0000] {processor.py:208} INFO - Processing /opt/airflow/dags/processor.py took 0.099 seconds
[2026-07-12T13:11:22.033+0000] {processor.py:186} INFO - Started process (PID=1268) to work on /opt/airflow/dags/processor.py
[2026-07-12T13:11:22.034+0000] {processor.py:914} INFO - Processing file /opt/airflow/dags/processor.py for tasks to queue
[2026-07-12T13:11:22.036+0000] {logging_mixin.py:190} INFO - [2026-07-12T13:11:22.036+0000] {dagbag.py:587} INFO - Filling up the DagBag from /opt/airflow/dags/processor.py
[2026-07-12T13:11:22.054+0000] {processor.py:925} INFO - DAG(s) 'dag_isi_data_mart_testing' retrieved from /opt/airflow/dags/processor.py
[2026-07-12T13:11:22.094+0000] {logging_mixin.py:190} INFO - [2026-07-12T13:11:22.094+0000] {dag.py:3211} INFO - Sync 1 DAGs
[2026-07-12T13:11:22.110+0000] {logging_mixin.py:190} INFO - [2026-07-12T13:11:22.110+0000] {dag.py:4138} INFO - Setting next_dagrun for dag_isi_data_mart_testing to None, run_after=None
[2026-07-12T13:11:22.135+0000] {processor.py:208} INFO - Processing /opt/airflow/dags/processor.py took 0.108 seconds
[2026-07-12T13:11:52.476+0000] {processor.py:186} INFO - Started process (PID=1276) to work on /opt/airflow/dags/processor.py
[2026-07-12T13:11:52.478+0000] {processor.py:914} INFO - Processing file /opt/airflow/dags/processor.py for tasks to queue
[2026-07-12T13:11:52.480+0000] {logging_mixin.py:190} INFO - [2026-07-12T13:11:52.480+0000] {dagbag.py:587} INFO - Filling up the DagBag from /opt/airflow/dags/processor.py
[2026-07-12T13:11:52.498+0000] {processor.py:925} INFO - DAG(s) 'dag_isi_data_mart_testing' retrieved from /opt/airflow/dags/processor.py
[2026-07-12T13:11:52.538+0000] {logging_mixin.py:190} INFO - [2026-07-12T13:11:52.537+0000] {dag.py:3211} INFO - Sync 1 DAGs
[2026-07-12T13:11:52.552+0000] {logging_mixin.py:190} INFO - [2026-07-12T13:11:52.552+0000] {dag.py:4138} INFO - Setting next_dagrun for dag_isi_data_mart_testing to None, run_after=None
[2026-07-12T13:11:52.576+0000] {processor.py:208} INFO - Processing /opt/airflow/dags/processor.py took 0.106 seconds
[2026-07-12T13:12:22.808+0000] {processor.py:186} INFO - Started process (PID=1284) to work on /opt/airflow/dags/processor.py
[2026-07-12T13:12:22.809+0000] {processor.py:914} INFO - Processing file /opt/airflow/dags/processor.py for tasks to queue
[2026-07-12T13:12:22.812+0000] {logging_mixin.py:190} INFO - [2026-07-12T13:12:22.811+0000] {dagbag.py:587} INFO - Filling up the DagBag from /opt/airflow/dags/processor.py
[2026-07-12T13:12:22.830+0000] {processor.py:925} INFO - DAG(s) 'dag_isi_data_mart_testing' retrieved from /opt/airflow/dags/processor.py
[2026-07-12T13:12:22.867+0000] {logging_mixin.py:190} INFO - [2026-07-12T13:12:22.866+0000] {dag.py:3211} INFO - Sync 1 DAGs
[2026-07-12T13:12:22.881+0000] {logging_mixin.py:190} INFO - [2026-07-12T13:12:22.880+0000] {dag.py:4138} INFO - Setting next_dagrun for dag_isi_data_mart_testing to None, run_after=None
[2026-07-12T13:12:22.902+0000] {processor.py:208} INFO - Processing /opt/airflow/dags/processor.py took 0.100 seconds
[2026-07-12T13:12:53.213+0000] {processor.py:186} INFO - Started process (PID=1292) to work on /opt/airflow/dags/processor.py
[2026-07-12T13:12:53.214+0000] {processor.py:914} INFO - Processing file /opt/airflow/dags/processor.py for tasks to queue
[2026-07-12T13:12:53.217+0000] {logging_mixin.py:190} INFO - [2026-07-12T13:12:53.217+0000] {dagbag.py:587} INFO - Filling up the DagBag from /opt/airflow/dags/processor.py
[2026-07-12T13:12:53.234+0000] {processor.py:925} INFO - DAG(s) 'dag_isi_data_mart_testing' retrieved from /opt/airflow/dags/processor.py
[2026-07-12T13:12:53.273+0000] {logging_mixin.py:190} INFO - [2026-07-12T13:12:53.273+0000] {dag.py:3211} INFO - Sync 1 DAGs
[2026-07-12T13:12:53.287+0000] {logging_mixin.py:190} INFO - [2026-07-12T13:12:53.286+0000] {dag.py:4138} INFO - Setting next_dagrun for dag_isi_data_mart_testing to None, run_after=None
[2026-07-12T13:12:53.312+0000] {processor.py:208} INFO - Processing /opt/airflow/dags/processor.py took 0.106 seconds
[2026-07-12T13:13:23.546+0000] {processor.py:186} INFO - Started process (PID=1300) to work on /opt/airflow/dags/processor.py
[2026-07-12T13:13:23.546+0000] {processor.py:914} INFO - Processing file /opt/airflow/dags/processor.py for tasks to queue
[2026-07-12T13:13:23.549+0000] {logging_mixin.py:190} INFO - [2026-07-12T13:13:23.549+0000] {dagbag.py:587} INFO - Filling up the DagBag from /opt/airflow/dags/processor.py
[2026-07-12T13:13:23.566+0000] {processor.py:925} INFO - DAG(s) 'dag_isi_data_mart_testing' retrieved from /opt/airflow/dags/processor.py
[2026-07-12T13:13:23.604+0000] {logging_mixin.py:190} INFO - [2026-07-12T13:13:23.603+0000] {dag.py:3211} INFO - Sync 1 DAGs
[2026-07-12T13:13:23.618+0000] {logging_mixin.py:190} INFO - [2026-07-12T13:13:23.618+0000] {dag.py:4138} INFO - Setting next_dagrun for dag_isi_data_mart_testing to None, run_after=None
[2026-07-12T13:13:23.643+0000] {processor.py:208} INFO - Processing /opt/airflow/dags/processor.py took 0.103 seconds
[2026-07-12T13:13:53.979+0000] {processor.py:186} INFO - Started process (PID=1308) to work on /opt/airflow/dags/processor.py
[2026-07-12T13:13:53.980+0000] {processor.py:914} INFO - Processing file /opt/airflow/dags/processor.py for tasks to queue
[2026-07-12T13:13:53.983+0000] {logging_mixin.py:190} INFO - [2026-07-12T13:13:53.983+0000] {dagbag.py:587} INFO - Filling up the DagBag from /opt/airflow/dags/processor.py
[2026-07-12T13:13:53.999+0000] {processor.py:925} INFO - DAG(s) 'dag_isi_data_mart_testing' retrieved from /opt/airflow/dags/processor.py
[2026-07-12T13:13:54.038+0000] {logging_mixin.py:190} INFO - [2026-07-12T13:13:54.037+0000] {dag.py:3211} INFO - Sync 1 DAGs
[2026-07-12T13:13:54.052+0000] {logging_mixin.py:190} INFO - [2026-07-12T13:13:54.051+0000] {dag.py:4138} INFO - Setting next_dagrun for dag_isi_data_mart_testing to None, run_after=None
[2026-07-12T13:13:54.074+0000] {processor.py:208} INFO - Processing /opt/airflow/dags/processor.py took 0.101 seconds
[2026-07-12T13:14:24.304+0000] {processor.py:186} INFO - Started process (PID=1316) to work on /opt/airflow/dags/processor.py
[2026-07-12T13:14:24.305+0000] {processor.py:914} INFO - Processing file /opt/airflow/dags/processor.py for tasks to queue
[2026-07-12T13:14:24.308+0000] {logging_mixin.py:190} INFO - [2026-07-12T13:14:24.308+0000] {dagbag.py:587} INFO - Filling up the DagBag from /opt/airflow/dags/processor.py
[2026-07-12T13:14:24.325+0000] {processor.py:925} INFO - DAG(s) 'dag_isi_data_mart_testing' retrieved from /opt/airflow/dags/processor.py
[2026-07-12T13:14:24.363+0000] {logging_mixin.py:190} INFO - [2026-07-12T13:14:24.362+0000] {dag.py:3211} INFO - Sync 1 DAGs
[2026-07-12T13:14:24.377+0000] {logging_mixin.py:190} INFO - [2026-07-12T13:14:24.376+0000] {dag.py:4138} INFO - Setting next_dagrun for dag_isi_data_mart_testing to None, run_after=None
[2026-07-12T13:14:24.397+0000] {processor.py:208} INFO - Processing /opt/airflow/dags/processor.py took 0.100 seconds
[2026-07-12T13:14:54.675+0000] {processor.py:186} INFO - Started process (PID=1324) to work on /opt/airflow/dags/processor.py
[2026-07-12T13:14:54.677+0000] {processor.py:914} INFO - Processing file /opt/airflow/dags/processor.py for tasks to queue
[2026-07-12T13:14:54.679+0000] {logging_mixin.py:190} INFO - [2026-07-12T13:14:54.678+0000] {dagbag.py:587} INFO - Filling up the DagBag from /opt/airflow/dags/processor.py
[2026-07-12T13:14:54.696+0000] {processor.py:925} INFO - DAG(s) 'dag_isi_data_mart_testing' retrieved from /opt/airflow/dags/processor.py
[2026-07-12T13:14:54.734+0000] {logging_mixin.py:190} INFO - [2026-07-12T13:14:54.734+0000] {dag.py:3211} INFO - Sync 1 DAGs
[2026-07-12T13:14:54.748+0000] {logging_mixin.py:190} INFO - [2026-07-12T13:14:54.747+0000] {dag.py:4138} INFO - Setting next_dagrun for dag_isi_data_mart_testing to None, run_after=None
[2026-07-12T13:14:54.769+0000] {processor.py:208} INFO - Processing /opt/airflow/dags/processor.py took 0.101 seconds
[2026-07-12T13:15:25.007+0000] {processor.py:186} INFO - Started process (PID=1332) to work on /opt/airflow/dags/processor.py
[2026-07-12T13:15:25.008+0000] {processor.py:914} INFO - Processing file /opt/airflow/dags/processor.py for tasks to queue
[2026-07-12T13:15:25.010+0000] {logging_mixin.py:190} INFO - [2026-07-12T13:15:25.009+0000] {dagbag.py:587} INFO - Filling up the DagBag from /opt/airflow/dags/processor.py
[2026-07-12T13:15:25.026+0000] {processor.py:925} INFO - DAG(s) 'dag_isi_data_mart_testing' retrieved from /opt/airflow/dags/processor.py
[2026-07-12T13:15:25.064+0000] {logging_mixin.py:190} INFO - [2026-07-12T13:15:25.063+0000] {dag.py:3211} INFO - Sync 1 DAGs
[2026-07-12T13:15:25.078+0000] {logging_mixin.py:190} INFO - [2026-07-12T13:15:25.078+0000] {dag.py:4138} INFO - Setting next_dagrun for dag_isi_data_mart_testing to None, run_after=None
[2026-07-12T13:15:25.101+0000] {processor.py:208} INFO - Processing /opt/airflow/dags/processor.py took 0.101 seconds
[2026-07-12T13:15:55.472+0000] {processor.py:186} INFO - Started process (PID=1340) to work on /opt/airflow/dags/processor.py
[2026-07-12T13:15:55.473+0000] {processor.py:914} INFO - Processing file /opt/airflow/dags/processor.py for tasks to queue
[2026-07-12T13:15:55.476+0000] {logging_mixin.py:190} INFO - [2026-07-12T13:15:55.475+0000] {dagbag.py:587} INFO - Filling up the DagBag from /opt/airflow/dags/processor.py
[2026-07-12T13:15:55.493+0000] {processor.py:925} INFO - DAG(s) 'dag_isi_data_mart_testing' retrieved from /opt/airflow/dags/processor.py
[2026-07-12T13:15:55.530+0000] {logging_mixin.py:190} INFO - [2026-07-12T13:15:55.530+0000] {dag.py:3211} INFO - Sync 1 DAGs
[2026-07-12T13:15:55.545+0000] {logging_mixin.py:190} INFO - [2026-07-12T13:15:55.545+0000] {dag.py:4138} INFO - Setting next_dagrun for dag_isi_data_mart_testing to None, run_after=None
[2026-07-12T13:15:55.569+0000] {processor.py:208} INFO - Processing /opt/airflow/dags/processor.py took 0.102 seconds
[2026-07-12T13:16:25.804+0000] {processor.py:186} INFO - Started process (PID=1348) to work on /opt/airflow/dags/processor.py
[2026-07-12T13:16:25.805+0000] {processor.py:914} INFO - Processing file /opt/airflow/dags/processor.py for tasks to queue
[2026-07-12T13:16:25.807+0000] {logging_mixin.py:190} INFO - [2026-07-12T13:16:25.807+0000] {dagbag.py:587} INFO - Filling up the DagBag from /opt/airflow/dags/processor.py
[2026-07-12T13:16:25.822+0000] {processor.py:925} INFO - DAG(s) 'dag_isi_data_mart_testing' retrieved from /opt/airflow/dags/processor.py
[2026-07-12T13:16:25.857+0000] {logging_mixin.py:190} INFO - [2026-07-12T13:16:25.857+0000] {dag.py:3211} INFO - Sync 1 DAGs
[2026-07-12T13:16:25.872+0000] {logging_mixin.py:190} INFO - [2026-07-12T13:16:25.871+0000] {dag.py:4138} INFO - Setting next_dagrun for dag_isi_data_mart_testing to None, run_after=None
[2026-07-12T13:16:25.894+0000] {processor.py:208} INFO - Processing /opt/airflow/dags/processor.py took 0.095 seconds
[2026-07-12T13:16:56.239+0000] {processor.py:186} INFO - Started process (PID=1356) to work on /opt/airflow/dags/processor.py
[2026-07-12T13:16:56.240+0000] {processor.py:914} INFO - Processing file /opt/airflow/dags/processor.py for tasks to queue
[2026-07-12T13:16:56.243+0000] {logging_mixin.py:190} INFO - [2026-07-12T13:16:56.242+0000] {dagbag.py:587} INFO - Filling up the DagBag from /opt/airflow/dags/processor.py
[2026-07-12T13:16:56.259+0000] {processor.py:925} INFO - DAG(s) 'dag_isi_data_mart_testing' retrieved from /opt/airflow/dags/processor.py
[2026-07-12T13:16:56.297+0000] {logging_mixin.py:190} INFO - [2026-07-12T13:16:56.296+0000] {dag.py:3211} INFO - Sync 1 DAGs
[2026-07-12T13:16:56.312+0000] {logging_mixin.py:190} INFO - [2026-07-12T13:16:56.312+0000] {dag.py:4138} INFO - Setting next_dagrun for dag_isi_data_mart_testing to None, run_after=None
[2026-07-12T13:16:56.334+0000] {processor.py:208} INFO - Processing /opt/airflow/dags/processor.py took 0.100 seconds
[2026-07-12T13:17:26.580+0000] {processor.py:186} INFO - Started process (PID=1364) to work on /opt/airflow/dags/processor.py
[2026-07-12T13:17:26.580+0000] {processor.py:914} INFO - Processing file /opt/airflow/dags/processor.py for tasks to queue
[2026-07-12T13:17:26.583+0000] {logging_mixin.py:190} INFO - [2026-07-12T13:17:26.583+0000] {dagbag.py:587} INFO - Filling up the DagBag from /opt/airflow/dags/processor.py
[2026-07-12T13:17:26.600+0000] {processor.py:925} INFO - DAG(s) 'dag_isi_data_mart_testing' retrieved from /opt/airflow/dags/processor.py
[2026-07-12T13:17:26.637+0000] {logging_mixin.py:190} INFO - [2026-07-12T13:17:26.636+0000] {dag.py:3211} INFO - Sync 1 DAGs
[2026-07-12T13:17:26.651+0000] {logging_mixin.py:190} INFO - [2026-07-12T13:17:26.651+0000] {dag.py:4138} INFO - Setting next_dagrun for dag_isi_data_mart_testing to None, run_after=None
[2026-07-12T13:17:26.674+0000] {processor.py:208} INFO - Processing /opt/airflow/dags/processor.py took 0.101 seconds
[2026-07-12T13:17:56.951+0000] {processor.py:186} INFO - Started process (PID=1372) to work on /opt/airflow/dags/processor.py
[2026-07-12T13:17:56.953+0000] {processor.py:914} INFO - Processing file /opt/airflow/dags/processor.py for tasks to queue
[2026-07-12T13:17:56.956+0000] {logging_mixin.py:190} INFO - [2026-07-12T13:17:56.955+0000] {dagbag.py:587} INFO - Filling up the DagBag from /opt/airflow/dags/processor.py
[2026-07-12T13:17:56.973+0000] {processor.py:925} INFO - DAG(s) 'dag_isi_data_mart_testing' retrieved from /opt/airflow/dags/processor.py
[2026-07-12T13:17:57.012+0000] {logging_mixin.py:190} INFO - [2026-07-12T13:17:57.011+0000] {dag.py:3211} INFO - Sync 1 DAGs
[2026-07-12T13:17:57.027+0000] {logging_mixin.py:190} INFO - [2026-07-12T13:17:57.026+0000] {dag.py:4138} INFO - Setting next_dagrun for dag_isi_data_mart_testing to None, run_after=None
[2026-07-12T13:17:57.050+0000] {processor.py:208} INFO - Processing /opt/airflow/dags/processor.py took 0.105 seconds
[2026-07-12T13:18:27.282+0000] {processor.py:186} INFO - Started process (PID=1380) to work on /opt/airflow/dags/processor.py
[2026-07-12T13:18:27.283+0000] {processor.py:914} INFO - Processing file /opt/airflow/dags/processor.py for tasks to queue
[2026-07-12T13:18:27.286+0000] {logging_mixin.py:190} INFO - [2026-07-12T13:18:27.285+0000] {dagbag.py:587} INFO - Filling up the DagBag from /opt/airflow/dags/processor.py
[2026-07-12T13:18:27.302+0000] {processor.py:925} INFO - DAG(s) 'dag_isi_data_mart_testing' retrieved from /opt/airflow/dags/processor.py
[2026-07-12T13:18:27.340+0000] {logging_mixin.py:190} INFO - [2026-07-12T13:18:27.339+0000] {dag.py:3211} INFO - Sync 1 DAGs
[2026-07-12T13:18:27.355+0000] {logging_mixin.py:190} INFO - [2026-07-12T13:18:27.354+0000] {dag.py:4138} INFO - Setting next_dagrun for dag_isi_data_mart_testing to None, run_after=None
[2026-07-12T13:18:27.375+0000] {processor.py:208} INFO - Processing /opt/airflow/dags/processor.py took 0.098 seconds
[2026-07-12T13:18:57.711+0000] {processor.py:186} INFO - Started process (PID=1388) to work on /opt/airflow/dags/processor.py
[2026-07-12T13:18:57.712+0000] {processor.py:914} INFO - Processing file /opt/airflow/dags/processor.py for tasks to queue
[2026-07-12T13:18:57.714+0000] {logging_mixin.py:190} INFO - [2026-07-12T13:18:57.714+0000] {dagbag.py:587} INFO - Filling up the DagBag from /opt/airflow/dags/processor.py
[2026-07-12T13:18:57.730+0000] {processor.py:925} INFO - DAG(s) 'dag_isi_data_mart_testing' retrieved from /opt/airflow/dags/processor.py
[2026-07-12T13:18:57.766+0000] {logging_mixin.py:190} INFO - [2026-07-12T13:18:57.766+0000] {dag.py:3211} INFO - Sync 1 DAGs
[2026-07-12T13:18:57.780+0000] {logging_mixin.py:190} INFO - [2026-07-12T13:18:57.780+0000] {dag.py:4138} INFO - Setting next_dagrun for dag_isi_data_mart_testing to None, run_after=None
[2026-07-12T13:18:57.803+0000] {processor.py:208} INFO - Processing /opt/airflow/dags/processor.py took 0.099 seconds
[2026-07-12T13:19:28.047+0000] {processor.py:186} INFO - Started process (PID=1396) to work on /opt/airflow/dags/processor.py
[2026-07-12T13:19:28.048+0000] {processor.py:914} INFO - Processing file /opt/airflow/dags/processor.py for tasks to queue
[2026-07-12T13:19:28.051+0000] {logging_mixin.py:190} INFO - [2026-07-12T13:19:28.051+0000] {dagbag.py:587} INFO - Filling up the DagBag from /opt/airflow/dags/processor.py
[2026-07-12T13:19:28.078+0000] {processor.py:925} INFO - DAG(s) 'dag_isi_data_mart_testing' retrieved from /opt/airflow/dags/processor.py
[2026-07-12T13:19:28.136+0000] {logging_mixin.py:190} INFO - [2026-07-12T13:19:28.136+0000] {dag.py:3211} INFO - Sync 1 DAGs
[2026-07-12T13:19:28.166+0000] {logging_mixin.py:190} INFO - [2026-07-12T13:19:28.166+0000] {dag.py:4138} INFO - Setting next_dagrun for dag_isi_data_mart_testing to None, run_after=None
[2026-07-12T13:19:28.201+0000] {processor.py:208} INFO - Processing /opt/airflow/dags/processor.py took 0.165 seconds
[2026-07-12T13:19:58.448+0000] {processor.py:186} INFO - Started process (PID=1404) to work on /opt/airflow/dags/processor.py
[2026-07-12T13:19:58.449+0000] {processor.py:914} INFO - Processing file /opt/airflow/dags/processor.py for tasks to queue
[2026-07-12T13:19:58.452+0000] {logging_mixin.py:190} INFO - [2026-07-12T13:19:58.452+0000] {dagbag.py:587} INFO - Filling up the DagBag from /opt/airflow/dags/processor.py
[2026-07-12T13:19:58.469+0000] {processor.py:925} INFO - DAG(s) 'dag_isi_data_mart_testing' retrieved from /opt/airflow/dags/processor.py
[2026-07-12T13:19:58.508+0000] {logging_mixin.py:190} INFO - [2026-07-12T13:19:58.507+0000] {dag.py:3211} INFO - Sync 1 DAGs
[2026-07-12T13:19:58.522+0000] {logging_mixin.py:190} INFO - [2026-07-12T13:19:58.521+0000] {dag.py:4138} INFO - Setting next_dagrun for dag_isi_data_mart_testing to None, run_after=None
[2026-07-12T13:19:58.545+0000] {processor.py:208} INFO - Processing /opt/airflow/dags/processor.py took 0.103 seconds
[2026-07-12T13:20:28.858+0000] {processor.py:186} INFO - Started process (PID=1412) to work on /opt/airflow/dags/processor.py
[2026-07-12T13:20:28.858+0000] {processor.py:914} INFO - Processing file /opt/airflow/dags/processor.py for tasks to queue
[2026-07-12T13:20:28.861+0000] {logging_mixin.py:190} INFO - [2026-07-12T13:20:28.860+0000] {dagbag.py:587} INFO - Filling up the DagBag from /opt/airflow/dags/processor.py
[2026-07-12T13:20:28.877+0000] {processor.py:925} INFO - DAG(s) 'dag_isi_data_mart_testing' retrieved from /opt/airflow/dags/processor.py
[2026-07-12T13:20:28.914+0000] {logging_mixin.py:190} INFO - [2026-07-12T13:20:28.913+0000] {dag.py:3211} INFO - Sync 1 DAGs
[2026-07-12T13:20:28.927+0000] {logging_mixin.py:190} INFO - [2026-07-12T13:20:28.927+0000] {dag.py:4138} INFO - Setting next_dagrun for dag_isi_data_mart_testing to None, run_after=None
[2026-07-12T13:20:28.949+0000] {processor.py:208} INFO - Processing /opt/airflow/dags/processor.py took 0.098 seconds
[2026-07-12T13:20:59.769+0000] {processor.py:186} INFO - Started process (PID=1420) to work on /opt/airflow/dags/processor.py
[2026-07-12T13:20:59.771+0000] {processor.py:914} INFO - Processing file /opt/airflow/dags/processor.py for tasks to queue
[2026-07-12T13:20:59.774+0000] {logging_mixin.py:190} INFO - [2026-07-12T13:20:59.774+0000] {dagbag.py:587} INFO - Filling up the DagBag from /opt/airflow/dags/processor.py
[2026-07-12T13:20:59.793+0000] {processor.py:925} INFO - DAG(s) 'dag_isi_data_mart_testing' retrieved from /opt/airflow/dags/processor.py
[2026-07-12T13:20:59.835+0000] {logging_mixin.py:190} INFO - [2026-07-12T13:20:59.835+0000] {dag.py:3211} INFO - Sync 1 DAGs
[2026-07-12T13:20:59.852+0000] {logging_mixin.py:190} INFO - [2026-07-12T13:20:59.852+0000] {dag.py:4138} INFO - Setting next_dagrun for dag_isi_data_mart_testing to None, run_after=None
[2026-07-12T13:20:59.878+0000] {processor.py:208} INFO - Processing /opt/airflow/dags/processor.py took 0.115 seconds
[2026-07-12T13:21:30.100+0000] {processor.py:186} INFO - Started process (PID=1428) to work on /opt/airflow/dags/processor.py
[2026-07-12T13:21:30.101+0000] {processor.py:914} INFO - Processing file /opt/airflow/dags/processor.py for tasks to queue
[2026-07-12T13:21:30.104+0000] {logging_mixin.py:190} INFO - [2026-07-12T13:21:30.103+0000] {dagbag.py:587} INFO - Filling up the DagBag from /opt/airflow/dags/processor.py
[2026-07-12T13:21:30.120+0000] {processor.py:925} INFO - DAG(s) 'dag_isi_data_mart_testing' retrieved from /opt/airflow/dags/processor.py
[2026-07-12T13:21:30.158+0000] {logging_mixin.py:190} INFO - [2026-07-12T13:21:30.157+0000] {dag.py:3211} INFO - Sync 1 DAGs
[2026-07-12T13:21:30.172+0000] {logging_mixin.py:190} INFO - [2026-07-12T13:21:30.171+0000] {dag.py:4138} INFO - Setting next_dagrun for dag_isi_data_mart_testing to None, run_after=None
[2026-07-12T13:21:30.194+0000] {processor.py:208} INFO - Processing /opt/airflow/dags/processor.py took 0.100 seconds
[2026-07-12T13:22:00.539+0000] {processor.py:186} INFO - Started process (PID=1436) to work on /opt/airflow/dags/processor.py
[2026-07-12T13:22:00.540+0000] {processor.py:914} INFO - Processing file /opt/airflow/dags/processor.py for tasks to queue
[2026-07-12T13:22:00.543+0000] {logging_mixin.py:190} INFO - [2026-07-12T13:22:00.543+0000] {dagbag.py:587} INFO - Filling up the DagBag from /opt/airflow/dags/processor.py
[2026-07-12T13:22:00.560+0000] {processor.py:925} INFO - DAG(s) 'dag_isi_data_mart_testing' retrieved from /opt/airflow/dags/processor.py
[2026-07-12T13:22:00.598+0000] {logging_mixin.py:190} INFO - [2026-07-12T13:22:00.598+0000] {dag.py:3211} INFO - Sync 1 DAGs
[2026-07-12T13:22:00.613+0000] {logging_mixin.py:190} INFO - [2026-07-12T13:22:00.613+0000] {dag.py:4138} INFO - Setting next_dagrun for dag_isi_data_mart_testing to None, run_after=None
[2026-07-12T13:22:00.636+0000] {processor.py:208} INFO - Processing /opt/airflow/dags/processor.py took 0.102 seconds
[2026-07-12T13:22:30.982+0000] {processor.py:186} INFO - Started process (PID=1444) to work on /opt/airflow/dags/processor.py
[2026-07-12T13:22:30.983+0000] {processor.py:914} INFO - Processing file /opt/airflow/dags/processor.py for tasks to queue
[2026-07-12T13:22:30.985+0000] {logging_mixin.py:190} INFO - [2026-07-12T13:22:30.985+0000] {dagbag.py:587} INFO - Filling up the DagBag from /opt/airflow/dags/processor.py
[2026-07-12T13:22:31.002+0000] {processor.py:925} INFO - DAG(s) 'dag_isi_data_mart_testing' retrieved from /opt/airflow/dags/processor.py
[2026-07-12T13:22:31.040+0000] {logging_mixin.py:190} INFO - [2026-07-12T13:22:31.040+0000] {dag.py:3211} INFO - Sync 1 DAGs
[2026-07-12T13:22:31.054+0000] {logging_mixin.py:190} INFO - [2026-07-12T13:22:31.054+0000] {dag.py:4138} INFO - Setting next_dagrun for dag_isi_data_mart_testing to None, run_after=None
[2026-07-12T13:22:31.078+0000] {processor.py:208} INFO - Processing /opt/airflow/dags/processor.py took 0.103 seconds
[2026-07-12T13:23:01.413+0000] {processor.py:186} INFO - Started process (PID=1452) to work on /opt/airflow/dags/processor.py
[2026-07-12T13:23:01.414+0000] {processor.py:914} INFO - Processing file /opt/airflow/dags/processor.py for tasks to queue
[2026-07-12T13:23:01.416+0000] {logging_mixin.py:190} INFO - [2026-07-12T13:23:01.416+0000] {dagbag.py:587} INFO - Filling up the DagBag from /opt/airflow/dags/processor.py
[2026-07-12T13:23:01.433+0000] {processor.py:925} INFO - DAG(s) 'dag_isi_data_mart_testing' retrieved from /opt/airflow/dags/processor.py
[2026-07-12T13:23:01.472+0000] {logging_mixin.py:190} INFO - [2026-07-12T13:23:01.472+0000] {dag.py:3211} INFO - Sync 1 DAGs
[2026-07-12T13:23:01.488+0000] {logging_mixin.py:190} INFO - [2026-07-12T13:23:01.487+0000] {dag.py:4138} INFO - Setting next_dagrun for dag_isi_data_mart_testing to None, run_after=None
[2026-07-12T13:23:01.513+0000] {processor.py:208} INFO - Processing /opt/airflow/dags/processor.py took 0.107 seconds
[2026-07-12T13:23:31.750+0000] {processor.py:186} INFO - Started process (PID=1460) to work on /opt/airflow/dags/processor.py
[2026-07-12T13:23:31.751+0000] {processor.py:914} INFO - Processing file /opt/airflow/dags/processor.py for tasks to queue
[2026-07-12T13:23:31.753+0000] {logging_mixin.py:190} INFO - [2026-07-12T13:23:31.753+0000] {dagbag.py:587} INFO - Filling up the DagBag from /opt/airflow/dags/processor.py
[2026-07-12T13:23:31.770+0000] {processor.py:925} INFO - DAG(s) 'dag_isi_data_mart_testing' retrieved from /opt/airflow/dags/processor.py
[2026-07-12T13:23:31.810+0000] {logging_mixin.py:190} INFO - [2026-07-12T13:23:31.810+0000] {dag.py:3211} INFO - Sync 1 DAGs
[2026-07-12T13:23:31.825+0000] {logging_mixin.py:190} INFO - [2026-07-12T13:23:31.825+0000] {dag.py:4138} INFO - Setting next_dagrun for dag_isi_data_mart_testing to None, run_after=None
[2026-07-12T13:23:31.851+0000] {processor.py:208} INFO - Processing /opt/airflow/dags/processor.py took 0.108 seconds
[2026-07-12T13:24:02.154+0000] {processor.py:186} INFO - Started process (PID=1468) to work on /opt/airflow/dags/processor.py
[2026-07-12T13:24:02.155+0000] {processor.py:914} INFO - Processing file /opt/airflow/dags/processor.py for tasks to queue
[2026-07-12T13:24:02.158+0000] {logging_mixin.py:190} INFO - [2026-07-12T13:24:02.157+0000] {dagbag.py:587} INFO - Filling up the DagBag from /opt/airflow/dags/processor.py
[2026-07-12T13:24:02.176+0000] {processor.py:925} INFO - DAG(s) 'dag_isi_data_mart_testing' retrieved from /opt/airflow/dags/processor.py
[2026-07-12T13:24:02.215+0000] {logging_mixin.py:190} INFO - [2026-07-12T13:24:02.215+0000] {dag.py:3211} INFO - Sync 1 DAGs
[2026-07-12T13:24:02.230+0000] {logging_mixin.py:190} INFO - [2026-07-12T13:24:02.229+0000] {dag.py:4138} INFO - Setting next_dagrun for dag_isi_data_mart_testing to None, run_after=None
[2026-07-12T13:24:02.253+0000] {processor.py:208} INFO - Processing /opt/airflow/dags/processor.py took 0.104 seconds
[2026-07-12T13:24:32.503+0000] {processor.py:186} INFO - Started process (PID=1476) to work on /opt/airflow/dags/processor.py
[2026-07-12T13:24:32.504+0000] {processor.py:914} INFO - Processing file /opt/airflow/dags/processor.py for tasks to queue
[2026-07-12T13:24:32.507+0000] {logging_mixin.py:190} INFO - [2026-07-12T13:24:32.506+0000] {dagbag.py:587} INFO - Filling up the DagBag from /opt/airflow/dags/processor.py
[2026-07-12T13:24:32.524+0000] {processor.py:925} INFO - DAG(s) 'dag_isi_data_mart_testing' retrieved from /opt/airflow/dags/processor.py
[2026-07-12T13:24:32.561+0000] {logging_mixin.py:190} INFO - [2026-07-12T13:24:32.561+0000] {dag.py:3211} INFO - Sync 1 DAGs
[2026-07-12T13:24:32.576+0000] {logging_mixin.py:190} INFO - [2026-07-12T13:24:32.576+0000] {dag.py:4138} INFO - Setting next_dagrun for dag_isi_data_mart_testing to None, run_after=None
[2026-07-12T13:24:32.599+0000] {processor.py:208} INFO - Processing /opt/airflow/dags/processor.py took 0.104 seconds
[2026-07-12T13:25:02.937+0000] {processor.py:186} INFO - Started process (PID=1484) to work on /opt/airflow/dags/processor.py
[2026-07-12T13:25:02.938+0000] {processor.py:914} INFO - Processing file /opt/airflow/dags/processor.py for tasks to queue
[2026-07-12T13:25:02.941+0000] {logging_mixin.py:190} INFO - [2026-07-12T13:25:02.940+0000] {dagbag.py:587} INFO - Filling up the DagBag from /opt/airflow/dags/processor.py
[2026-07-12T13:25:02.958+0000] {processor.py:925} INFO - DAG(s) 'dag_isi_data_mart_testing' retrieved from /opt/airflow/dags/processor.py
[2026-07-12T13:25:02.994+0000] {logging_mixin.py:190} INFO - [2026-07-12T13:25:02.994+0000] {dag.py:3211} INFO - Sync 1 DAGs
[2026-07-12T13:25:03.009+0000] {logging_mixin.py:190} INFO - [2026-07-12T13:25:03.009+0000] {dag.py:4138} INFO - Setting next_dagrun for dag_isi_data_mart_testing to None, run_after=None
[2026-07-12T13:25:03.034+0000] {processor.py:208} INFO - Processing /opt/airflow/dags/processor.py took 0.103 seconds
[2026-07-12T13:25:33.381+0000] {processor.py:186} INFO - Started process (PID=1492) to work on /opt/airflow/dags/processor.py
[2026-07-12T13:25:33.381+0000] {processor.py:914} INFO - Processing file /opt/airflow/dags/processor.py for tasks to queue
[2026-07-12T13:25:33.384+0000] {logging_mixin.py:190} INFO - [2026-07-12T13:25:33.384+0000] {dagbag.py:587} INFO - Filling up the DagBag from /opt/airflow/dags/processor.py
[2026-07-12T13:25:33.401+0000] {processor.py:925} INFO - DAG(s) 'dag_isi_data_mart_testing' retrieved from /opt/airflow/dags/processor.py
[2026-07-12T13:25:33.440+0000] {logging_mixin.py:190} INFO - [2026-07-12T13:25:33.440+0000] {dag.py:3211} INFO - Sync 1 DAGs
[2026-07-12T13:25:33.458+0000] {logging_mixin.py:190} INFO - [2026-07-12T13:25:33.457+0000] {dag.py:4138} INFO - Setting next_dagrun for dag_isi_data_mart_testing to None, run_after=None
[2026-07-12T13:25:33.484+0000] {processor.py:208} INFO - Processing /opt/airflow/dags/processor.py took 0.111 seconds
[2026-07-12T13:26:03.873+0000] {processor.py:186} INFO - Started process (PID=1500) to work on /opt/airflow/dags/processor.py
[2026-07-12T13:26:03.874+0000] {processor.py:914} INFO - Processing file /opt/airflow/dags/processor.py for tasks to queue
[2026-07-12T13:26:03.878+0000] {logging_mixin.py:190} INFO - [2026-07-12T13:26:03.877+0000] {dagbag.py:587} INFO - Filling up the DagBag from /opt/airflow/dags/processor.py
[2026-07-12T13:26:03.895+0000] {processor.py:925} INFO - DAG(s) 'dag_isi_data_mart_testing' retrieved from /opt/airflow/dags/processor.py
[2026-07-12T13:26:03.934+0000] {logging_mixin.py:190} INFO - [2026-07-12T13:26:03.933+0000] {dag.py:3211} INFO - Sync 1 DAGs
[2026-07-12T13:26:03.951+0000] {logging_mixin.py:190} INFO - [2026-07-12T13:26:03.950+0000] {dag.py:4138} INFO - Setting next_dagrun for dag_isi_data_mart_testing to None, run_after=None
[2026-07-12T13:26:03.975+0000] {processor.py:208} INFO - Processing /opt/airflow/dags/processor.py took 0.108 seconds
[2026-07-12T13:26:34.210+0000] {processor.py:186} INFO - Started process (PID=1508) to work on /opt/airflow/dags/processor.py
[2026-07-12T13:26:34.211+0000] {processor.py:914} INFO - Processing file /opt/airflow/dags/processor.py for tasks to queue
[2026-07-12T13:26:34.214+0000] {logging_mixin.py:190} INFO - [2026-07-12T13:26:34.213+0000] {dagbag.py:587} INFO - Filling up the DagBag from /opt/airflow/dags/processor.py
[2026-07-12T13:26:34.230+0000] {processor.py:925} INFO - DAG(s) 'dag_isi_data_mart_testing' retrieved from /opt/airflow/dags/processor.py
[2026-07-12T13:26:34.269+0000] {logging_mixin.py:190} INFO - [2026-07-12T13:26:34.269+0000] {dag.py:3211} INFO - Sync 1 DAGs
[2026-07-12T13:26:34.284+0000] {logging_mixin.py:190} INFO - [2026-07-12T13:26:34.284+0000] {dag.py:4138} INFO - Setting next_dagrun for dag_isi_data_mart_testing to None, run_after=None
[2026-07-12T13:26:34.307+0000] {processor.py:208} INFO - Processing /opt/airflow/dags/processor.py took 0.103 seconds
[2026-07-12T13:27:04.654+0000] {processor.py:186} INFO - Started process (PID=1517) to work on /opt/airflow/dags/processor.py
[2026-07-12T13:27:04.655+0000] {processor.py:914} INFO - Processing file /opt/airflow/dags/processor.py for tasks to queue
[2026-07-12T13:27:04.657+0000] {logging_mixin.py:190} INFO - [2026-07-12T13:27:04.657+0000] {dagbag.py:587} INFO - Filling up the DagBag from /opt/airflow/dags/processor.py
[2026-07-12T13:27:04.673+0000] {processor.py:925} INFO - DAG(s) 'dag_isi_data_mart_testing' retrieved from /opt/airflow/dags/processor.py
[2026-07-12T13:27:04.711+0000] {logging_mixin.py:190} INFO - [2026-07-12T13:27:04.711+0000] {dag.py:3211} INFO - Sync 1 DAGs
[2026-07-12T13:27:04.725+0000] {logging_mixin.py:190} INFO - [2026-07-12T13:27:04.725+0000] {dag.py:4138} INFO - Setting next_dagrun for dag_isi_data_mart_testing to None, run_after=None
[2026-07-12T13:27:04.751+0000] {processor.py:208} INFO - Processing /opt/airflow/dags/processor.py took 0.104 seconds
[2026-07-12T13:27:35.091+0000] {processor.py:186} INFO - Started process (PID=1525) to work on /opt/airflow/dags/processor.py
[2026-07-12T13:27:35.092+0000] {processor.py:914} INFO - Processing file /opt/airflow/dags/processor.py for tasks to queue
[2026-07-12T13:27:35.095+0000] {logging_mixin.py:190} INFO - [2026-07-12T13:27:35.095+0000] {dagbag.py:587} INFO - Filling up the DagBag from /opt/airflow/dags/processor.py
[2026-07-12T13:27:35.117+0000] {processor.py:925} INFO - DAG(s) 'dag_isi_data_mart_testing' retrieved from /opt/airflow/dags/processor.py
[2026-07-12T13:27:35.161+0000] {logging_mixin.py:190} INFO - [2026-07-12T13:27:35.161+0000] {dag.py:3211} INFO - Sync 1 DAGs
[2026-07-12T13:27:35.178+0000] {logging_mixin.py:190} INFO - [2026-07-12T13:27:35.177+0000] {dag.py:4138} INFO - Setting next_dagrun for dag_isi_data_mart_testing to None, run_after=None
[2026-07-12T13:27:35.203+0000] {processor.py:208} INFO - Processing /opt/airflow/dags/processor.py took 0.119 seconds
[2026-07-12T13:28:05.422+0000] {processor.py:186} INFO - Started process (PID=1539) to work on /opt/airflow/dags/processor.py
[2026-07-12T13:28:05.425+0000] {processor.py:914} INFO - Processing file /opt/airflow/dags/processor.py for tasks to queue
[2026-07-12T13:28:05.430+0000] {logging_mixin.py:190} INFO - [2026-07-12T13:28:05.430+0000] {dagbag.py:587} INFO - Filling up the DagBag from /opt/airflow/dags/processor.py
[2026-07-12T13:28:05.452+0000] {processor.py:925} INFO - DAG(s) 'dag_isi_data_mart_testing' retrieved from /opt/airflow/dags/processor.py
[2026-07-12T13:28:05.498+0000] {logging_mixin.py:190} INFO - [2026-07-12T13:28:05.498+0000] {dag.py:3211} INFO - Sync 1 DAGs
[2026-07-12T13:28:05.515+0000] {logging_mixin.py:190} INFO - [2026-07-12T13:28:05.514+0000] {dag.py:4138} INFO - Setting next_dagrun for dag_isi_data_mart_testing to None, run_after=None
[2026-07-12T13:28:05.540+0000] {processor.py:208} INFO - Processing /opt/airflow/dags/processor.py took 0.124 seconds
[2026-07-12T13:28:35.885+0000] {processor.py:186} INFO - Started process (PID=1547) to work on /opt/airflow/dags/processor.py
[2026-07-12T13:28:35.888+0000] {processor.py:914} INFO - Processing file /opt/airflow/dags/processor.py for tasks to queue
[2026-07-12T13:28:35.891+0000] {logging_mixin.py:190} INFO - [2026-07-12T13:28:35.891+0000] {dagbag.py:587} INFO - Filling up the DagBag from /opt/airflow/dags/processor.py
[2026-07-12T13:28:35.918+0000] {processor.py:925} INFO - DAG(s) 'dag_isi_data_mart_testing' retrieved from /opt/airflow/dags/processor.py
[2026-07-12T13:28:35.964+0000] {logging_mixin.py:190} INFO - [2026-07-12T13:28:35.963+0000] {dag.py:3211} INFO - Sync 1 DAGs
[2026-07-12T13:28:35.981+0000] {logging_mixin.py:190} INFO - [2026-07-12T13:28:35.981+0000] {dag.py:4138} INFO - Setting next_dagrun for dag_isi_data_mart_testing to None, run_after=None
[2026-07-12T13:28:36.009+0000] {processor.py:208} INFO - Processing /opt/airflow/dags/processor.py took 0.134 seconds
[2026-07-12T13:29:06.360+0000] {processor.py:186} INFO - Started process (PID=1555) to work on /opt/airflow/dags/processor.py
[2026-07-12T13:29:06.361+0000] {processor.py:914} INFO - Processing file /opt/airflow/dags/processor.py for tasks to queue
[2026-07-12T13:29:06.364+0000] {logging_mixin.py:190} INFO - [2026-07-12T13:29:06.363+0000] {dagbag.py:587} INFO - Filling up the DagBag from /opt/airflow/dags/processor.py
[2026-07-12T13:29:06.380+0000] {processor.py:925} INFO - DAG(s) 'dag_isi_data_mart_testing' retrieved from /opt/airflow/dags/processor.py
[2026-07-12T13:29:06.417+0000] {logging_mixin.py:190} INFO - [2026-07-12T13:29:06.417+0000] {dag.py:3211} INFO - Sync 1 DAGs
[2026-07-12T13:29:06.431+0000] {logging_mixin.py:190} INFO - [2026-07-12T13:29:06.430+0000] {dag.py:4138} INFO - Setting next_dagrun for dag_isi_data_mart_testing to None, run_after=None
[2026-07-12T13:29:06.454+0000] {processor.py:208} INFO - Processing /opt/airflow/dags/processor.py took 0.101 seconds
[2026-07-12T13:29:36.795+0000] {processor.py:186} INFO - Started process (PID=1562) to work on /opt/airflow/dags/processor.py
[2026-07-12T13:29:36.797+0000] {processor.py:914} INFO - Processing file /opt/airflow/dags/processor.py for tasks to queue
[2026-07-12T13:29:36.800+0000] {logging_mixin.py:190} INFO - [2026-07-12T13:29:36.799+0000] {dagbag.py:587} INFO - Filling up the DagBag from /opt/airflow/dags/processor.py
[2026-07-12T13:29:36.816+0000] {processor.py:925} INFO - DAG(s) 'dag_isi_data_mart_testing' retrieved from /opt/airflow/dags/processor.py
[2026-07-12T13:29:36.857+0000] {logging_mixin.py:190} INFO - [2026-07-12T13:29:36.857+0000] {dag.py:3211} INFO - Sync 1 DAGs
[2026-07-12T13:29:36.872+0000] {logging_mixin.py:190} INFO - [2026-07-12T13:29:36.872+0000] {dag.py:4138} INFO - Setting next_dagrun for dag_isi_data_mart_testing to None, run_after=None
[2026-07-12T13:29:36.897+0000] {processor.py:208} INFO - Processing /opt/airflow/dags/processor.py took 0.107 seconds
[2026-07-12T13:30:07.149+0000] {processor.py:186} INFO - Started process (PID=1570) to work on /opt/airflow/dags/processor.py
[2026-07-12T13:30:07.150+0000] {processor.py:914} INFO - Processing file /opt/airflow/dags/processor.py for tasks to queue
[2026-07-12T13:30:07.154+0000] {logging_mixin.py:190} INFO - [2026-07-12T13:30:07.153+0000] {dagbag.py:587} INFO - Filling up the DagBag from /opt/airflow/dags/processor.py
[2026-07-12T13:30:07.174+0000] {processor.py:925} INFO - DAG(s) 'dag_isi_data_mart_testing' retrieved from /opt/airflow/dags/processor.py
[2026-07-12T13:30:07.221+0000] {logging_mixin.py:190} INFO - [2026-07-12T13:30:07.221+0000] {dag.py:3211} INFO - Sync 1 DAGs
[2026-07-12T13:30:07.238+0000] {logging_mixin.py:190} INFO - [2026-07-12T13:30:07.238+0000] {dag.py:4138} INFO - Setting next_dagrun for dag_isi_data_mart_testing to None, run_after=None
[2026-07-12T13:30:07.267+0000] {processor.py:208} INFO - Processing /opt/airflow/dags/processor.py took 0.125 seconds
[2026-07-12T13:31:19.105+0000] {processor.py:186} INFO - Started process (PID=34) to work on /opt/airflow/dags/processor.py
[2026-07-12T13:31:19.107+0000] {processor.py:914} INFO - Processing file /opt/airflow/dags/processor.py for tasks to queue
[2026-07-12T13:31:19.109+0000] {logging_mixin.py:190} INFO - [2026-07-12T13:31:19.109+0000] {dagbag.py:587} INFO - Filling up the DagBag from /opt/airflow/dags/processor.py
[2026-07-12T13:31:19.131+0000] {processor.py:925} INFO - DAG(s) 'dag_isi_data_mart_testing' retrieved from /opt/airflow/dags/processor.py
[2026-07-12T13:31:19.178+0000] {logging_mixin.py:190} INFO - [2026-07-12T13:31:19.178+0000] {dag.py:3211} INFO - Sync 1 DAGs
[2026-07-12T13:31:19.201+0000] {logging_mixin.py:190} INFO - [2026-07-12T13:31:19.201+0000] {dag.py:4138} INFO - Setting next_dagrun for dag_isi_data_mart_testing to None, run_after=None
[2026-07-12T13:31:19.231+0000] {processor.py:208} INFO - Processing /opt/airflow/dags/processor.py took 0.133 seconds
[2026-07-12T13:31:49.448+0000] {processor.py:186} INFO - Started process (PID=42) to work on /opt/airflow/dags/processor.py
[2026-07-12T13:31:49.450+0000] {processor.py:914} INFO - Processing file /opt/airflow/dags/processor.py for tasks to queue
[2026-07-12T13:31:49.452+0000] {logging_mixin.py:190} INFO - [2026-07-12T13:31:49.452+0000] {dagbag.py:587} INFO - Filling up the DagBag from /opt/airflow/dags/processor.py
[2026-07-12T13:31:49.469+0000] {processor.py:925} INFO - DAG(s) 'dag_isi_data_mart_testing' retrieved from /opt/airflow/dags/processor.py
[2026-07-12T13:31:49.505+0000] {logging_mixin.py:190} INFO - [2026-07-12T13:31:49.504+0000] {dag.py:3211} INFO - Sync 1 DAGs
[2026-07-12T13:31:49.518+0000] {logging_mixin.py:190} INFO - [2026-07-12T13:31:49.518+0000] {dag.py:4138} INFO - Setting next_dagrun for dag_isi_data_mart_testing to None, run_after=None
[2026-07-12T13:31:49.540+0000] {processor.py:208} INFO - Processing /opt/airflow/dags/processor.py took 0.097 seconds
[2026-07-12T13:32:19.852+0000] {processor.py:186} INFO - Started process (PID=50) to work on /opt/airflow/dags/processor.py
[2026-07-12T13:32:19.853+0000] {processor.py:914} INFO - Processing file /opt/airflow/dags/processor.py for tasks to queue
[2026-07-12T13:32:19.855+0000] {logging_mixin.py:190} INFO - [2026-07-12T13:32:19.855+0000] {dagbag.py:587} INFO - Filling up the DagBag from /opt/airflow/dags/processor.py
[2026-07-12T13:32:19.871+0000] {processor.py:925} INFO - DAG(s) 'dag_isi_data_mart_testing' retrieved from /opt/airflow/dags/processor.py
[2026-07-12T13:32:19.906+0000] {logging_mixin.py:190} INFO - [2026-07-12T13:32:19.906+0000] {dag.py:3211} INFO - Sync 1 DAGs
[2026-07-12T13:32:19.927+0000] {logging_mixin.py:190} INFO - [2026-07-12T13:32:19.927+0000] {dag.py:4138} INFO - Setting next_dagrun for dag_isi_data_mart_testing to None, run_after=None
[2026-07-12T13:32:19.962+0000] {processor.py:208} INFO - Processing /opt/airflow/dags/processor.py took 0.116 seconds
[2026-07-12T13:32:50.316+0000] {processor.py:186} INFO - Started process (PID=58) to work on /opt/airflow/dags/processor.py
[2026-07-12T13:32:50.320+0000] {processor.py:914} INFO - Processing file /opt/airflow/dags/processor.py for tasks to queue
[2026-07-12T13:32:50.334+0000] {logging_mixin.py:190} INFO - [2026-07-12T13:32:50.332+0000] {dagbag.py:587} INFO - Filling up the DagBag from /opt/airflow/dags/processor.py
[2026-07-12T13:32:50.406+0000] {processor.py:925} INFO - DAG(s) 'dag_isi_data_mart_testing' retrieved from /opt/airflow/dags/processor.py
[2026-07-12T13:32:50.503+0000] {logging_mixin.py:190} INFO - [2026-07-12T13:32:50.502+0000] {dag.py:3211} INFO - Sync 1 DAGs
[2026-07-12T13:32:50.539+0000] {logging_mixin.py:190} INFO - [2026-07-12T13:32:50.538+0000] {dag.py:4138} INFO - Setting next_dagrun for dag_isi_data_mart_testing to None, run_after=None
[2026-07-12T13:32:50.578+0000] {processor.py:208} INFO - Processing /opt/airflow/dags/processor.py took 0.287 seconds
[2026-07-12T13:33:20.633+0000] {processor.py:186} INFO - Started process (PID=66) to work on /opt/airflow/dags/processor.py
[2026-07-12T13:33:20.634+0000] {processor.py:914} INFO - Processing file /opt/airflow/dags/processor.py for tasks to queue
[2026-07-12T13:33:20.636+0000] {logging_mixin.py:190} INFO - [2026-07-12T13:33:20.636+0000] {dagbag.py:587} INFO - Filling up the DagBag from /opt/airflow/dags/processor.py
[2026-07-12T13:33:20.662+0000] {processor.py:925} INFO - DAG(s) 'dag_isi_data_mart_testing' retrieved from /opt/airflow/dags/processor.py
[2026-07-12T13:33:20.727+0000] {logging_mixin.py:190} INFO - [2026-07-12T13:33:20.726+0000] {dag.py:3211} INFO - Sync 1 DAGs
[2026-07-12T13:33:20.750+0000] {logging_mixin.py:190} INFO - [2026-07-12T13:33:20.749+0000] {dag.py:4138} INFO - Setting next_dagrun for dag_isi_data_mart_testing to None, run_after=None
[2026-07-12T13:33:21.207+0000] {processor.py:208} INFO - Processing /opt/airflow/dags/processor.py took 0.579 seconds
[2026-07-12T13:33:51.531+0000] {processor.py:186} INFO - Started process (PID=74) to work on /opt/airflow/dags/processor.py
[2026-07-12T13:33:51.532+0000] {processor.py:914} INFO - Processing file /opt/airflow/dags/processor.py for tasks to queue
[2026-07-12T13:33:51.534+0000] {logging_mixin.py:190} INFO - [2026-07-12T13:33:51.533+0000] {dagbag.py:587} INFO - Filling up the DagBag from /opt/airflow/dags/processor.py
[2026-07-12T13:33:51.550+0000] {processor.py:925} INFO - DAG(s) 'dag_isi_data_mart_testing' retrieved from /opt/airflow/dags/processor.py
[2026-07-12T13:33:51.588+0000] {logging_mixin.py:190} INFO - [2026-07-12T13:33:51.588+0000] {dag.py:3211} INFO - Sync 1 DAGs
[2026-07-12T13:33:51.804+0000] {logging_mixin.py:190} INFO - [2026-07-12T13:33:51.804+0000] {dag.py:4138} INFO - Setting next_dagrun for dag_isi_data_mart_testing to None, run_after=None
[2026-07-12T13:33:51.829+0000] {processor.py:208} INFO - Processing /opt/airflow/dags/processor.py took 0.305 seconds
[2026-07-12T13:34:22.182+0000] {processor.py:186} INFO - Started process (PID=82) to work on /opt/airflow/dags/processor.py
[2026-07-12T13:34:22.183+0000] {processor.py:914} INFO - Processing file /opt/airflow/dags/processor.py for tasks to queue
[2026-07-12T13:34:22.185+0000] {logging_mixin.py:190} INFO - [2026-07-12T13:34:22.185+0000] {dagbag.py:587} INFO - Filling up the DagBag from /opt/airflow/dags/processor.py
[2026-07-12T13:34:22.201+0000] {processor.py:925} INFO - DAG(s) 'dag_isi_data_mart_testing' retrieved from /opt/airflow/dags/processor.py
[2026-07-12T13:34:22.406+0000] {logging_mixin.py:190} INFO - [2026-07-12T13:34:22.405+0000] {dag.py:3211} INFO - Sync 1 DAGs
[2026-07-12T13:34:22.418+0000] {logging_mixin.py:190} INFO - [2026-07-12T13:34:22.418+0000] {dag.py:4138} INFO - Setting next_dagrun for dag_isi_data_mart_testing to None, run_after=None
[2026-07-12T13:34:22.439+0000] {processor.py:208} INFO - Processing /opt/airflow/dags/processor.py took 0.262 seconds
[2026-07-12T13:34:52.519+0000] {processor.py:186} INFO - Started process (PID=90) to work on /opt/airflow/dags/processor.py
[2026-07-12T13:34:52.519+0000] {processor.py:914} INFO - Processing file /opt/airflow/dags/processor.py for tasks to queue
[2026-07-12T13:34:52.521+0000] {logging_mixin.py:190} INFO - [2026-07-12T13:34:52.521+0000] {dagbag.py:587} INFO - Filling up the DagBag from /opt/airflow/dags/processor.py
[2026-07-12T13:34:52.711+0000] {processor.py:925} INFO - DAG(s) 'dag_isi_data_mart_testing' retrieved from /opt/airflow/dags/processor.py
[2026-07-12T13:34:52.744+0000] {logging_mixin.py:190} INFO - [2026-07-12T13:34:52.744+0000] {dag.py:3211} INFO - Sync 1 DAGs
[2026-07-12T13:34:52.757+0000] {logging_mixin.py:190} INFO - [2026-07-12T13:34:52.757+0000] {dag.py:4138} INFO - Setting next_dagrun for dag_isi_data_mart_testing to None, run_after=None
[2026-07-12T13:34:52.780+0000] {processor.py:208} INFO - Processing /opt/airflow/dags/processor.py took 0.267 seconds
[2026-07-12T13:35:23.134+0000] {processor.py:186} INFO - Started process (PID=98) to work on /opt/airflow/dags/processor.py
[2026-07-12T13:35:23.136+0000] {processor.py:914} INFO - Processing file /opt/airflow/dags/processor.py for tasks to queue
[2026-07-12T13:35:23.138+0000] {logging_mixin.py:190} INFO - [2026-07-12T13:35:23.137+0000] {dagbag.py:587} INFO - Filling up the DagBag from /opt/airflow/dags/processor.py
[2026-07-12T13:35:23.154+0000] {processor.py:925} INFO - DAG(s) 'dag_isi_data_mart_testing' retrieved from /opt/airflow/dags/processor.py
[2026-07-12T13:35:23.191+0000] {logging_mixin.py:190} INFO - [2026-07-12T13:35:23.191+0000] {dag.py:3211} INFO - Sync 1 DAGs
[2026-07-12T13:35:23.207+0000] {logging_mixin.py:190} INFO - [2026-07-12T13:35:23.206+0000] {dag.py:4138} INFO - Setting next_dagrun for dag_isi_data_mart_testing to None, run_after=None
[2026-07-12T13:35:23.232+0000] {processor.py:208} INFO - Processing /opt/airflow/dags/processor.py took 0.103 seconds
[2026-07-12T13:35:53.463+0000] {processor.py:186} INFO - Started process (PID=106) to work on /opt/airflow/dags/processor.py
[2026-07-12T13:35:53.464+0000] {processor.py:914} INFO - Processing file /opt/airflow/dags/processor.py for tasks to queue
[2026-07-12T13:35:53.466+0000] {logging_mixin.py:190} INFO - [2026-07-12T13:35:53.465+0000] {dagbag.py:587} INFO - Filling up the DagBag from /opt/airflow/dags/processor.py
[2026-07-12T13:35:53.481+0000] {processor.py:925} INFO - DAG(s) 'dag_isi_data_mart_testing' retrieved from /opt/airflow/dags/processor.py
[2026-07-12T13:35:53.518+0000] {logging_mixin.py:190} INFO - [2026-07-12T13:35:53.518+0000] {dag.py:3211} INFO - Sync 1 DAGs
[2026-07-12T13:35:53.532+0000] {logging_mixin.py:190} INFO - [2026-07-12T13:35:53.532+0000] {dag.py:4138} INFO - Setting next_dagrun for dag_isi_data_mart_testing to None, run_after=None
[2026-07-12T13:35:53.555+0000] {processor.py:208} INFO - Processing /opt/airflow/dags/processor.py took 0.097 seconds
[2026-07-12T13:36:23.907+0000] {processor.py:186} INFO - Started process (PID=114) to work on /opt/airflow/dags/processor.py
[2026-07-12T13:36:23.908+0000] {processor.py:914} INFO - Processing file /opt/airflow/dags/processor.py for tasks to queue
[2026-07-12T13:36:23.911+0000] {logging_mixin.py:190} INFO - [2026-07-12T13:36:23.910+0000] {dagbag.py:587} INFO - Filling up the DagBag from /opt/airflow/dags/processor.py
[2026-07-12T13:36:23.927+0000] {processor.py:925} INFO - DAG(s) 'dag_isi_data_mart_testing' retrieved from /opt/airflow/dags/processor.py
[2026-07-12T13:36:23.965+0000] {logging_mixin.py:190} INFO - [2026-07-12T13:36:23.965+0000] {dag.py:3211} INFO - Sync 1 DAGs
[2026-07-12T13:36:23.979+0000] {logging_mixin.py:190} INFO - [2026-07-12T13:36:23.978+0000] {dag.py:4138} INFO - Setting next_dagrun for dag_isi_data_mart_testing to None, run_after=None
[2026-07-12T13:36:24.001+0000] {processor.py:208} INFO - Processing /opt/airflow/dags/processor.py took 0.100 seconds
[2026-07-12T13:36:54.242+0000] {processor.py:186} INFO - Started process (PID=122) to work on /opt/airflow/dags/processor.py
[2026-07-12T13:36:54.243+0000] {processor.py:914} INFO - Processing file /opt/airflow/dags/processor.py for tasks to queue
[2026-07-12T13:36:54.246+0000] {logging_mixin.py:190} INFO - [2026-07-12T13:36:54.245+0000] {dagbag.py:587} INFO - Filling up the DagBag from /opt/airflow/dags/processor.py
[2026-07-12T13:36:54.261+0000] {processor.py:925} INFO - DAG(s) 'dag_isi_data_mart_testing' retrieved from /opt/airflow/dags/processor.py
[2026-07-12T13:36:54.298+0000] {logging_mixin.py:190} INFO - [2026-07-12T13:36:54.298+0000] {dag.py:3211} INFO - Sync 1 DAGs
[2026-07-12T13:36:54.312+0000] {logging_mixin.py:190} INFO - [2026-07-12T13:36:54.311+0000] {dag.py:4138} INFO - Setting next_dagrun for dag_isi_data_mart_testing to None, run_after=None
[2026-07-12T13:36:54.335+0000] {processor.py:208} INFO - Processing /opt/airflow/dags/processor.py took 0.098 seconds
[2026-07-12T13:37:24.629+0000] {processor.py:186} INFO - Started process (PID=130) to work on /opt/airflow/dags/processor.py
[2026-07-12T13:37:24.631+0000] {processor.py:914} INFO - Processing file /opt/airflow/dags/processor.py for tasks to queue
[2026-07-12T13:37:24.635+0000] {logging_mixin.py:190} INFO - [2026-07-12T13:37:24.635+0000] {dagbag.py:587} INFO - Filling up the DagBag from /opt/airflow/dags/processor.py
[2026-07-12T13:37:24.663+0000] {processor.py:925} INFO - DAG(s) 'dag_isi_data_mart_testing' retrieved from /opt/airflow/dags/processor.py
[2026-07-12T13:37:24.713+0000] {logging_mixin.py:190} INFO - [2026-07-12T13:37:24.713+0000] {dag.py:3211} INFO - Sync 1 DAGs
[2026-07-12T13:37:24.731+0000] {logging_mixin.py:190} INFO - [2026-07-12T13:37:24.730+0000] {dag.py:4138} INFO - Setting next_dagrun for dag_isi_data_mart_testing to None, run_after=None
[2026-07-12T13:37:24.759+0000] {processor.py:208} INFO - Processing /opt/airflow/dags/processor.py took 0.140 seconds
[2026-07-12T13:37:54.966+0000] {processor.py:186} INFO - Started process (PID=138) to work on /opt/airflow/dags/processor.py
[2026-07-12T13:37:54.967+0000] {processor.py:914} INFO - Processing file /opt/airflow/dags/processor.py for tasks to queue
[2026-07-12T13:37:54.970+0000] {logging_mixin.py:190} INFO - [2026-07-12T13:37:54.970+0000] {dagbag.py:587} INFO - Filling up the DagBag from /opt/airflow/dags/processor.py
[2026-07-12T13:37:54.987+0000] {processor.py:925} INFO - DAG(s) 'dag_isi_data_mart_testing' retrieved from /opt/airflow/dags/processor.py
[2026-07-12T13:37:55.028+0000] {logging_mixin.py:190} INFO - [2026-07-12T13:37:55.027+0000] {dag.py:3211} INFO - Sync 1 DAGs
[2026-07-12T13:37:55.044+0000] {logging_mixin.py:190} INFO - [2026-07-12T13:37:55.044+0000] {dag.py:4138} INFO - Setting next_dagrun for dag_isi_data_mart_testing to None, run_after=None
[2026-07-12T13:37:55.069+0000] {processor.py:208} INFO - Processing /opt/airflow/dags/processor.py took 0.110 seconds
[2026-07-12T13:38:25.432+0000] {processor.py:186} INFO - Started process (PID=146) to work on /opt/airflow/dags/processor.py
[2026-07-12T13:38:25.434+0000] {processor.py:914} INFO - Processing file /opt/airflow/dags/processor.py for tasks to queue
[2026-07-12T13:38:25.437+0000] {logging_mixin.py:190} INFO - [2026-07-12T13:38:25.437+0000] {dagbag.py:587} INFO - Filling up the DagBag from /opt/airflow/dags/processor.py
[2026-07-12T13:38:25.461+0000] {processor.py:925} INFO - DAG(s) 'dag_isi_data_mart_testing' retrieved from /opt/airflow/dags/processor.py
[2026-07-12T13:38:25.512+0000] {logging_mixin.py:190} INFO - [2026-07-12T13:38:25.512+0000] {dag.py:3211} INFO - Sync 1 DAGs
[2026-07-12T13:38:25.536+0000] {logging_mixin.py:190} INFO - [2026-07-12T13:38:25.535+0000] {dag.py:4138} INFO - Setting next_dagrun for dag_isi_data_mart_testing to None, run_after=None
[2026-07-12T13:38:25.567+0000] {processor.py:208} INFO - Processing /opt/airflow/dags/processor.py took 0.146 seconds
[2026-07-12T13:38:55.941+0000] {processor.py:186} INFO - Started process (PID=154) to work on /opt/airflow/dags/processor.py
[2026-07-12T13:38:55.942+0000] {processor.py:914} INFO - Processing file /opt/airflow/dags/processor.py for tasks to queue
[2026-07-12T13:38:55.946+0000] {logging_mixin.py:190} INFO - [2026-07-12T13:38:55.945+0000] {dagbag.py:587} INFO - Filling up the DagBag from /opt/airflow/dags/processor.py
[2026-07-12T13:38:55.968+0000] {processor.py:925} INFO - DAG(s) 'dag_isi_data_mart_testing' retrieved from /opt/airflow/dags/processor.py
[2026-07-12T13:38:56.013+0000] {logging_mixin.py:190} INFO - [2026-07-12T13:38:56.013+0000] {dag.py:3211} INFO - Sync 1 DAGs
[2026-07-12T13:38:56.032+0000] {logging_mixin.py:190} INFO - [2026-07-12T13:38:56.031+0000] {dag.py:4138} INFO - Setting next_dagrun for dag_isi_data_mart_testing to None, run_after=None
[2026-07-12T13:38:56.058+0000] {processor.py:208} INFO - Processing /opt/airflow/dags/processor.py took 0.127 seconds
[2026-07-12T13:39:26.298+0000] {processor.py:186} INFO - Started process (PID=162) to work on /opt/airflow/dags/processor.py
[2026-07-12T13:39:26.299+0000] {processor.py:914} INFO - Processing file /opt/airflow/dags/processor.py for tasks to queue
[2026-07-12T13:39:26.302+0000] {logging_mixin.py:190} INFO - [2026-07-12T13:39:26.302+0000] {dagbag.py:587} INFO - Filling up the DagBag from /opt/airflow/dags/processor.py
[2026-07-12T13:39:26.322+0000] {processor.py:925} INFO - DAG(s) 'dag_isi_data_mart_testing' retrieved from /opt/airflow/dags/processor.py
[2026-07-12T13:39:26.374+0000] {logging_mixin.py:190} INFO - [2026-07-12T13:39:26.373+0000] {dag.py:3211} INFO - Sync 1 DAGs
[2026-07-12T13:39:26.393+0000] {logging_mixin.py:190} INFO - [2026-07-12T13:39:26.393+0000] {dag.py:4138} INFO - Setting next_dagrun for dag_isi_data_mart_testing to None, run_after=None
[2026-07-12T13:39:26.423+0000] {processor.py:208} INFO - Processing /opt/airflow/dags/processor.py took 0.132 seconds
[2026-07-12T13:39:56.686+0000] {processor.py:186} INFO - Started process (PID=170) to work on /opt/airflow/dags/processor.py
[2026-07-12T13:39:56.687+0000] {processor.py:914} INFO - Processing file /opt/airflow/dags/processor.py for tasks to queue
[2026-07-12T13:39:56.690+0000] {logging_mixin.py:190} INFO - [2026-07-12T13:39:56.689+0000] {dagbag.py:587} INFO - Filling up the DagBag from /opt/airflow/dags/processor.py
[2026-07-12T13:39:56.707+0000] {processor.py:925} INFO - DAG(s) 'dag_isi_data_mart_testing' retrieved from /opt/airflow/dags/processor.py
[2026-07-12T13:39:56.746+0000] {logging_mixin.py:190} INFO - [2026-07-12T13:39:56.746+0000] {dag.py:3211} INFO - Sync 1 DAGs
[2026-07-12T13:39:56.762+0000] {logging_mixin.py:190} INFO - [2026-07-12T13:39:56.762+0000] {dag.py:4138} INFO - Setting next_dagrun for dag_isi_data_mart_testing to None, run_after=None
[2026-07-12T13:39:56.787+0000] {processor.py:208} INFO - Processing /opt/airflow/dags/processor.py took 0.108 seconds
[2026-07-12T13:40:27.049+0000] {processor.py:186} INFO - Started process (PID=178) to work on /opt/airflow/dags/processor.py
[2026-07-12T13:40:27.050+0000] {processor.py:914} INFO - Processing file /opt/airflow/dags/processor.py for tasks to queue
[2026-07-12T13:40:27.052+0000] {logging_mixin.py:190} INFO - [2026-07-12T13:40:27.052+0000] {dagbag.py:587} INFO - Filling up the DagBag from /opt/airflow/dags/processor.py
[2026-07-12T13:40:27.068+0000] {processor.py:925} INFO - DAG(s) 'dag_isi_data_mart_testing' retrieved from /opt/airflow/dags/processor.py
[2026-07-12T13:40:27.106+0000] {logging_mixin.py:190} INFO - [2026-07-12T13:40:27.106+0000] {dag.py:3211} INFO - Sync 1 DAGs
[2026-07-12T13:40:27.120+0000] {logging_mixin.py:190} INFO - [2026-07-12T13:40:27.119+0000] {dag.py:4138} INFO - Setting next_dagrun for dag_isi_data_mart_testing to None, run_after=None
[2026-07-12T13:40:27.142+0000] {processor.py:208} INFO - Processing /opt/airflow/dags/processor.py took 0.099 seconds
[2026-07-12T13:40:57.412+0000] {processor.py:186} INFO - Started process (PID=186) to work on /opt/airflow/dags/processor.py
[2026-07-12T13:40:57.414+0000] {processor.py:914} INFO - Processing file /opt/airflow/dags/processor.py for tasks to queue
[2026-07-12T13:40:57.416+0000] {logging_mixin.py:190} INFO - [2026-07-12T13:40:57.416+0000] {dagbag.py:587} INFO - Filling up the DagBag from /opt/airflow/dags/processor.py
[2026-07-12T13:40:57.434+0000] {processor.py:925} INFO - DAG(s) 'dag_isi_data_mart_testing' retrieved from /opt/airflow/dags/processor.py
[2026-07-12T13:40:57.472+0000] {logging_mixin.py:190} INFO - [2026-07-12T13:40:57.471+0000] {dag.py:3211} INFO - Sync 1 DAGs
[2026-07-12T13:40:57.487+0000] {logging_mixin.py:190} INFO - [2026-07-12T13:40:57.486+0000] {dag.py:4138} INFO - Setting next_dagrun for dag_isi_data_mart_testing to None, run_after=None
[2026-07-12T13:40:57.511+0000] {processor.py:208} INFO - Processing /opt/airflow/dags/processor.py took 0.104 seconds
[2026-07-12T13:41:27.790+0000] {processor.py:186} INFO - Started process (PID=194) to work on /opt/airflow/dags/processor.py
[2026-07-12T13:41:27.791+0000] {processor.py:914} INFO - Processing file /opt/airflow/dags/processor.py for tasks to queue
[2026-07-12T13:41:27.794+0000] {logging_mixin.py:190} INFO - [2026-07-12T13:41:27.794+0000] {dagbag.py:587} INFO - Filling up the DagBag from /opt/airflow/dags/processor.py
[2026-07-12T13:41:27.813+0000] {processor.py:925} INFO - DAG(s) 'dag_isi_data_mart_testing' retrieved from /opt/airflow/dags/processor.py
[2026-07-12T13:41:27.856+0000] {logging_mixin.py:190} INFO - [2026-07-12T13:41:27.856+0000] {dag.py:3211} INFO - Sync 1 DAGs
[2026-07-12T13:41:27.874+0000] {logging_mixin.py:190} INFO - [2026-07-12T13:41:27.873+0000] {dag.py:4138} INFO - Setting next_dagrun for dag_isi_data_mart_testing to None, run_after=None
[2026-07-12T13:41:27.899+0000] {processor.py:208} INFO - Processing /opt/airflow/dags/processor.py took 0.116 seconds
[2026-07-12T13:41:58.145+0000] {processor.py:186} INFO - Started process (PID=202) to work on /opt/airflow/dags/processor.py
[2026-07-12T13:41:58.147+0000] {processor.py:914} INFO - Processing file /opt/airflow/dags/processor.py for tasks to queue
[2026-07-12T13:41:58.152+0000] {logging_mixin.py:190} INFO - [2026-07-12T13:41:58.152+0000] {dagbag.py:587} INFO - Filling up the DagBag from /opt/airflow/dags/processor.py
[2026-07-12T13:41:58.178+0000] {processor.py:925} INFO - DAG(s) 'dag_isi_data_mart_testing' retrieved from /opt/airflow/dags/processor.py
[2026-07-12T13:41:58.242+0000] {logging_mixin.py:190} INFO - [2026-07-12T13:41:58.242+0000] {dag.py:3211} INFO - Sync 1 DAGs
[2026-07-12T13:41:58.264+0000] {logging_mixin.py:190} INFO - [2026-07-12T13:41:58.263+0000] {dag.py:4138} INFO - Setting next_dagrun for dag_isi_data_mart_testing to None, run_after=None
[2026-07-12T13:41:58.298+0000] {processor.py:208} INFO - Processing /opt/airflow/dags/processor.py took 0.163 seconds
[2026-07-12T13:42:28.599+0000] {processor.py:186} INFO - Started process (PID=210) to work on /opt/airflow/dags/processor.py
[2026-07-12T13:42:28.600+0000] {processor.py:914} INFO - Processing file /opt/airflow/dags/processor.py for tasks to queue
[2026-07-12T13:42:28.603+0000] {logging_mixin.py:190} INFO - [2026-07-12T13:42:28.602+0000] {dagbag.py:587} INFO - Filling up the DagBag from /opt/airflow/dags/processor.py
[2026-07-12T13:42:28.621+0000] {processor.py:925} INFO - DAG(s) 'dag_isi_data_mart_testing' retrieved from /opt/airflow/dags/processor.py
[2026-07-12T13:42:28.668+0000] {logging_mixin.py:190} INFO - [2026-07-12T13:42:28.667+0000] {dag.py:3211} INFO - Sync 1 DAGs
[2026-07-12T13:42:28.686+0000] {logging_mixin.py:190} INFO - [2026-07-12T13:42:28.686+0000] {dag.py:4138} INFO - Setting next_dagrun for dag_isi_data_mart_testing to None, run_after=None
[2026-07-12T13:42:28.714+0000] {processor.py:208} INFO - Processing /opt/airflow/dags/processor.py took 0.122 seconds
[2026-07-12T13:42:59.005+0000] {processor.py:186} INFO - Started process (PID=218) to work on /opt/airflow/dags/processor.py
[2026-07-12T13:42:59.007+0000] {processor.py:914} INFO - Processing file /opt/airflow/dags/processor.py for tasks to queue
[2026-07-12T13:42:59.010+0000] {logging_mixin.py:190} INFO - [2026-07-12T13:42:59.010+0000] {dagbag.py:587} INFO - Filling up the DagBag from /opt/airflow/dags/processor.py
[2026-07-12T13:42:59.038+0000] {processor.py:925} INFO - DAG(s) 'dag_isi_data_mart_testing' retrieved from /opt/airflow/dags/processor.py
[2026-07-12T13:42:59.141+0000] {logging_mixin.py:190} INFO - [2026-07-12T13:42:59.141+0000] {dag.py:3211} INFO - Sync 1 DAGs
[2026-07-12T13:42:59.192+0000] {logging_mixin.py:190} INFO - [2026-07-12T13:42:59.192+0000] {dag.py:4138} INFO - Setting next_dagrun for dag_isi_data_mart_testing to None, run_after=None
[2026-07-12T13:42:59.233+0000] {processor.py:208} INFO - Processing /opt/airflow/dags/processor.py took 0.240 seconds
[2026-07-12T13:43:29.449+0000] {processor.py:186} INFO - Started process (PID=226) to work on /opt/airflow/dags/processor.py
[2026-07-12T13:43:29.453+0000] {processor.py:914} INFO - Processing file /opt/airflow/dags/processor.py for tasks to queue
[2026-07-12T13:43:29.456+0000] {logging_mixin.py:190} INFO - [2026-07-12T13:43:29.456+0000] {dagbag.py:587} INFO - Filling up the DagBag from /opt/airflow/dags/processor.py
[2026-07-12T13:43:29.517+0000] {processor.py:925} INFO - DAG(s) 'dag_isi_data_mart_testing' retrieved from /opt/airflow/dags/processor.py
[2026-07-12T13:43:29.600+0000] {logging_mixin.py:190} INFO - [2026-07-12T13:43:29.599+0000] {dag.py:3211} INFO - Sync 1 DAGs
[2026-07-12T13:43:29.633+0000] {logging_mixin.py:190} INFO - [2026-07-12T13:43:29.633+0000] {dag.py:4138} INFO - Setting next_dagrun for dag_isi_data_mart_testing to None, run_after=None
[2026-07-12T13:43:29.682+0000] {processor.py:208} INFO - Processing /opt/airflow/dags/processor.py took 0.246 seconds
[2026-07-12T13:44:00.110+0000] {processor.py:186} INFO - Started process (PID=234) to work on /opt/airflow/dags/processor.py
[2026-07-12T13:44:00.112+0000] {processor.py:914} INFO - Processing file /opt/airflow/dags/processor.py for tasks to queue
[2026-07-12T13:44:00.116+0000] {logging_mixin.py:190} INFO - [2026-07-12T13:44:00.115+0000] {dagbag.py:587} INFO - Filling up the DagBag from /opt/airflow/dags/processor.py
[2026-07-12T13:44:00.142+0000] {processor.py:925} INFO - DAG(s) 'dag_isi_data_mart_testing' retrieved from /opt/airflow/dags/processor.py
[2026-07-12T13:44:00.207+0000] {logging_mixin.py:190} INFO - [2026-07-12T13:44:00.206+0000] {dag.py:3211} INFO - Sync 1 DAGs
[2026-07-12T13:44:00.230+0000] {logging_mixin.py:190} INFO - [2026-07-12T13:44:00.230+0000] {dag.py:4138} INFO - Setting next_dagrun for dag_isi_data_mart_testing to None, run_after=None
[2026-07-12T13:44:00.268+0000] {processor.py:208} INFO - Processing /opt/airflow/dags/processor.py took 0.168 seconds
[2026-07-12T13:44:30.522+0000] {processor.py:186} INFO - Started process (PID=242) to work on /opt/airflow/dags/processor.py
[2026-07-12T13:44:30.524+0000] {processor.py:914} INFO - Processing file /opt/airflow/dags/processor.py for tasks to queue
[2026-07-12T13:44:30.528+0000] {logging_mixin.py:190} INFO - [2026-07-12T13:44:30.527+0000] {dagbag.py:587} INFO - Filling up the DagBag from /opt/airflow/dags/processor.py
[2026-07-12T13:44:30.551+0000] {processor.py:925} INFO - DAG(s) 'dag_isi_data_mart_testing' retrieved from /opt/airflow/dags/processor.py
[2026-07-12T13:44:30.612+0000] {logging_mixin.py:190} INFO - [2026-07-12T13:44:30.611+0000] {dag.py:3211} INFO - Sync 1 DAGs
[2026-07-12T13:44:30.635+0000] {logging_mixin.py:190} INFO - [2026-07-12T13:44:30.635+0000] {dag.py:4138} INFO - Setting next_dagrun for dag_isi_data_mart_testing to None, run_after=None
[2026-07-12T13:44:30.669+0000] {processor.py:208} INFO - Processing /opt/airflow/dags/processor.py took 0.156 seconds
[2026-07-12T13:45:01.046+0000] {processor.py:186} INFO - Started process (PID=251) to work on /opt/airflow/dags/processor.py
[2026-07-12T13:45:01.048+0000] {processor.py:914} INFO - Processing file /opt/airflow/dags/processor.py for tasks to queue
[2026-07-12T13:45:01.050+0000] {logging_mixin.py:190} INFO - [2026-07-12T13:45:01.050+0000] {dagbag.py:587} INFO - Filling up the DagBag from /opt/airflow/dags/processor.py
[2026-07-12T13:45:01.072+0000] {processor.py:925} INFO - DAG(s) 'dag_isi_data_mart_testing' retrieved from /opt/airflow/dags/processor.py
[2026-07-12T13:45:01.119+0000] {logging_mixin.py:190} INFO - [2026-07-12T13:45:01.119+0000] {dag.py:3211} INFO - Sync 1 DAGs
[2026-07-12T13:45:01.137+0000] {logging_mixin.py:190} INFO - [2026-07-12T13:45:01.136+0000] {dag.py:4138} INFO - Setting next_dagrun for dag_isi_data_mart_testing to None, run_after=None
[2026-07-12T13:45:01.164+0000] {processor.py:208} INFO - Processing /opt/airflow/dags/processor.py took 0.124 seconds
[2026-07-12T13:45:31.418+0000] {processor.py:186} INFO - Started process (PID=259) to work on /opt/airflow/dags/processor.py
[2026-07-12T13:45:31.421+0000] {processor.py:914} INFO - Processing file /opt/airflow/dags/processor.py for tasks to queue
[2026-07-12T13:45:31.425+0000] {logging_mixin.py:190} INFO - [2026-07-12T13:45:31.424+0000] {dagbag.py:587} INFO - Filling up the DagBag from /opt/airflow/dags/processor.py
[2026-07-12T13:45:31.448+0000] {processor.py:925} INFO - DAG(s) 'dag_isi_data_mart_testing' retrieved from /opt/airflow/dags/processor.py
[2026-07-12T13:45:31.500+0000] {logging_mixin.py:190} INFO - [2026-07-12T13:45:31.499+0000] {dag.py:3211} INFO - Sync 1 DAGs
[2026-07-12T13:45:31.521+0000] {logging_mixin.py:190} INFO - [2026-07-12T13:45:31.521+0000] {dag.py:4138} INFO - Setting next_dagrun for dag_isi_data_mart_testing to None, run_after=None
[2026-07-12T13:45:31.552+0000] {processor.py:208} INFO - Processing /opt/airflow/dags/processor.py took 0.143 seconds
[2026-07-12T13:46:01.970+0000] {processor.py:186} INFO - Started process (PID=267) to work on /opt/airflow/dags/processor.py
[2026-07-12T13:46:01.972+0000] {processor.py:914} INFO - Processing file /opt/airflow/dags/processor.py for tasks to queue
[2026-07-12T13:46:01.976+0000] {logging_mixin.py:190} INFO - [2026-07-12T13:46:01.975+0000] {dagbag.py:587} INFO - Filling up the DagBag from /opt/airflow/dags/processor.py
[2026-07-12T13:46:02.006+0000] {processor.py:925} INFO - DAG(s) 'dag_isi_data_mart_testing' retrieved from /opt/airflow/dags/processor.py
[2026-07-12T13:46:02.070+0000] {logging_mixin.py:190} INFO - [2026-07-12T13:46:02.069+0000] {dag.py:3211} INFO - Sync 1 DAGs
[2026-07-12T13:46:02.097+0000] {logging_mixin.py:190} INFO - [2026-07-12T13:46:02.096+0000] {dag.py:4138} INFO - Setting next_dagrun for dag_isi_data_mart_testing to None, run_after=None
[2026-07-12T13:46:02.133+0000] {processor.py:208} INFO - Processing /opt/airflow/dags/processor.py took 0.171 seconds
[2026-07-12T13:46:32.411+0000] {processor.py:186} INFO - Started process (PID=275) to work on /opt/airflow/dags/processor.py
[2026-07-12T13:46:32.412+0000] {processor.py:914} INFO - Processing file /opt/airflow/dags/processor.py for tasks to queue
[2026-07-12T13:46:32.420+0000] {logging_mixin.py:190} INFO - [2026-07-12T13:46:32.418+0000] {dagbag.py:587} INFO - Filling up the DagBag from /opt/airflow/dags/processor.py
[2026-07-12T13:46:32.454+0000] {processor.py:925} INFO - DAG(s) 'dag_isi_data_mart_testing' retrieved from /opt/airflow/dags/processor.py
[2026-07-12T13:46:32.559+0000] {logging_mixin.py:190} INFO - [2026-07-12T13:46:32.558+0000] {dag.py:3211} INFO - Sync 1 DAGs
[2026-07-12T13:46:32.601+0000] {logging_mixin.py:190} INFO - [2026-07-12T13:46:32.600+0000] {dag.py:4138} INFO - Setting next_dagrun for dag_isi_data_mart_testing to None, run_after=None
[2026-07-12T13:46:32.690+0000] {processor.py:208} INFO - Processing /opt/airflow/dags/processor.py took 0.291 seconds
[2026-07-12T13:47:03.094+0000] {processor.py:186} INFO - Started process (PID=283) to work on /opt/airflow/dags/processor.py
[2026-07-12T13:47:03.096+0000] {processor.py:914} INFO - Processing file /opt/airflow/dags/processor.py for tasks to queue
[2026-07-12T13:47:03.099+0000] {logging_mixin.py:190} INFO - [2026-07-12T13:47:03.098+0000] {dagbag.py:587} INFO - Filling up the DagBag from /opt/airflow/dags/processor.py
[2026-07-12T13:47:03.181+0000] {processor.py:925} INFO - DAG(s) 'dag_isi_data_mart_testing' retrieved from /opt/airflow/dags/processor.py
[2026-07-12T13:47:03.263+0000] {logging_mixin.py:190} INFO - [2026-07-12T13:47:03.263+0000] {dag.py:3211} INFO - Sync 1 DAGs
[2026-07-12T13:47:03.287+0000] {logging_mixin.py:190} INFO - [2026-07-12T13:47:03.286+0000] {dag.py:4138} INFO - Setting next_dagrun for dag_isi_data_mart_testing to None, run_after=None
[2026-07-12T13:47:03.331+0000] {processor.py:208} INFO - Processing /opt/airflow/dags/processor.py took 0.248 seconds
[2026-07-12T13:47:33.436+0000] {processor.py:186} INFO - Started process (PID=291) to work on /opt/airflow/dags/processor.py
[2026-07-12T13:47:33.437+0000] {processor.py:914} INFO - Processing file /opt/airflow/dags/processor.py for tasks to queue
[2026-07-12T13:47:33.439+0000] {logging_mixin.py:190} INFO - [2026-07-12T13:47:33.439+0000] {dagbag.py:587} INFO - Filling up the DagBag from /opt/airflow/dags/processor.py
[2026-07-12T13:47:33.456+0000] {processor.py:925} INFO - DAG(s) 'dag_isi_data_mart_testing' retrieved from /opt/airflow/dags/processor.py
[2026-07-12T13:47:33.495+0000] {logging_mixin.py:190} INFO - [2026-07-12T13:47:33.494+0000] {dag.py:3211} INFO - Sync 1 DAGs
[2026-07-12T13:47:33.508+0000] {logging_mixin.py:190} INFO - [2026-07-12T13:47:33.508+0000] {dag.py:4138} INFO - Setting next_dagrun for dag_isi_data_mart_testing to None, run_after=None
[2026-07-12T13:47:33.531+0000] {processor.py:208} INFO - Processing /opt/airflow/dags/processor.py took 0.101 seconds
[2026-07-12T13:48:03.755+0000] {processor.py:186} INFO - Started process (PID=299) to work on /opt/airflow/dags/processor.py
[2026-07-12T13:48:03.757+0000] {processor.py:914} INFO - Processing file /opt/airflow/dags/processor.py for tasks to queue
[2026-07-12T13:48:03.759+0000] {logging_mixin.py:190} INFO - [2026-07-12T13:48:03.759+0000] {dagbag.py:587} INFO - Filling up the DagBag from /opt/airflow/dags/processor.py
[2026-07-12T13:48:03.778+0000] {processor.py:925} INFO - DAG(s) 'dag_isi_data_mart_testing' retrieved from /opt/airflow/dags/processor.py
[2026-07-12T13:48:03.817+0000] {logging_mixin.py:190} INFO - [2026-07-12T13:48:03.817+0000] {dag.py:3211} INFO - Sync 1 DAGs
[2026-07-12T13:48:03.832+0000] {logging_mixin.py:190} INFO - [2026-07-12T13:48:03.831+0000] {dag.py:4138} INFO - Setting next_dagrun for dag_isi_data_mart_testing to None, run_after=None
[2026-07-12T13:48:03.856+0000] {processor.py:208} INFO - Processing /opt/airflow/dags/processor.py took 0.107 seconds
[2026-07-12T13:48:34.153+0000] {processor.py:186} INFO - Started process (PID=308) to work on /opt/airflow/dags/processor.py
[2026-07-12T13:48:34.154+0000] {processor.py:914} INFO - Processing file /opt/airflow/dags/processor.py for tasks to queue
[2026-07-12T13:48:34.157+0000] {logging_mixin.py:190} INFO - [2026-07-12T13:48:34.156+0000] {dagbag.py:587} INFO - Filling up the DagBag from /opt/airflow/dags/processor.py
[2026-07-12T13:48:34.177+0000] {processor.py:925} INFO - DAG(s) 'dag_isi_data_mart_testing' retrieved from /opt/airflow/dags/processor.py
[2026-07-12T13:48:34.222+0000] {logging_mixin.py:190} INFO - [2026-07-12T13:48:34.221+0000] {dag.py:3211} INFO - Sync 1 DAGs
[2026-07-12T13:48:34.238+0000] {logging_mixin.py:190} INFO - [2026-07-12T13:48:34.238+0000] {dag.py:4138} INFO - Setting next_dagrun for dag_isi_data_mart_testing to None, run_after=None
[2026-07-12T13:48:34.262+0000] {processor.py:208} INFO - Processing /opt/airflow/dags/processor.py took 0.115 seconds
[2026-07-12T13:49:04.595+0000] {processor.py:186} INFO - Started process (PID=316) to work on /opt/airflow/dags/processor.py
[2026-07-12T13:49:04.597+0000] {processor.py:914} INFO - Processing file /opt/airflow/dags/processor.py for tasks to queue
[2026-07-12T13:49:04.600+0000] {logging_mixin.py:190} INFO - [2026-07-12T13:49:04.599+0000] {dagbag.py:587} INFO - Filling up the DagBag from /opt/airflow/dags/processor.py
[2026-07-12T13:49:04.618+0000] {processor.py:925} INFO - DAG(s) 'dag_isi_data_mart_testing' retrieved from /opt/airflow/dags/processor.py
[2026-07-12T13:49:04.657+0000] {logging_mixin.py:190} INFO - [2026-07-12T13:49:04.657+0000] {dag.py:3211} INFO - Sync 1 DAGs
[2026-07-12T13:49:04.671+0000] {logging_mixin.py:190} INFO - [2026-07-12T13:49:04.671+0000] {dag.py:4138} INFO - Setting next_dagrun for dag_isi_data_mart_testing to None, run_after=None
[2026-07-12T13:49:04.695+0000] {processor.py:208} INFO - Processing /opt/airflow/dags/processor.py took 0.106 seconds
[2026-07-12T13:49:34.995+0000] {processor.py:186} INFO - Started process (PID=324) to work on /opt/airflow/dags/processor.py
[2026-07-12T13:49:34.996+0000] {processor.py:914} INFO - Processing file /opt/airflow/dags/processor.py for tasks to queue
[2026-07-12T13:49:35.011+0000] {logging_mixin.py:190} INFO - [2026-07-12T13:49:35.011+0000] {dagbag.py:587} INFO - Filling up the DagBag from /opt/airflow/dags/processor.py
[2026-07-12T13:49:35.089+0000] {processor.py:925} INFO - DAG(s) 'dag_isi_data_mart_testing' retrieved from /opt/airflow/dags/processor.py
[2026-07-12T13:49:35.177+0000] {logging_mixin.py:190} INFO - [2026-07-12T13:49:35.176+0000] {dag.py:3211} INFO - Sync 1 DAGs
[2026-07-12T13:49:35.207+0000] {logging_mixin.py:190} INFO - [2026-07-12T13:49:35.207+0000] {dag.py:4138} INFO - Setting next_dagrun for dag_isi_data_mart_testing to None, run_after=None
[2026-07-12T13:49:35.241+0000] {processor.py:208} INFO - Processing /opt/airflow/dags/processor.py took 0.266 seconds
[2026-07-12T13:50:05.422+0000] {processor.py:186} INFO - Started process (PID=332) to work on /opt/airflow/dags/processor.py
[2026-07-12T13:50:05.424+0000] {processor.py:914} INFO - Processing file /opt/airflow/dags/processor.py for tasks to queue
[2026-07-12T13:50:05.429+0000] {logging_mixin.py:190} INFO - [2026-07-12T13:50:05.428+0000] {dagbag.py:587} INFO - Filling up the DagBag from /opt/airflow/dags/processor.py
[2026-07-12T13:50:05.449+0000] {processor.py:925} INFO - DAG(s) 'dag_isi_data_mart_testing' retrieved from /opt/airflow/dags/processor.py
[2026-07-12T13:50:05.495+0000] {logging_mixin.py:190} INFO - [2026-07-12T13:50:05.494+0000] {dag.py:3211} INFO - Sync 1 DAGs
[2026-07-12T13:50:05.515+0000] {logging_mixin.py:190} INFO - [2026-07-12T13:50:05.514+0000] {dag.py:4138} INFO - Setting next_dagrun for dag_isi_data_mart_testing to None, run_after=None
[2026-07-12T13:50:05.542+0000] {processor.py:208} INFO - Processing /opt/airflow/dags/processor.py took 0.133 seconds
[2026-07-12T13:50:35.782+0000] {processor.py:186} INFO - Started process (PID=340) to work on /opt/airflow/dags/processor.py
[2026-07-12T13:50:35.783+0000] {processor.py:914} INFO - Processing file /opt/airflow/dags/processor.py for tasks to queue
[2026-07-12T13:50:35.787+0000] {logging_mixin.py:190} INFO - [2026-07-12T13:50:35.787+0000] {dagbag.py:587} INFO - Filling up the DagBag from /opt/airflow/dags/processor.py
[2026-07-12T13:50:35.811+0000] {processor.py:925} INFO - DAG(s) 'dag_isi_data_mart_testing' retrieved from /opt/airflow/dags/processor.py
[2026-07-12T13:50:35.864+0000] {logging_mixin.py:190} INFO - [2026-07-12T13:50:35.864+0000] {dag.py:3211} INFO - Sync 1 DAGs
[2026-07-12T13:50:35.886+0000] {logging_mixin.py:190} INFO - [2026-07-12T13:50:35.886+0000] {dag.py:4138} INFO - Setting next_dagrun for dag_isi_data_mart_testing to None, run_after=None
[2026-07-12T13:50:35.917+0000] {processor.py:208} INFO - Processing /opt/airflow/dags/processor.py took 0.143 seconds
[2026-07-12T13:51:06.256+0000] {processor.py:186} INFO - Started process (PID=348) to work on /opt/airflow/dags/processor.py
[2026-07-12T13:51:06.257+0000] {processor.py:914} INFO - Processing file /opt/airflow/dags/processor.py for tasks to queue
[2026-07-12T13:51:06.260+0000] {logging_mixin.py:190} INFO - [2026-07-12T13:51:06.259+0000] {dagbag.py:587} INFO - Filling up the DagBag from /opt/airflow/dags/processor.py
[2026-07-12T13:51:06.297+0000] {processor.py:925} INFO - DAG(s) 'dag_isi_data_mart_testing' retrieved from /opt/airflow/dags/processor.py
[2026-07-12T13:51:06.408+0000] {logging_mixin.py:190} INFO - [2026-07-12T13:51:06.407+0000] {dag.py:3211} INFO - Sync 1 DAGs
[2026-07-12T13:51:06.446+0000] {logging_mixin.py:190} INFO - [2026-07-12T13:51:06.445+0000] {dag.py:4138} INFO - Setting next_dagrun for dag_isi_data_mart_testing to None, run_after=None
[2026-07-12T13:51:06.495+0000] {processor.py:208} INFO - Processing /opt/airflow/dags/processor.py took 0.248 seconds
[2026-07-12T13:51:36.934+0000] {processor.py:186} INFO - Started process (PID=356) to work on /opt/airflow/dags/processor.py
[2026-07-12T13:51:36.935+0000] {processor.py:914} INFO - Processing file /opt/airflow/dags/processor.py for tasks to queue
[2026-07-12T13:51:36.937+0000] {logging_mixin.py:190} INFO - [2026-07-12T13:51:36.936+0000] {dagbag.py:587} INFO - Filling up the DagBag from /opt/airflow/dags/processor.py
[2026-07-12T13:51:36.956+0000] {processor.py:925} INFO - DAG(s) 'dag_isi_data_mart_testing' retrieved from /opt/airflow/dags/processor.py
[2026-07-12T13:51:36.996+0000] {logging_mixin.py:190} INFO - [2026-07-12T13:51:36.996+0000] {dag.py:3211} INFO - Sync 1 DAGs
[2026-07-12T13:51:37.014+0000] {logging_mixin.py:190} INFO - [2026-07-12T13:51:37.013+0000] {dag.py:4138} INFO - Setting next_dagrun for dag_isi_data_mart_testing to None, run_after=None
[2026-07-12T13:51:37.040+0000] {processor.py:208} INFO - Processing /opt/airflow/dags/processor.py took 0.113 seconds
[2026-07-12T13:52:07.401+0000] {processor.py:186} INFO - Started process (PID=364) to work on /opt/airflow/dags/processor.py
[2026-07-12T13:52:07.402+0000] {processor.py:914} INFO - Processing file /opt/airflow/dags/processor.py for tasks to queue
[2026-07-12T13:52:07.406+0000] {logging_mixin.py:190} INFO - [2026-07-12T13:52:07.405+0000] {dagbag.py:587} INFO - Filling up the DagBag from /opt/airflow/dags/processor.py
[2026-07-12T13:52:07.444+0000] {processor.py:925} INFO - DAG(s) 'dag_isi_data_mart_testing' retrieved from /opt/airflow/dags/processor.py
[2026-07-12T13:52:07.489+0000] {logging_mixin.py:190} INFO - [2026-07-12T13:52:07.489+0000] {dag.py:3211} INFO - Sync 1 DAGs
[2026-07-12T13:52:07.509+0000] {logging_mixin.py:190} INFO - [2026-07-12T13:52:07.509+0000] {dag.py:4138} INFO - Setting next_dagrun for dag_isi_data_mart_testing to None, run_after=None
[2026-07-12T13:52:07.539+0000] {processor.py:208} INFO - Processing /opt/airflow/dags/processor.py took 0.150 seconds
[2026-07-12T13:52:37.722+0000] {processor.py:186} INFO - Started process (PID=372) to work on /opt/airflow/dags/processor.py
[2026-07-12T13:52:37.723+0000] {processor.py:914} INFO - Processing file /opt/airflow/dags/processor.py for tasks to queue
[2026-07-12T13:52:37.725+0000] {logging_mixin.py:190} INFO - [2026-07-12T13:52:37.725+0000] {dagbag.py:587} INFO - Filling up the DagBag from /opt/airflow/dags/processor.py
[2026-07-12T13:52:37.742+0000] {processor.py:925} INFO - DAG(s) 'dag_isi_data_mart_testing' retrieved from /opt/airflow/dags/processor.py
[2026-07-12T13:52:37.779+0000] {logging_mixin.py:190} INFO - [2026-07-12T13:52:37.779+0000] {dag.py:3211} INFO - Sync 1 DAGs
[2026-07-12T13:52:37.795+0000] {logging_mixin.py:190} INFO - [2026-07-12T13:52:37.795+0000] {dag.py:4138} INFO - Setting next_dagrun for dag_isi_data_mart_testing to None, run_after=None
[2026-07-12T13:52:37.818+0000] {processor.py:208} INFO - Processing /opt/airflow/dags/processor.py took 0.102 seconds
[2026-07-12T13:53:08.033+0000] {processor.py:186} INFO - Started process (PID=380) to work on /opt/airflow/dags/processor.py
[2026-07-12T13:53:08.034+0000] {processor.py:914} INFO - Processing file /opt/airflow/dags/processor.py for tasks to queue
[2026-07-12T13:53:08.037+0000] {logging_mixin.py:190} INFO - [2026-07-12T13:53:08.037+0000] {dagbag.py:587} INFO - Filling up the DagBag from /opt/airflow/dags/processor.py
[2026-07-12T13:53:08.053+0000] {processor.py:925} INFO - DAG(s) 'dag_isi_data_mart_testing' retrieved from /opt/airflow/dags/processor.py
[2026-07-12T13:53:08.091+0000] {logging_mixin.py:190} INFO - [2026-07-12T13:53:08.091+0000] {dag.py:3211} INFO - Sync 1 DAGs
[2026-07-12T13:53:08.105+0000] {logging_mixin.py:190} INFO - [2026-07-12T13:53:08.104+0000] {dag.py:4138} INFO - Setting next_dagrun for dag_isi_data_mart_testing to None, run_after=None
[2026-07-12T13:53:08.129+0000] {processor.py:208} INFO - Processing /opt/airflow/dags/processor.py took 0.102 seconds
[2026-07-12T13:53:38.435+0000] {processor.py:186} INFO - Started process (PID=388) to work on /opt/airflow/dags/processor.py
[2026-07-12T13:53:38.435+0000] {processor.py:914} INFO - Processing file /opt/airflow/dags/processor.py for tasks to queue
[2026-07-12T13:53:38.438+0000] {logging_mixin.py:190} INFO - [2026-07-12T13:53:38.438+0000] {dagbag.py:587} INFO - Filling up the DagBag from /opt/airflow/dags/processor.py
[2026-07-12T13:53:38.454+0000] {processor.py:925} INFO - DAG(s) 'dag_isi_data_mart_testing' retrieved from /opt/airflow/dags/processor.py
[2026-07-12T13:53:38.492+0000] {logging_mixin.py:190} INFO - [2026-07-12T13:53:38.491+0000] {dag.py:3211} INFO - Sync 1 DAGs
[2026-07-12T13:53:38.506+0000] {logging_mixin.py:190} INFO - [2026-07-12T13:53:38.506+0000] {dag.py:4138} INFO - Setting next_dagrun for dag_isi_data_mart_testing to None, run_after=None
[2026-07-12T13:53:38.529+0000] {processor.py:208} INFO - Processing /opt/airflow/dags/processor.py took 0.100 seconds
[2026-07-12T13:54:08.854+0000] {processor.py:186} INFO - Started process (PID=396) to work on /opt/airflow/dags/processor.py
[2026-07-12T13:54:08.855+0000] {processor.py:914} INFO - Processing file /opt/airflow/dags/processor.py for tasks to queue
[2026-07-12T13:54:08.858+0000] {logging_mixin.py:190} INFO - [2026-07-12T13:54:08.857+0000] {dagbag.py:587} INFO - Filling up the DagBag from /opt/airflow/dags/processor.py
[2026-07-12T13:54:08.874+0000] {processor.py:925} INFO - DAG(s) 'dag_isi_data_mart_testing' retrieved from /opt/airflow/dags/processor.py
[2026-07-12T13:54:08.911+0000] {logging_mixin.py:190} INFO - [2026-07-12T13:54:08.911+0000] {dag.py:3211} INFO - Sync 1 DAGs
[2026-07-12T13:54:08.925+0000] {logging_mixin.py:190} INFO - [2026-07-12T13:54:08.925+0000] {dag.py:4138} INFO - Setting next_dagrun for dag_isi_data_mart_testing to None, run_after=None
[2026-07-12T13:54:08.949+0000] {processor.py:208} INFO - Processing /opt/airflow/dags/processor.py took 0.102 seconds
[2026-07-12T13:54:39.182+0000] {processor.py:186} INFO - Started process (PID=404) to work on /opt/airflow/dags/processor.py
[2026-07-12T13:54:39.183+0000] {processor.py:914} INFO - Processing file /opt/airflow/dags/processor.py for tasks to queue
[2026-07-12T13:54:39.185+0000] {logging_mixin.py:190} INFO - [2026-07-12T13:54:39.185+0000] {dagbag.py:587} INFO - Filling up the DagBag from /opt/airflow/dags/processor.py
[2026-07-12T13:54:39.201+0000] {processor.py:925} INFO - DAG(s) 'dag_isi_data_mart_testing' retrieved from /opt/airflow/dags/processor.py
[2026-07-12T13:54:39.237+0000] {logging_mixin.py:190} INFO - [2026-07-12T13:54:39.236+0000] {dag.py:3211} INFO - Sync 1 DAGs
[2026-07-12T13:54:39.251+0000] {logging_mixin.py:190} INFO - [2026-07-12T13:54:39.251+0000] {dag.py:4138} INFO - Setting next_dagrun for dag_isi_data_mart_testing to None, run_after=None
[2026-07-12T13:54:39.274+0000] {processor.py:208} INFO - Processing /opt/airflow/dags/processor.py took 0.099 seconds
[2026-07-12T13:55:09.610+0000] {processor.py:186} INFO - Started process (PID=413) to work on /opt/airflow/dags/processor.py
[2026-07-12T13:55:09.611+0000] {processor.py:914} INFO - Processing file /opt/airflow/dags/processor.py for tasks to queue
[2026-07-12T13:55:09.613+0000] {logging_mixin.py:190} INFO - [2026-07-12T13:55:09.613+0000] {dagbag.py:587} INFO - Filling up the DagBag from /opt/airflow/dags/processor.py
[2026-07-12T13:55:09.629+0000] {processor.py:925} INFO - DAG(s) 'dag_isi_data_mart_testing' retrieved from /opt/airflow/dags/processor.py
[2026-07-12T13:55:09.677+0000] {logging_mixin.py:190} INFO - [2026-07-12T13:55:09.677+0000] {dag.py:3211} INFO - Sync 1 DAGs
[2026-07-12T13:55:09.692+0000] {logging_mixin.py:190} INFO - [2026-07-12T13:55:09.692+0000] {dag.py:4138} INFO - Setting next_dagrun for dag_isi_data_mart_testing to None, run_after=None
[2026-07-12T13:55:09.715+0000] {processor.py:208} INFO - Processing /opt/airflow/dags/processor.py took 0.112 seconds
[2026-07-12T13:55:39.940+0000] {processor.py:186} INFO - Started process (PID=421) to work on /opt/airflow/dags/processor.py
[2026-07-12T13:55:39.941+0000] {processor.py:914} INFO - Processing file /opt/airflow/dags/processor.py for tasks to queue
[2026-07-12T13:55:39.944+0000] {logging_mixin.py:190} INFO - [2026-07-12T13:55:39.943+0000] {dagbag.py:587} INFO - Filling up the DagBag from /opt/airflow/dags/processor.py
[2026-07-12T13:55:39.960+0000] {processor.py:925} INFO - DAG(s) 'dag_isi_data_mart_testing' retrieved from /opt/airflow/dags/processor.py
[2026-07-12T13:55:39.997+0000] {logging_mixin.py:190} INFO - [2026-07-12T13:55:39.997+0000] {dag.py:3211} INFO - Sync 1 DAGs
[2026-07-12T13:55:40.012+0000] {logging_mixin.py:190} INFO - [2026-07-12T13:55:40.011+0000] {dag.py:4138} INFO - Setting next_dagrun for dag_isi_data_mart_testing to None, run_after=None
[2026-07-12T13:55:40.035+0000] {processor.py:208} INFO - Processing /opt/airflow/dags/processor.py took 0.101 seconds
[2026-07-12T13:56:10.328+0000] {processor.py:186} INFO - Started process (PID=429) to work on /opt/airflow/dags/processor.py
[2026-07-12T13:56:10.328+0000] {processor.py:914} INFO - Processing file /opt/airflow/dags/processor.py for tasks to queue
[2026-07-12T13:56:10.331+0000] {logging_mixin.py:190} INFO - [2026-07-12T13:56:10.330+0000] {dagbag.py:587} INFO - Filling up the DagBag from /opt/airflow/dags/processor.py
[2026-07-12T13:56:10.347+0000] {processor.py:925} INFO - DAG(s) 'dag_isi_data_mart_testing' retrieved from /opt/airflow/dags/processor.py
[2026-07-12T13:56:10.386+0000] {logging_mixin.py:190} INFO - [2026-07-12T13:56:10.386+0000] {dag.py:3211} INFO - Sync 1 DAGs
[2026-07-12T13:56:10.400+0000] {logging_mixin.py:190} INFO - [2026-07-12T13:56:10.400+0000] {dag.py:4138} INFO - Setting next_dagrun for dag_isi_data_mart_testing to None, run_after=None
[2026-07-12T13:56:10.422+0000] {processor.py:208} INFO - Processing /opt/airflow/dags/processor.py took 0.100 seconds
[2026-07-12T13:56:40.808+0000] {processor.py:186} INFO - Started process (PID=437) to work on /opt/airflow/dags/processor.py
[2026-07-12T13:56:40.809+0000] {processor.py:914} INFO - Processing file /opt/airflow/dags/processor.py for tasks to queue
[2026-07-12T13:56:40.811+0000] {logging_mixin.py:190} INFO - [2026-07-12T13:56:40.811+0000] {dagbag.py:587} INFO - Filling up the DagBag from /opt/airflow/dags/processor.py
[2026-07-12T13:56:40.827+0000] {processor.py:925} INFO - DAG(s) 'dag_isi_data_mart_testing' retrieved from /opt/airflow/dags/processor.py
[2026-07-12T13:56:40.865+0000] {logging_mixin.py:190} INFO - [2026-07-12T13:56:40.864+0000] {dag.py:3211} INFO - Sync 1 DAGs
[2026-07-12T13:56:40.879+0000] {logging_mixin.py:190} INFO - [2026-07-12T13:56:40.879+0000] {dag.py:4138} INFO - Setting next_dagrun for dag_isi_data_mart_testing to None, run_after=None
[2026-07-12T13:56:40.902+0000] {processor.py:208} INFO - Processing /opt/airflow/dags/processor.py took 0.099 seconds
[2026-07-12T13:57:11.240+0000] {processor.py:186} INFO - Started process (PID=446) to work on /opt/airflow/dags/processor.py
[2026-07-12T13:57:11.241+0000] {processor.py:914} INFO - Processing file /opt/airflow/dags/processor.py for tasks to queue
[2026-07-12T13:57:11.244+0000] {logging_mixin.py:190} INFO - [2026-07-12T13:57:11.244+0000] {dagbag.py:587} INFO - Filling up the DagBag from /opt/airflow/dags/processor.py
[2026-07-12T13:57:11.262+0000] {processor.py:925} INFO - DAG(s) 'dag_isi_data_mart_testing' retrieved from /opt/airflow/dags/processor.py
[2026-07-12T13:57:11.302+0000] {logging_mixin.py:190} INFO - [2026-07-12T13:57:11.301+0000] {dag.py:3211} INFO - Sync 1 DAGs
[2026-07-12T13:57:11.317+0000] {logging_mixin.py:190} INFO - [2026-07-12T13:57:11.317+0000] {dag.py:4138} INFO - Setting next_dagrun for dag_isi_data_mart_testing to None, run_after=None
[2026-07-12T13:57:11.341+0000] {processor.py:208} INFO - Processing /opt/airflow/dags/processor.py took 0.107 seconds
[2026-07-12T13:57:41.673+0000] {processor.py:186} INFO - Started process (PID=460) to work on /opt/airflow/dags/processor.py
[2026-07-12T13:57:41.674+0000] {processor.py:914} INFO - Processing file /opt/airflow/dags/processor.py for tasks to queue
[2026-07-12T13:57:41.677+0000] {logging_mixin.py:190} INFO - [2026-07-12T13:57:41.677+0000] {dagbag.py:587} INFO - Filling up the DagBag from /opt/airflow/dags/processor.py
[2026-07-12T13:57:41.696+0000] {processor.py:925} INFO - DAG(s) 'dag_isi_data_mart_testing' retrieved from /opt/airflow/dags/processor.py
[2026-07-12T13:57:41.735+0000] {logging_mixin.py:190} INFO - [2026-07-12T13:57:41.735+0000] {dag.py:3211} INFO - Sync 1 DAGs
[2026-07-12T13:57:41.751+0000] {logging_mixin.py:190} INFO - [2026-07-12T13:57:41.750+0000] {dag.py:4138} INFO - Setting next_dagrun for dag_isi_data_mart_testing to None, run_after=None
[2026-07-12T13:57:41.778+0000] {processor.py:208} INFO - Processing /opt/airflow/dags/processor.py took 0.110 seconds
[2026-07-12T13:58:11.999+0000] {processor.py:186} INFO - Started process (PID=468) to work on /opt/airflow/dags/processor.py
[2026-07-12T13:58:12.000+0000] {processor.py:914} INFO - Processing file /opt/airflow/dags/processor.py for tasks to queue
[2026-07-12T13:58:12.003+0000] {logging_mixin.py:190} INFO - [2026-07-12T13:58:12.003+0000] {dagbag.py:587} INFO - Filling up the DagBag from /opt/airflow/dags/processor.py
[2026-07-12T13:58:12.018+0000] {processor.py:925} INFO - DAG(s) 'dag_isi_data_mart_testing' retrieved from /opt/airflow/dags/processor.py
[2026-07-12T13:58:12.056+0000] {logging_mixin.py:190} INFO - [2026-07-12T13:58:12.055+0000] {dag.py:3211} INFO - Sync 1 DAGs
[2026-07-12T13:58:12.070+0000] {logging_mixin.py:190} INFO - [2026-07-12T13:58:12.069+0000] {dag.py:4138} INFO - Setting next_dagrun for dag_isi_data_mart_testing to None, run_after=None
[2026-07-12T13:58:12.093+0000] {processor.py:208} INFO - Processing /opt/airflow/dags/processor.py took 0.100 seconds
[2026-07-12T13:58:42.390+0000] {processor.py:186} INFO - Started process (PID=476) to work on /opt/airflow/dags/processor.py
[2026-07-12T13:58:42.391+0000] {processor.py:914} INFO - Processing file /opt/airflow/dags/processor.py for tasks to queue
[2026-07-12T13:58:42.393+0000] {logging_mixin.py:190} INFO - [2026-07-12T13:58:42.392+0000] {dagbag.py:587} INFO - Filling up the DagBag from /opt/airflow/dags/processor.py
[2026-07-12T13:58:42.409+0000] {processor.py:925} INFO - DAG(s) 'dag_isi_data_mart_testing' retrieved from /opt/airflow/dags/processor.py
[2026-07-12T13:58:42.445+0000] {logging_mixin.py:190} INFO - [2026-07-12T13:58:42.445+0000] {dag.py:3211} INFO - Sync 1 DAGs
[2026-07-12T13:58:42.459+0000] {logging_mixin.py:190} INFO - [2026-07-12T13:58:42.459+0000] {dag.py:4138} INFO - Setting next_dagrun for dag_isi_data_mart_testing to None, run_after=None
[2026-07-12T13:58:42.485+0000] {processor.py:208} INFO - Processing /opt/airflow/dags/processor.py took 0.102 seconds
[2026-07-12T13:59:12.715+0000] {processor.py:186} INFO - Started process (PID=483) to work on /opt/airflow/dags/processor.py
[2026-07-12T13:59:12.716+0000] {processor.py:914} INFO - Processing file /opt/airflow/dags/processor.py for tasks to queue
[2026-07-12T13:59:12.719+0000] {logging_mixin.py:190} INFO - [2026-07-12T13:59:12.718+0000] {dagbag.py:587} INFO - Filling up the DagBag from /opt/airflow/dags/processor.py
[2026-07-12T13:59:12.738+0000] {processor.py:925} INFO - DAG(s) 'dag_isi_data_mart_testing' retrieved from /opt/airflow/dags/processor.py
[2026-07-12T13:59:12.777+0000] {logging_mixin.py:190} INFO - [2026-07-12T13:59:12.777+0000] {dag.py:3211} INFO - Sync 1 DAGs
[2026-07-12T13:59:12.792+0000] {logging_mixin.py:190} INFO - [2026-07-12T13:59:12.792+0000] {dag.py:4138} INFO - Setting next_dagrun for dag_isi_data_mart_testing to None, run_after=None
[2026-07-12T13:59:12.817+0000] {processor.py:208} INFO - Processing /opt/airflow/dags/processor.py took 0.108 seconds
[2026-07-12T13:59:43.088+0000] {processor.py:186} INFO - Started process (PID=491) to work on /opt/airflow/dags/processor.py
[2026-07-12T13:59:43.089+0000] {processor.py:914} INFO - Processing file /opt/airflow/dags/processor.py for tasks to queue
[2026-07-12T13:59:43.091+0000] {logging_mixin.py:190} INFO - [2026-07-12T13:59:43.091+0000] {dagbag.py:587} INFO - Filling up the DagBag from /opt/airflow/dags/processor.py
[2026-07-12T13:59:43.109+0000] {processor.py:925} INFO - DAG(s) 'dag_isi_data_mart_testing' retrieved from /opt/airflow/dags/processor.py
[2026-07-12T13:59:43.148+0000] {logging_mixin.py:190} INFO - [2026-07-12T13:59:43.148+0000] {dag.py:3211} INFO - Sync 1 DAGs
[2026-07-12T13:59:43.163+0000] {logging_mixin.py:190} INFO - [2026-07-12T13:59:43.163+0000] {dag.py:4138} INFO - Setting next_dagrun for dag_isi_data_mart_testing to None, run_after=None
[2026-07-12T13:59:43.189+0000] {processor.py:208} INFO - Processing /opt/airflow/dags/processor.py took 0.108 seconds
[2026-07-12T14:00:13.431+0000] {processor.py:186} INFO - Started process (PID=499) to work on /opt/airflow/dags/processor.py
[2026-07-12T14:00:13.433+0000] {processor.py:914} INFO - Processing file /opt/airflow/dags/processor.py for tasks to queue
[2026-07-12T14:00:13.436+0000] {logging_mixin.py:190} INFO - [2026-07-12T14:00:13.435+0000] {dagbag.py:587} INFO - Filling up the DagBag from /opt/airflow/dags/processor.py
[2026-07-12T14:00:13.467+0000] {processor.py:925} INFO - DAG(s) 'dag_isi_data_mart_testing' retrieved from /opt/airflow/dags/processor.py
[2026-07-12T14:00:13.534+0000] {logging_mixin.py:190} INFO - [2026-07-12T14:00:13.533+0000] {dag.py:3211} INFO - Sync 1 DAGs
[2026-07-12T14:00:13.556+0000] {logging_mixin.py:190} INFO - [2026-07-12T14:00:13.555+0000] {dag.py:4138} INFO - Setting next_dagrun for dag_isi_data_mart_testing to None, run_after=None
[2026-07-12T14:00:13.589+0000] {processor.py:208} INFO - Processing /opt/airflow/dags/processor.py took 0.167 seconds
[2026-07-12T14:00:43.789+0000] {processor.py:186} INFO - Started process (PID=507) to work on /opt/airflow/dags/processor.py
[2026-07-12T14:00:43.790+0000] {processor.py:914} INFO - Processing file /opt/airflow/dags/processor.py for tasks to queue
[2026-07-12T14:00:43.792+0000] {logging_mixin.py:190} INFO - [2026-07-12T14:00:43.792+0000] {dagbag.py:587} INFO - Filling up the DagBag from /opt/airflow/dags/processor.py
[2026-07-12T14:00:43.808+0000] {processor.py:925} INFO - DAG(s) 'dag_isi_data_mart_testing' retrieved from /opt/airflow/dags/processor.py
[2026-07-12T14:00:43.849+0000] {logging_mixin.py:190} INFO - [2026-07-12T14:00:43.848+0000] {dag.py:3211} INFO - Sync 1 DAGs
[2026-07-12T14:00:43.867+0000] {logging_mixin.py:190} INFO - [2026-07-12T14:00:43.866+0000] {dag.py:4138} INFO - Setting next_dagrun for dag_isi_data_mart_testing to None, run_after=None
[2026-07-12T14:00:43.892+0000] {processor.py:208} INFO - Processing /opt/airflow/dags/processor.py took 0.110 seconds
[2026-07-12T14:01:14.218+0000] {processor.py:186} INFO - Started process (PID=515) to work on /opt/airflow/dags/processor.py
[2026-07-12T14:01:14.220+0000] {processor.py:914} INFO - Processing file /opt/airflow/dags/processor.py for tasks to queue
[2026-07-12T14:01:14.222+0000] {logging_mixin.py:190} INFO - [2026-07-12T14:01:14.222+0000] {dagbag.py:587} INFO - Filling up the DagBag from /opt/airflow/dags/processor.py
[2026-07-12T14:01:14.242+0000] {processor.py:925} INFO - DAG(s) 'dag_isi_data_mart_testing' retrieved from /opt/airflow/dags/processor.py
[2026-07-12T14:01:14.281+0000] {logging_mixin.py:190} INFO - [2026-07-12T14:01:14.281+0000] {dag.py:3211} INFO - Sync 1 DAGs
[2026-07-12T14:01:14.296+0000] {logging_mixin.py:190} INFO - [2026-07-12T14:01:14.296+0000] {dag.py:4138} INFO - Setting next_dagrun for dag_isi_data_mart_testing to None, run_after=None
[2026-07-12T14:01:14.322+0000] {processor.py:208} INFO - Processing /opt/airflow/dags/processor.py took 0.109 seconds
[2026-07-12T14:01:44.611+0000] {processor.py:186} INFO - Started process (PID=523) to work on /opt/airflow/dags/processor.py
[2026-07-12T14:01:44.612+0000] {processor.py:914} INFO - Processing file /opt/airflow/dags/processor.py for tasks to queue
[2026-07-12T14:01:44.615+0000] {logging_mixin.py:190} INFO - [2026-07-12T14:01:44.615+0000] {dagbag.py:587} INFO - Filling up the DagBag from /opt/airflow/dags/processor.py
[2026-07-12T14:01:44.634+0000] {processor.py:925} INFO - DAG(s) 'dag_isi_data_mart_testing' retrieved from /opt/airflow/dags/processor.py
[2026-07-12T14:01:44.684+0000] {logging_mixin.py:190} INFO - [2026-07-12T14:01:44.684+0000] {dag.py:3211} INFO - Sync 1 DAGs
[2026-07-12T14:01:44.701+0000] {logging_mixin.py:190} INFO - [2026-07-12T14:01:44.700+0000] {dag.py:4138} INFO - Setting next_dagrun for dag_isi_data_mart_testing to None, run_after=None
[2026-07-12T14:01:44.726+0000] {processor.py:208} INFO - Processing /opt/airflow/dags/processor.py took 0.122 seconds
[2026-07-12T14:02:14.962+0000] {processor.py:186} INFO - Started process (PID=532) to work on /opt/airflow/dags/processor.py
[2026-07-12T14:02:14.962+0000] {processor.py:914} INFO - Processing file /opt/airflow/dags/processor.py for tasks to queue
[2026-07-12T14:02:14.965+0000] {logging_mixin.py:190} INFO - [2026-07-12T14:02:14.965+0000] {dagbag.py:587} INFO - Filling up the DagBag from /opt/airflow/dags/processor.py
[2026-07-12T14:02:14.983+0000] {processor.py:925} INFO - DAG(s) 'dag_isi_data_mart_testing' retrieved from /opt/airflow/dags/processor.py
[2026-07-12T14:02:15.021+0000] {logging_mixin.py:190} INFO - [2026-07-12T14:02:15.021+0000] {dag.py:3211} INFO - Sync 1 DAGs
[2026-07-12T14:02:15.035+0000] {logging_mixin.py:190} INFO - [2026-07-12T14:02:15.035+0000] {dag.py:4138} INFO - Setting next_dagrun for dag_isi_data_mart_testing to None, run_after=None
[2026-07-12T14:02:15.059+0000] {processor.py:208} INFO - Processing /opt/airflow/dags/processor.py took 0.103 seconds
[2026-07-12T14:02:45.413+0000] {processor.py:186} INFO - Started process (PID=540) to work on /opt/airflow/dags/processor.py
[2026-07-12T14:02:45.415+0000] {processor.py:914} INFO - Processing file /opt/airflow/dags/processor.py for tasks to queue
[2026-07-12T14:02:45.417+0000] {logging_mixin.py:190} INFO - [2026-07-12T14:02:45.417+0000] {dagbag.py:587} INFO - Filling up the DagBag from /opt/airflow/dags/processor.py
[2026-07-12T14:02:45.434+0000] {processor.py:925} INFO - DAG(s) 'dag_isi_data_mart_testing' retrieved from /opt/airflow/dags/processor.py
[2026-07-12T14:02:45.473+0000] {logging_mixin.py:190} INFO - [2026-07-12T14:02:45.472+0000] {dag.py:3211} INFO - Sync 1 DAGs
[2026-07-12T14:02:45.488+0000] {logging_mixin.py:190} INFO - [2026-07-12T14:02:45.488+0000] {dag.py:4138} INFO - Setting next_dagrun for dag_isi_data_mart_testing to None, run_after=None
[2026-07-12T14:02:45.515+0000] {processor.py:208} INFO - Processing /opt/airflow/dags/processor.py took 0.108 seconds
[2026-07-12T14:03:15.848+0000] {processor.py:186} INFO - Started process (PID=548) to work on /opt/airflow/dags/processor.py
[2026-07-12T14:03:15.848+0000] {processor.py:914} INFO - Processing file /opt/airflow/dags/processor.py for tasks to queue
[2026-07-12T14:03:15.851+0000] {logging_mixin.py:190} INFO - [2026-07-12T14:03:15.850+0000] {dagbag.py:587} INFO - Filling up the DagBag from /opt/airflow/dags/processor.py
[2026-07-12T14:03:15.867+0000] {processor.py:925} INFO - DAG(s) 'dag_isi_data_mart_testing' retrieved from /opt/airflow/dags/processor.py
[2026-07-12T14:03:15.907+0000] {logging_mixin.py:190} INFO - [2026-07-12T14:03:15.906+0000] {dag.py:3211} INFO - Sync 1 DAGs
[2026-07-12T14:03:15.924+0000] {logging_mixin.py:190} INFO - [2026-07-12T14:03:15.924+0000] {dag.py:4138} INFO - Setting next_dagrun for dag_isi_data_mart_testing to None, run_after=None
[2026-07-12T14:03:15.950+0000] {processor.py:208} INFO - Processing /opt/airflow/dags/processor.py took 0.109 seconds
[2026-07-12T14:03:46.174+0000] {processor.py:186} INFO - Started process (PID=556) to work on /opt/airflow/dags/processor.py
[2026-07-12T14:03:46.176+0000] {processor.py:914} INFO - Processing file /opt/airflow/dags/processor.py for tasks to queue
[2026-07-12T14:03:46.178+0000] {logging_mixin.py:190} INFO - [2026-07-12T14:03:46.178+0000] {dagbag.py:587} INFO - Filling up the DagBag from /opt/airflow/dags/processor.py
[2026-07-12T14:03:46.195+0000] {processor.py:925} INFO - DAG(s) 'dag_isi_data_mart_testing' retrieved from /opt/airflow/dags/processor.py
[2026-07-12T14:03:46.234+0000] {logging_mixin.py:190} INFO - [2026-07-12T14:03:46.233+0000] {dag.py:3211} INFO - Sync 1 DAGs
[2026-07-12T14:03:46.249+0000] {logging_mixin.py:190} INFO - [2026-07-12T14:03:46.249+0000] {dag.py:4138} INFO - Setting next_dagrun for dag_isi_data_mart_testing to None, run_after=None
[2026-07-12T14:03:46.273+0000] {processor.py:208} INFO - Processing /opt/airflow/dags/processor.py took 0.105 seconds
[2026-07-12T14:04:16.576+0000] {processor.py:186} INFO - Started process (PID=564) to work on /opt/airflow/dags/processor.py
[2026-07-12T14:04:16.577+0000] {processor.py:914} INFO - Processing file /opt/airflow/dags/processor.py for tasks to queue
[2026-07-12T14:04:16.579+0000] {logging_mixin.py:190} INFO - [2026-07-12T14:04:16.579+0000] {dagbag.py:587} INFO - Filling up the DagBag from /opt/airflow/dags/processor.py
[2026-07-12T14:04:16.595+0000] {processor.py:925} INFO - DAG(s) 'dag_isi_data_mart_testing' retrieved from /opt/airflow/dags/processor.py
[2026-07-12T14:04:16.636+0000] {logging_mixin.py:190} INFO - [2026-07-12T14:04:16.635+0000] {dag.py:3211} INFO - Sync 1 DAGs
[2026-07-12T14:04:16.650+0000] {logging_mixin.py:190} INFO - [2026-07-12T14:04:16.650+0000] {dag.py:4138} INFO - Setting next_dagrun for dag_isi_data_mart_testing to None, run_after=None
[2026-07-12T14:04:16.673+0000] {processor.py:208} INFO - Processing /opt/airflow/dags/processor.py took 0.104 seconds
[2026-07-12T14:04:46.918+0000] {processor.py:186} INFO - Started process (PID=572) to work on /opt/airflow/dags/processor.py
[2026-07-12T14:04:46.919+0000] {processor.py:914} INFO - Processing file /opt/airflow/dags/processor.py for tasks to queue
[2026-07-12T14:04:46.921+0000] {logging_mixin.py:190} INFO - [2026-07-12T14:04:46.921+0000] {dagbag.py:587} INFO - Filling up the DagBag from /opt/airflow/dags/processor.py
[2026-07-12T14:04:46.937+0000] {processor.py:925} INFO - DAG(s) 'dag_isi_data_mart_testing' retrieved from /opt/airflow/dags/processor.py
[2026-07-12T14:04:46.977+0000] {logging_mixin.py:190} INFO - [2026-07-12T14:04:46.976+0000] {dag.py:3211} INFO - Sync 1 DAGs
[2026-07-12T14:04:46.993+0000] {logging_mixin.py:190} INFO - [2026-07-12T14:04:46.992+0000] {dag.py:4138} INFO - Setting next_dagrun for dag_isi_data_mart_testing to None, run_after=None
[2026-07-12T14:04:47.015+0000] {processor.py:208} INFO - Processing /opt/airflow/dags/processor.py took 0.103 seconds
[2026-07-12T14:05:17.309+0000] {processor.py:186} INFO - Started process (PID=580) to work on /opt/airflow/dags/processor.py
[2026-07-12T14:05:17.310+0000] {processor.py:914} INFO - Processing file /opt/airflow/dags/processor.py for tasks to queue
[2026-07-12T14:05:17.312+0000] {logging_mixin.py:190} INFO - [2026-07-12T14:05:17.312+0000] {dagbag.py:587} INFO - Filling up the DagBag from /opt/airflow/dags/processor.py
[2026-07-12T14:05:17.334+0000] {processor.py:925} INFO - DAG(s) 'dag_isi_data_mart_testing' retrieved from /opt/airflow/dags/processor.py
[2026-07-12T14:05:17.385+0000] {logging_mixin.py:190} INFO - [2026-07-12T14:05:17.384+0000] {dag.py:3211} INFO - Sync 1 DAGs
[2026-07-12T14:05:17.403+0000] {logging_mixin.py:190} INFO - [2026-07-12T14:05:17.403+0000] {dag.py:4138} INFO - Setting next_dagrun for dag_isi_data_mart_testing to None, run_after=None
[2026-07-12T14:05:17.432+0000] {processor.py:208} INFO - Processing /opt/airflow/dags/processor.py took 0.131 seconds
[2026-07-12T14:05:47.817+0000] {processor.py:186} INFO - Started process (PID=588) to work on /opt/airflow/dags/processor.py
[2026-07-12T14:05:47.818+0000] {processor.py:914} INFO - Processing file /opt/airflow/dags/processor.py for tasks to queue
[2026-07-12T14:05:47.823+0000] {logging_mixin.py:190} INFO - [2026-07-12T14:05:47.822+0000] {dagbag.py:587} INFO - Filling up the DagBag from /opt/airflow/dags/processor.py
[2026-07-12T14:05:47.847+0000] {processor.py:925} INFO - DAG(s) 'dag_isi_data_mart_testing' retrieved from /opt/airflow/dags/processor.py
[2026-07-12T14:05:47.892+0000] {logging_mixin.py:190} INFO - [2026-07-12T14:05:47.892+0000] {dag.py:3211} INFO - Sync 1 DAGs
[2026-07-12T14:05:47.910+0000] {logging_mixin.py:190} INFO - [2026-07-12T14:05:47.910+0000] {dag.py:4138} INFO - Setting next_dagrun for dag_isi_data_mart_testing to None, run_after=None
[2026-07-12T14:05:47.937+0000] {processor.py:208} INFO - Processing /opt/airflow/dags/processor.py took 0.127 seconds
[2026-07-12T14:06:18.203+0000] {processor.py:186} INFO - Started process (PID=596) to work on /opt/airflow/dags/processor.py
[2026-07-12T14:06:18.204+0000] {processor.py:914} INFO - Processing file /opt/airflow/dags/processor.py for tasks to queue
[2026-07-12T14:06:18.207+0000] {logging_mixin.py:190} INFO - [2026-07-12T14:06:18.207+0000] {dagbag.py:587} INFO - Filling up the DagBag from /opt/airflow/dags/processor.py
[2026-07-12T14:06:18.228+0000] {processor.py:925} INFO - DAG(s) 'dag_isi_data_mart_testing' retrieved from /opt/airflow/dags/processor.py
[2026-07-12T14:06:18.280+0000] {logging_mixin.py:190} INFO - [2026-07-12T14:06:18.280+0000] {dag.py:3211} INFO - Sync 1 DAGs
[2026-07-12T14:06:18.303+0000] {logging_mixin.py:190} INFO - [2026-07-12T14:06:18.303+0000] {dag.py:4138} INFO - Setting next_dagrun for dag_isi_data_mart_testing to None, run_after=None
[2026-07-12T14:06:18.334+0000] {processor.py:208} INFO - Processing /opt/airflow/dags/processor.py took 0.139 seconds
[2026-07-12T14:06:48.766+0000] {processor.py:186} INFO - Started process (PID=604) to work on /opt/airflow/dags/processor.py
[2026-07-12T14:06:48.768+0000] {processor.py:914} INFO - Processing file /opt/airflow/dags/processor.py for tasks to queue
[2026-07-12T14:06:48.771+0000] {logging_mixin.py:190} INFO - [2026-07-12T14:06:48.771+0000] {dagbag.py:587} INFO - Filling up the DagBag from /opt/airflow/dags/processor.py
[2026-07-12T14:06:48.791+0000] {processor.py:925} INFO - DAG(s) 'dag_isi_data_mart_testing' retrieved from /opt/airflow/dags/processor.py
[2026-07-12T14:06:48.841+0000] {logging_mixin.py:190} INFO - [2026-07-12T14:06:48.841+0000] {dag.py:3211} INFO - Sync 1 DAGs
[2026-07-12T14:06:48.865+0000] {logging_mixin.py:190} INFO - [2026-07-12T14:06:48.864+0000] {dag.py:4138} INFO - Setting next_dagrun for dag_isi_data_mart_testing to None, run_after=None
[2026-07-12T14:06:48.900+0000] {processor.py:208} INFO - Processing /opt/airflow/dags/processor.py took 0.142 seconds
[2026-07-12T14:07:19.145+0000] {processor.py:186} INFO - Started process (PID=612) to work on /opt/airflow/dags/processor.py
[2026-07-12T14:07:19.146+0000] {processor.py:914} INFO - Processing file /opt/airflow/dags/processor.py for tasks to queue
[2026-07-12T14:07:19.149+0000] {logging_mixin.py:190} INFO - [2026-07-12T14:07:19.149+0000] {dagbag.py:587} INFO - Filling up the DagBag from /opt/airflow/dags/processor.py
[2026-07-12T14:07:19.170+0000] {processor.py:925} INFO - DAG(s) 'dag_isi_data_mart_testing' retrieved from /opt/airflow/dags/processor.py
[2026-07-12T14:07:19.259+0000] {logging_mixin.py:190} INFO - [2026-07-12T14:07:19.258+0000] {dag.py:3211} INFO - Sync 1 DAGs
[2026-07-12T14:07:19.300+0000] {logging_mixin.py:190} INFO - [2026-07-12T14:07:19.300+0000] {dag.py:4138} INFO - Setting next_dagrun for dag_isi_data_mart_testing to None, run_after=None
[2026-07-12T14:07:19.338+0000] {processor.py:208} INFO - Processing /opt/airflow/dags/processor.py took 0.202 seconds
