[2026-06-28T11:01:33.964+0000] {manager.py:483} INFO - Processing files using up to 2 processes at a time 
[2026-06-28T11:01:33.965+0000] {manager.py:484} INFO - Process each file at most once every 30 seconds
[2026-06-28T11:01:33.965+0000] {manager.py:485} INFO - Checking for new files in /opt/airflow/dags every 300 seconds
[2026-06-28T11:01:33.965+0000] {manager.py:821} INFO - Searching for files in /opt/airflow/dags
[2026-06-28T11:01:34.002+0000] {manager.py:824} INFO - There are 56 files in /opt/airflow/dags
[2026-06-28T11:01:34.247+0000] {manager.py:997} INFO - 
================================================================================
DAG File Processing Stats

File Path                                                                                                                            PID  Runtime      # DAGs    # Errors  Last Runtime    Last Run      Last # of DB Queries
---------------------------------------------------------------------------------------------------------------------------------  -----  ---------  --------  ----------  --------------  ----------  ----------------------
/home/airflow/.local/lib/python3.12/site-packages/airflow/example_dags/example_bash_decorator.py                                      28  0.13s             0           0                                                   0
/home/airflow/.local/lib/python3.12/site-packages/airflow/example_dags/example_bash_operator.py                                       29  0.12s             0           0                                                   0
/home/airflow/.local/lib/python3.12/site-packages/airflow/example_dags/example_branch_datetime_operator.py                                                  0           0                                                   0
/home/airflow/.local/lib/python3.12/site-packages/airflow/example_dags/example_branch_day_of_week_operator.py                                               0           0                                                   0
/home/airflow/.local/lib/python3.12/site-packages/airflow/example_dags/example_branch_labels.py                                                             0           0                                                   0
/home/airflow/.local/lib/python3.12/site-packages/airflow/example_dags/example_branch_operator.py                                                           0           0                                                   0
/home/airflow/.local/lib/python3.12/site-packages/airflow/example_dags/example_branch_operator_decorator.py                                                 0           0                                                   0
/home/airflow/.local/lib/python3.12/site-packages/airflow/example_dags/example_branch_python_dop_operator_3.py                                              0           0                                                   0
/home/airflow/.local/lib/python3.12/site-packages/airflow/example_dags/example_complex.py                                                                   0           0                                                   0
/home/airflow/.local/lib/python3.12/site-packages/airflow/example_dags/example_dag_decorator.py                                                             0           0                                                   0
/home/airflow/.local/lib/python3.12/site-packages/airflow/example_dags/example_dataset_alias.py                                                             0           0                                                   0
/home/airflow/.local/lib/python3.12/site-packages/airflow/example_dags/example_dataset_alias_with_no_taskflow.py                                            0           0                                                   0
/home/airflow/.local/lib/python3.12/site-packages/airflow/example_dags/example_datasets.py                                                                  0           0                                                   0
/home/airflow/.local/lib/python3.12/site-packages/airflow/example_dags/example_display_name.py                                                              0           0                                                   0
/home/airflow/.local/lib/python3.12/site-packages/airflow/example_dags/example_dynamic_task_mapping.py                                                      0           0                                                   0
/home/airflow/.local/lib/python3.12/site-packages/airflow/example_dags/example_dynamic_task_mapping_with_no_taskflow_operators.py                           0           0                                                   0
/home/airflow/.local/lib/python3.12/site-packages/airflow/example_dags/example_external_task_marker_dag.py                                                  0           0                                                   0
/home/airflow/.local/lib/python3.12/site-packages/airflow/example_dags/example_inlet_event_extra.py                                                         0           0                                                   0
/home/airflow/.local/lib/python3.12/site-packages/airflow/example_dags/example_kubernetes_executor.py                                                       0           0                                                   0
/home/airflow/.local/lib/python3.12/site-packages/airflow/example_dags/example_latest_only.py                                                               0           0                                                   0
/home/airflow/.local/lib/python3.12/site-packages/airflow/example_dags/example_latest_only_with_trigger.py                                                  0           0                                                   0
/home/airflow/.local/lib/python3.12/site-packages/airflow/example_dags/example_local_kubernetes_executor.py                                                 0           0                                                   0
/home/airflow/.local/lib/python3.12/site-packages/airflow/example_dags/example_nested_branch_dag.py                                                         0           0                                                   0
/home/airflow/.local/lib/python3.12/site-packages/airflow/example_dags/example_outlet_event_extra.py                                                        0           0                                                   0
/home/airflow/.local/lib/python3.12/site-packages/airflow/example_dags/example_params_trigger_ui.py                                                         0           0                                                   0
/home/airflow/.local/lib/python3.12/site-packages/airflow/example_dags/example_params_ui_tutorial.py                                                        0           0                                                   0
/home/airflow/.local/lib/python3.12/site-packages/airflow/example_dags/example_passing_params_via_test_command.py                                           0           0                                                   0
/home/airflow/.local/lib/python3.12/site-packages/airflow/example_dags/example_python_decorator.py                                                          0           0                                                   0
/home/airflow/.local/lib/python3.12/site-packages/airflow/example_dags/example_python_operator.py                                                           0           0                                                   0
/home/airflow/.local/lib/python3.12/site-packages/airflow/example_dags/example_sensor_decorator.py                                                          0           0                                                   0
/home/airflow/.local/lib/python3.12/site-packages/airflow/example_dags/example_sensors.py                                                                   0           0                                                   0
/home/airflow/.local/lib/python3.12/site-packages/airflow/example_dags/example_setup_teardown.py                                                            0           0                                                   0
/home/airflow/.local/lib/python3.12/site-packages/airflow/example_dags/example_setup_teardown_taskflow.py                                                   0           0                                                   0
/home/airflow/.local/lib/python3.12/site-packages/airflow/example_dags/example_short_circuit_decorator.py                                                   0           0                                                   0
/home/airflow/.local/lib/python3.12/site-packages/airflow/example_dags/example_short_circuit_operator.py                                                    0           0                                                   0
/home/airflow/.local/lib/python3.12/site-packages/airflow/example_dags/example_skip_dag.py                                                                  0           0                                                   0
/home/airflow/.local/lib/python3.12/site-packages/airflow/example_dags/example_sla_dag.py                                                                   0           0                                                   0
/home/airflow/.local/lib/python3.12/site-packages/airflow/example_dags/example_subdag_operator.py                                                           0           0                                                   0
/home/airflow/.local/lib/python3.12/site-packages/airflow/example_dags/example_task_group.py                                                                0           0                                                   0
/home/airflow/.local/lib/python3.12/site-packages/airflow/example_dags/example_task_group_decorator.py                                                      0           0                                                   0
/home/airflow/.local/lib/python3.12/site-packages/airflow/example_dags/example_time_delta_sensor_async.py                                                   0           0                                                   0
/home/airflow/.local/lib/python3.12/site-packages/airflow/example_dags/example_trigger_controller_dag.py                                                    0           0                                                   0
/home/airflow/.local/lib/python3.12/site-packages/airflow/example_dags/example_trigger_target_dag.py                                                        0           0                                                   0
/home/airflow/.local/lib/python3.12/site-packages/airflow/example_dags/example_workday_timetable.py                                                         0           0                                                   0
/home/airflow/.local/lib/python3.12/site-packages/airflow/example_dags/example_xcom.py                                                                      0           0                                                   0
/home/airflow/.local/lib/python3.12/site-packages/airflow/example_dags/example_xcomargs.py                                                                  0           0                                                   0
/home/airflow/.local/lib/python3.12/site-packages/airflow/example_dags/tutorial.py                                                                          0           0                                                   0
/home/airflow/.local/lib/python3.12/site-packages/airflow/example_dags/tutorial_dag.py                                                                      0           0                                                   0
/home/airflow/.local/lib/python3.12/site-packages/airflow/example_dags/tutorial_objectstorage.py                                                            0           0                                                   0
/home/airflow/.local/lib/python3.12/site-packages/airflow/example_dags/tutorial_taskflow_api.py                                                             0           0                                                   0
/home/airflow/.local/lib/python3.12/site-packages/airflow/example_dags/tutorial_taskflow_api_virtualenv.py                                                  0           0                                                   0
/home/airflow/.local/lib/python3.12/site-packages/airflow/example_dags/plugins/decreasing_priority_weight_strategy.py                                       0           0                                                   0
/home/airflow/.local/lib/python3.12/site-packages/airflow/example_dags/plugins/event_listener.py                                                            0           0                                                   0
/home/airflow/.local/lib/python3.12/site-packages/airflow/example_dags/plugins/listener_plugin.py                                                           0           0                                                   0
/home/airflow/.local/lib/python3.12/site-packages/airflow/example_dags/plugins/workday.py                                                                   0           0                                                   0
/home/airflow/.local/lib/python3.12/site-packages/airflow/example_dags/subdags/subdag.py                                                                    0           0                                                   0
================================================================================
[2026-06-28T11:02:05.251+0000] {manager.py:997} INFO - 
================================================================================
DAG File Processing Stats

File Path                                                                                                                            PID  Runtime      # DAGs    # Errors  Last Runtime    Last Run               Last # of DB Queries
---------------------------------------------------------------------------------------------------------------------------------  -----  ---------  --------  ----------  --------------  -------------------  ----------------------
/home/airflow/.local/lib/python3.12/site-packages/airflow/example_dags/example_dataset_alias.py                                                             4           0  2.05s           2026-06-28T11:01:38                      81
/home/airflow/.local/lib/python3.12/site-packages/airflow/example_dags/example_dataset_alias_with_no_taskflow.py                                            4           0  1.86s           2026-06-28T11:01:38                      81
/home/airflow/.local/lib/python3.12/site-packages/airflow/example_dags/example_datasets.py                                                                 10           0  0.68s           2026-06-28T11:01:38                     189
/home/airflow/.local/lib/python3.12/site-packages/airflow/example_dags/example_bash_decorator.py                                      90  0.01s             1           0  0.50s           2026-06-28T11:01:34                      24
/home/airflow/.local/lib/python3.12/site-packages/airflow/example_dags/example_bash_operator.py                                       91  0.01s             1           0  0.46s           2026-06-28T11:01:34                      26
/home/airflow/.local/lib/python3.12/site-packages/airflow/example_dags/example_task_group.py                                                                1           0  0.42s           2026-06-28T11:01:42                      26
/home/airflow/.local/lib/python3.12/site-packages/airflow/example_dags/example_workday_timetable.py                                                         1           0  0.40s           2026-06-28T11:01:43                      26
/home/airflow/.local/lib/python3.12/site-packages/airflow/example_dags/example_dag_decorator.py                                                             1           0  0.40s           2026-06-28T11:01:36                      24
/home/airflow/.local/lib/python3.12/site-packages/airflow/example_dags/example_outlet_event_extra.py                                                        3           0  0.39s           2026-06-28T11:01:40                      61
/home/airflow/.local/lib/python3.12/site-packages/airflow/example_dags/example_inlet_event_extra.py                                                         2           0  0.37s           2026-06-28T11:01:39                      43
/home/airflow/.local/lib/python3.12/site-packages/airflow/example_dags/example_subdag_operator.py                                                           3           0  0.36s           2026-06-28T11:01:41                      34
/home/airflow/.local/lib/python3.12/site-packages/airflow/example_dags/example_branch_operator_decorator.py                                                 1           0  0.34s           2026-06-28T11:01:35                      26
/home/airflow/.local/lib/python3.12/site-packages/airflow/example_dags/example_task_group_decorator.py                                                      1           0  0.34s           2026-06-28T11:01:42                      26
/home/airflow/.local/lib/python3.12/site-packages/airflow/example_dags/example_time_delta_sensor_async.py                                                   1           0  0.31s           2026-06-28T11:01:42                      24
/home/airflow/.local/lib/python3.12/site-packages/airflow/example_dags/example_dynamic_task_mapping.py                                                      1           0  0.31s           2026-06-28T11:01:39                      26
/home/airflow/.local/lib/python3.12/site-packages/airflow/example_dags/example_display_name.py                                                              1           0  0.30s           2026-06-28T11:01:39                      24
/home/airflow/.local/lib/python3.12/site-packages/airflow/example_dags/example_trigger_controller_dag.py                                                    1           0  0.29s           2026-06-28T11:01:42                      26
/home/airflow/.local/lib/python3.12/site-packages/airflow/example_dags/example_sla_dag.py                                                                   1           0  0.29s           2026-06-28T11:01:41                      26
/home/airflow/.local/lib/python3.12/site-packages/airflow/example_dags/example_complex.py                                                                   1           0  0.28s           2026-06-28T11:01:35                      24
/home/airflow/.local/lib/python3.12/site-packages/airflow/example_dags/example_branch_labels.py                                                             1           0  0.27s           2026-06-28T11:01:35                      26
/home/airflow/.local/lib/python3.12/site-packages/airflow/example_dags/example_skip_dag.py                                                                  1           0  0.27s           2026-06-28T11:01:41                      26
/home/airflow/.local/lib/python3.12/site-packages/airflow/example_dags/tutorial_dag.py                                                                      1           0  0.26s           2026-06-28T11:01:43                      24
/home/airflow/.local/lib/python3.12/site-packages/airflow/example_dags/tutorial_taskflow_api_virtualenv.py                                                  1           0  0.26s           2026-06-28T11:01:43                      24
/home/airflow/.local/lib/python3.12/site-packages/airflow/example_dags/example_branch_operator.py                                                           1           0  0.26s           2026-06-28T11:01:35                      26
/home/airflow/.local/lib/python3.12/site-packages/airflow/example_dags/example_branch_datetime_operator.py                                                  3           0  0.26s           2026-06-28T11:01:34                      60
/home/airflow/.local/lib/python3.12/site-packages/airflow/example_dags/example_params_ui_tutorial.py                                                        1           0  0.26s           2026-06-28T11:01:40                      24
/home/airflow/.local/lib/python3.12/site-packages/airflow/example_dags/example_xcomargs.py                                                                  2           0  0.25s           2026-06-28T11:01:43                      41
/home/airflow/.local/lib/python3.12/site-packages/airflow/example_dags/example_branch_day_of_week_operator.py                                               1           0  0.25s           2026-06-28T11:01:35                      26
/home/airflow/.local/lib/python3.12/site-packages/airflow/example_dags/tutorial_taskflow_api.py                                                             1           0  0.25s           2026-06-28T11:01:43                      24
/home/airflow/.local/lib/python3.12/site-packages/airflow/example_dags/example_trigger_target_dag.py                                                        1           0  0.24s           2026-06-28T11:01:42                      24
/home/airflow/.local/lib/python3.12/site-packages/airflow/example_dags/example_dynamic_task_mapping_with_no_taskflow_operators.py                           1           0  0.24s           2026-06-28T11:01:39                      26
/home/airflow/.local/lib/python3.12/site-packages/airflow/example_dags/example_external_task_marker_dag.py                                                  2           0  0.24s           2026-06-28T11:01:39                      41
/home/airflow/.local/lib/python3.12/site-packages/airflow/example_dags/example_short_circuit_operator.py                                                    1           0  0.23s           2026-06-28T11:01:41                      26
/home/airflow/.local/lib/python3.12/site-packages/airflow/example_dags/example_branch_python_dop_operator_3.py                                              1           0  0.23s           2026-06-28T11:01:35                      26
/home/airflow/.local/lib/python3.12/site-packages/airflow/example_dags/example_xcom.py                                                                      1           0  0.22s           2026-06-28T11:01:43                      26
/home/airflow/.local/lib/python3.12/site-packages/airflow/example_dags/example_params_trigger_ui.py                                                         1           0  0.22s           2026-06-28T11:01:40                      24
/home/airflow/.local/lib/python3.12/site-packages/airflow/example_dags/tutorial.py                                                                          1           0  0.22s           2026-06-28T11:01:43                      26
/home/airflow/.local/lib/python3.12/site-packages/airflow/example_dags/example_nested_branch_dag.py                                                         1           0  0.21s           2026-06-28T11:01:40                      26
/home/airflow/.local/lib/python3.12/site-packages/airflow/example_dags/tutorial_objectstorage.py                                                            1           0  0.21s           2026-06-28T11:01:43                      24
/home/airflow/.local/lib/python3.12/site-packages/airflow/example_dags/example_kubernetes_executor.py                                                       1           0  0.20s           2026-06-28T11:01:39                      24
/home/airflow/.local/lib/python3.12/site-packages/airflow/example_dags/example_python_decorator.py                                                          1           0  0.20s           2026-06-28T11:01:40                      24
/home/airflow/.local/lib/python3.12/site-packages/airflow/example_dags/example_setup_teardown_taskflow.py                                                   1           0  0.20s           2026-06-28T11:01:41                      26
/home/airflow/.local/lib/python3.12/site-packages/airflow/example_dags/example_short_circuit_decorator.py                                                   1           0  0.20s           2026-06-28T11:01:41                      26
/home/airflow/.local/lib/python3.12/site-packages/airflow/example_dags/example_setup_teardown.py                                                            1           0  0.20s           2026-06-28T11:01:41                      26
/home/airflow/.local/lib/python3.12/site-packages/airflow/example_dags/example_sensors.py                                                                   1           0  0.20s           2026-06-28T11:01:40                      24
/home/airflow/.local/lib/python3.12/site-packages/airflow/example_dags/example_local_kubernetes_executor.py                                                 1           0  0.19s           2026-06-28T11:01:39                      24
/home/airflow/.local/lib/python3.12/site-packages/airflow/example_dags/example_latest_only_with_trigger.py                                                  1           0  0.19s           2026-06-28T11:01:39                      26
/home/airflow/.local/lib/python3.12/site-packages/airflow/example_dags/example_passing_params_via_test_command.py                                           1           0  0.19s           2026-06-28T11:01:40                      26
/home/airflow/.local/lib/python3.12/site-packages/airflow/example_dags/example_sensor_decorator.py                                                          1           0  0.18s           2026-06-28T11:01:40                      24
/home/airflow/.local/lib/python3.12/site-packages/airflow/example_dags/example_python_operator.py                                                           1           0  0.18s           2026-06-28T11:01:40                      24
/home/airflow/.local/lib/python3.12/site-packages/airflow/example_dags/example_latest_only.py                                                               1           0  0.18s           2026-06-28T11:01:39                      26
/home/airflow/.local/lib/python3.12/site-packages/airflow/example_dags/plugins/workday.py                                                                   0           0  0.11s           2026-06-28T11:01:44                       3
/home/airflow/.local/lib/python3.12/site-packages/airflow/example_dags/subdags/subdag.py                                                                    0           0  0.08s           2026-06-28T11:01:44                       3
/home/airflow/.local/lib/python3.12/site-packages/airflow/example_dags/plugins/listener_plugin.py                                                           0           0  0.08s           2026-06-28T11:01:44                       3
/home/airflow/.local/lib/python3.12/site-packages/airflow/example_dags/plugins/decreasing_priority_weight_strategy.py                                       0           0  0.07s           2026-06-28T11:01:43                       3
/home/airflow/.local/lib/python3.12/site-packages/airflow/example_dags/plugins/event_listener.py                                                            0           0  0.06s           2026-06-28T11:01:43                       3
================================================================================
[2026-06-28T11:02:35.921+0000] {manager.py:997} INFO - 
================================================================================
DAG File Processing Stats

File Path                                                                                                                            PID  Runtime      # DAGs    # Errors  Last Runtime    Last Run               Last # of DB Queries
---------------------------------------------------------------------------------------------------------------------------------  -----  ---------  --------  ----------  --------------  -------------------  ----------------------
/home/airflow/.local/lib/python3.12/site-packages/airflow/example_dags/example_dataset_alias.py                                                             4           0  0.30s           2026-06-28T11:02:08                      27
/home/airflow/.local/lib/python3.12/site-packages/airflow/example_dags/example_dataset_alias_with_no_taskflow.py                                            4           0  0.29s           2026-06-28T11:02:08                      27
/home/airflow/.local/lib/python3.12/site-packages/airflow/example_dags/example_datasets.py                                                                 10           0  0.26s           2026-06-28T11:02:09                      49
/home/airflow/.local/lib/python3.12/site-packages/airflow/example_dags/example_inlet_event_extra.py                                                         2           0  0.21s           2026-06-28T11:02:10                      15
/home/airflow/.local/lib/python3.12/site-packages/airflow/example_dags/example_outlet_event_extra.py                                                        3           0  0.21s           2026-06-28T11:02:11                      19
/home/airflow/.local/lib/python3.12/site-packages/airflow/example_dags/example_dag_decorator.py                                                             1           0  0.19s           2026-06-28T11:02:07                      20
/home/airflow/.local/lib/python3.12/site-packages/airflow/example_dags/example_workday_timetable.py                                                         1           0  0.14s           2026-06-28T11:02:14                      12
/home/airflow/.local/lib/python3.12/site-packages/airflow/example_dags/example_short_circuit_decorator.py                                                   1           0  0.13s           2026-06-28T11:02:11                      12
/home/airflow/.local/lib/python3.12/site-packages/airflow/example_dags/example_branch_datetime_operator.py                                                  3           0  0.12s           2026-06-28T11:02:05                      18
/home/airflow/.local/lib/python3.12/site-packages/airflow/example_dags/example_short_circuit_operator.py                                                    1           0  0.12s           2026-06-28T11:02:11                      12
/home/airflow/.local/lib/python3.12/site-packages/airflow/example_dags/example_branch_operator.py                                                           1           0  0.12s           2026-06-28T11:02:05                      12
/home/airflow/.local/lib/python3.12/site-packages/airflow/example_dags/example_branch_labels.py                                                             1           0  0.11s           2026-06-28T11:02:05                      12
/home/airflow/.local/lib/python3.12/site-packages/airflow/example_dags/example_branch_operator_decorator.py                                                 1           0  0.11s           2026-06-28T11:02:05                      12
/home/airflow/.local/lib/python3.12/site-packages/airflow/example_dags/example_subdag_operator.py                                                           3           0  0.11s           2026-06-28T11:02:12                      20
/home/airflow/.local/lib/python3.12/site-packages/airflow/example_dags/example_kubernetes_executor.py                                                       1           0  0.11s           2026-06-28T11:02:10                      10
/home/airflow/.local/lib/python3.12/site-packages/airflow/example_dags/example_branch_day_of_week_operator.py                                               1           0  0.11s           2026-06-28T11:02:05                      12
/home/airflow/.local/lib/python3.12/site-packages/airflow/example_dags/example_bash_operator.py                                      153  0.01s             1           0  0.11s           2026-06-28T11:02:05                      12
/home/airflow/.local/lib/python3.12/site-packages/airflow/example_dags/example_task_group_decorator.py                                                      1           0  0.10s           2026-06-28T11:02:14                      12
/home/airflow/.local/lib/python3.12/site-packages/airflow/example_dags/example_task_group.py                                                                1           0  0.10s           2026-06-28T11:02:13                      12
/home/airflow/.local/lib/python3.12/site-packages/airflow/example_dags/example_params_ui_tutorial.py                                                        1           0  0.10s           2026-06-28T11:02:11                      10
/home/airflow/.local/lib/python3.12/site-packages/airflow/example_dags/tutorial_taskflow_api_virtualenv.py                                                  1           0  0.10s           2026-06-28T11:02:14                      10
/home/airflow/.local/lib/python3.12/site-packages/airflow/example_dags/example_bash_decorator.py                                     152  0.01s             1           0  0.10s           2026-06-28T11:02:05                      10
/home/airflow/.local/lib/python3.12/site-packages/airflow/example_dags/example_branch_python_dop_operator_3.py                                              1           0  0.10s           2026-06-28T11:02:05                      12
/home/airflow/.local/lib/python3.12/site-packages/airflow/example_dags/example_params_trigger_ui.py                                                         1           0  0.10s           2026-06-28T11:02:11                      10
/home/airflow/.local/lib/python3.12/site-packages/airflow/example_dags/example_nested_branch_dag.py                                                         1           0  0.10s           2026-06-28T11:02:10                      12
/home/airflow/.local/lib/python3.12/site-packages/airflow/example_dags/tutorial_dag.py                                                                      1           0  0.10s           2026-06-28T11:02:14                      10
/home/airflow/.local/lib/python3.12/site-packages/airflow/example_dags/example_complex.py                                                                   1           0  0.10s           2026-06-28T11:02:06                      10
/home/airflow/.local/lib/python3.12/site-packages/airflow/example_dags/example_passing_params_via_test_command.py                                           1           0  0.10s           2026-06-28T11:02:11                      12
/home/airflow/.local/lib/python3.12/site-packages/airflow/example_dags/example_setup_teardown_taskflow.py                                                   1           0  0.09s           2026-06-28T11:02:11                      12
/home/airflow/.local/lib/python3.12/site-packages/airflow/example_dags/tutorial.py                                                                          1           0  0.09s           2026-06-28T11:02:14                      12
/home/airflow/.local/lib/python3.12/site-packages/airflow/example_dags/tutorial_objectstorage.py                                                            1           0  0.09s           2026-06-28T11:02:14                      10
/home/airflow/.local/lib/python3.12/site-packages/airflow/example_dags/example_xcom.py                                                                      1           0  0.09s           2026-06-28T11:02:14                      12
/home/airflow/.local/lib/python3.12/site-packages/airflow/example_dags/example_local_kubernetes_executor.py                                                 1           0  0.09s           2026-06-28T11:02:10                      10
/home/airflow/.local/lib/python3.12/site-packages/airflow/example_dags/example_xcomargs.py                                                                  2           0  0.09s           2026-06-28T11:02:14                      13
/home/airflow/.local/lib/python3.12/site-packages/airflow/example_dags/example_sla_dag.py                                                                   1           0  0.09s           2026-06-28T11:02:11                      12
/home/airflow/.local/lib/python3.12/site-packages/airflow/example_dags/tutorial_taskflow_api.py                                                             1           0  0.09s           2026-06-28T11:02:14                      10
/home/airflow/.local/lib/python3.12/site-packages/airflow/example_dags/example_setup_teardown.py                                                            1           0  0.09s           2026-06-28T11:02:11                      12
/home/airflow/.local/lib/python3.12/site-packages/airflow/example_dags/example_latest_only_with_trigger.py                                                  1           0  0.09s           2026-06-28T11:02:10                      12
/home/airflow/.local/lib/python3.12/site-packages/airflow/example_dags/example_python_operator.py                                                           1           0  0.09s           2026-06-28T11:02:11                      10
/home/airflow/.local/lib/python3.12/site-packages/airflow/example_dags/example_dynamic_task_mapping.py                                                      1           0  0.09s           2026-06-28T11:02:09                      12
/home/airflow/.local/lib/python3.12/site-packages/airflow/example_dags/example_trigger_controller_dag.py                                                    1           0  0.09s           2026-06-28T11:02:14                      12
/home/airflow/.local/lib/python3.12/site-packages/airflow/example_dags/example_skip_dag.py                                                                  1           0  0.09s           2026-06-28T11:02:11                      12
/home/airflow/.local/lib/python3.12/site-packages/airflow/example_dags/example_python_decorator.py                                                          1           0  0.09s           2026-06-28T11:02:11                      10
/home/airflow/.local/lib/python3.12/site-packages/airflow/example_dags/example_external_task_marker_dag.py                                                  2           0  0.08s           2026-06-28T11:02:09                      13
/home/airflow/.local/lib/python3.12/site-packages/airflow/example_dags/example_dynamic_task_mapping_with_no_taskflow_operators.py                           1           0  0.08s           2026-06-28T11:02:09                      12
/home/airflow/.local/lib/python3.12/site-packages/airflow/example_dags/example_latest_only.py                                                               1           0  0.08s           2026-06-28T11:02:10                      12
/home/airflow/.local/lib/python3.12/site-packages/airflow/example_dags/example_sensors.py                                                                   1           0  0.08s           2026-06-28T11:02:11                      10
/home/airflow/.local/lib/python3.12/site-packages/airflow/example_dags/example_sensor_decorator.py                                                          1           0  0.08s           2026-06-28T11:02:11                      10
/home/airflow/.local/lib/python3.12/site-packages/airflow/example_dags/example_trigger_target_dag.py                                                        1           0  0.08s           2026-06-28T11:02:14                      10
/home/airflow/.local/lib/python3.12/site-packages/airflow/example_dags/example_time_delta_sensor_async.py                                                   1           0  0.08s           2026-06-28T11:02:13                      10
/home/airflow/.local/lib/python3.12/site-packages/airflow/example_dags/example_display_name.py                                                              1           0  0.07s           2026-06-28T11:02:09                      10
/home/airflow/.local/lib/python3.12/site-packages/airflow/example_dags/plugins/workday.py                                                                   0           0  0.05s           2026-06-28T11:02:14                       3
/home/airflow/.local/lib/python3.12/site-packages/airflow/example_dags/plugins/decreasing_priority_weight_strategy.py                                       0           0  0.04s           2026-06-28T11:02:14                       3
/home/airflow/.local/lib/python3.12/site-packages/airflow/example_dags/plugins/listener_plugin.py                                                           0           0  0.04s           2026-06-28T11:02:14                       3
/home/airflow/.local/lib/python3.12/site-packages/airflow/example_dags/plugins/event_listener.py                                                            0           0  0.04s           2026-06-28T11:02:14                       3
/home/airflow/.local/lib/python3.12/site-packages/airflow/example_dags/subdags/subdag.py                                                                    0           0  0.04s           2026-06-28T11:02:14                       3
================================================================================
[2026-06-28T11:03:06.784+0000] {manager.py:997} INFO - 
================================================================================
DAG File Processing Stats

File Path                                                                                                                            PID  Runtime      # DAGs    # Errors  Last Runtime    Last Run               Last # of DB Queries
---------------------------------------------------------------------------------------------------------------------------------  -----  ---------  --------  ----------  --------------  -------------------  ----------------------
/home/airflow/.local/lib/python3.12/site-packages/airflow/example_dags/example_datasets.py                                                                 10           0  0.26s           2026-06-28T11:02:39                      49
/home/airflow/.local/lib/python3.12/site-packages/airflow/example_dags/example_dataset_alias.py                                                             4           0  0.25s           2026-06-28T11:02:38                      27
/home/airflow/.local/lib/python3.12/site-packages/airflow/example_dags/example_dataset_alias_with_no_taskflow.py                                            4           0  0.25s           2026-06-28T11:02:38                      27
/home/airflow/.local/lib/python3.12/site-packages/airflow/example_dags/example_outlet_event_extra.py                                                        3           0  0.25s           2026-06-28T11:02:41                      19
/home/airflow/.local/lib/python3.12/site-packages/airflow/example_dags/example_inlet_event_extra.py                                                         2           0  0.24s           2026-06-28T11:02:41                      15
/home/airflow/.local/lib/python3.12/site-packages/airflow/example_dags/example_dag_decorator.py                                                             1           0  0.20s           2026-06-28T11:02:37                      20
/home/airflow/.local/lib/python3.12/site-packages/airflow/example_dags/example_python_decorator.py                                                          1           0  0.15s           2026-06-28T11:02:42                      10
/home/airflow/.local/lib/python3.12/site-packages/airflow/example_dags/example_params_ui_tutorial.py                                                        1           0  0.14s           2026-06-28T11:02:41                      10
/home/airflow/.local/lib/python3.12/site-packages/airflow/example_dags/example_python_operator.py                                                           1           0  0.14s           2026-06-28T11:02:42                      10
/home/airflow/.local/lib/python3.12/site-packages/airflow/example_dags/example_params_trigger_ui.py                                                         1           0  0.14s           2026-06-28T11:02:41                      10
/home/airflow/.local/lib/python3.12/site-packages/airflow/example_dags/example_workday_timetable.py                                                         1           0  0.13s           2026-06-28T11:02:45                      12
/home/airflow/.local/lib/python3.12/site-packages/airflow/example_dags/example_bash_decorator.py                                     214  0.02s             1           0  0.13s           2026-06-28T11:02:36                      10
/home/airflow/.local/lib/python3.12/site-packages/airflow/example_dags/example_subdag_operator.py                                                           3           0  0.13s           2026-06-28T11:02:43                      20
/home/airflow/.local/lib/python3.12/site-packages/airflow/example_dags/example_sla_dag.py                                                                   1           0  0.12s           2026-06-28T11:02:42                      12
/home/airflow/.local/lib/python3.12/site-packages/airflow/example_dags/example_short_circuit_decorator.py                                                   1           0  0.11s           2026-06-28T11:02:42                      12
/home/airflow/.local/lib/python3.12/site-packages/airflow/example_dags/example_passing_params_via_test_command.py                                           1           0  0.11s           2026-06-28T11:02:41                      12
/home/airflow/.local/lib/python3.12/site-packages/airflow/example_dags/example_kubernetes_executor.py                                                       1           0  0.11s           2026-06-28T11:02:41                      10
/home/airflow/.local/lib/python3.12/site-packages/airflow/example_dags/example_bash_operator.py                                      215  0.01s             1           0  0.11s           2026-06-28T11:02:36                      12
/home/airflow/.local/lib/python3.12/site-packages/airflow/example_dags/example_task_group.py                                                                1           0  0.11s           2026-06-28T11:02:43                      12
/home/airflow/.local/lib/python3.12/site-packages/airflow/example_dags/example_setup_teardown_taskflow.py                                                   1           0  0.11s           2026-06-28T11:02:42                      12
/home/airflow/.local/lib/python3.12/site-packages/airflow/example_dags/example_short_circuit_operator.py                                                    1           0  0.11s           2026-06-28T11:02:42                      12
/home/airflow/.local/lib/python3.12/site-packages/airflow/example_dags/example_complex.py                                                                   1           0  0.11s           2026-06-28T11:02:37                      10
/home/airflow/.local/lib/python3.12/site-packages/airflow/example_dags/example_xcom.py                                                                      1           0  0.11s           2026-06-28T11:02:45                      12
/home/airflow/.local/lib/python3.12/site-packages/airflow/example_dags/example_branch_operator_decorator.py                                                 1           0  0.11s           2026-06-28T11:02:36                      12
/home/airflow/.local/lib/python3.12/site-packages/airflow/example_dags/example_nested_branch_dag.py                                                         1           0  0.11s           2026-06-28T11:02:41                      12
/home/airflow/.local/lib/python3.12/site-packages/airflow/example_dags/example_skip_dag.py                                                                  1           0  0.11s           2026-06-28T11:02:42                      12
/home/airflow/.local/lib/python3.12/site-packages/airflow/example_dags/example_branch_operator.py                                                           1           0  0.11s           2026-06-28T11:02:36                      12
/home/airflow/.local/lib/python3.12/site-packages/airflow/example_dags/example_branch_labels.py                                                             1           0  0.10s           2026-06-28T11:02:36                      12
/home/airflow/.local/lib/python3.12/site-packages/airflow/example_dags/example_branch_datetime_operator.py                                                  3           0  0.10s           2026-06-28T11:02:36                      18
/home/airflow/.local/lib/python3.12/site-packages/airflow/example_dags/example_local_kubernetes_executor.py                                                 1           0  0.10s           2026-06-28T11:02:41                      10
/home/airflow/.local/lib/python3.12/site-packages/airflow/example_dags/example_task_group_decorator.py                                                      1           0  0.10s           2026-06-28T11:02:44                      12
/home/airflow/.local/lib/python3.12/site-packages/airflow/example_dags/example_branch_python_dop_operator_3.py                                              1           0  0.10s           2026-06-28T11:02:36                      12
/home/airflow/.local/lib/python3.12/site-packages/airflow/example_dags/example_dynamic_task_mapping_with_no_taskflow_operators.py                           1           0  0.10s           2026-06-28T11:02:40                      12
/home/airflow/.local/lib/python3.12/site-packages/airflow/example_dags/example_setup_teardown.py                                                            1           0  0.10s           2026-06-28T11:02:42                      12
/home/airflow/.local/lib/python3.12/site-packages/airflow/example_dags/example_latest_only_with_trigger.py                                                  1           0  0.10s           2026-06-28T11:02:41                      12
/home/airflow/.local/lib/python3.12/site-packages/airflow/example_dags/example_branch_day_of_week_operator.py                                               1           0  0.10s           2026-06-28T11:02:36                      12
/home/airflow/.local/lib/python3.12/site-packages/airflow/example_dags/example_trigger_controller_dag.py                                                    1           0  0.10s           2026-06-28T11:02:44                      12
/home/airflow/.local/lib/python3.12/site-packages/airflow/example_dags/example_trigger_target_dag.py                                                        1           0  0.10s           2026-06-28T11:02:44                      10
/home/airflow/.local/lib/python3.12/site-packages/airflow/example_dags/example_latest_only.py                                                               1           0  0.10s           2026-06-28T11:02:41                      12
/home/airflow/.local/lib/python3.12/site-packages/airflow/example_dags/example_sensors.py                                                                   1           0  0.09s           2026-06-28T11:02:42                      10
/home/airflow/.local/lib/python3.12/site-packages/airflow/example_dags/tutorial.py                                                                          1           0  0.09s           2026-06-28T11:02:45                      12
/home/airflow/.local/lib/python3.12/site-packages/airflow/example_dags/example_dynamic_task_mapping.py                                                      1           0  0.09s           2026-06-28T11:02:39                      12
/home/airflow/.local/lib/python3.12/site-packages/airflow/example_dags/example_xcomargs.py                                                                  2           0  0.09s           2026-06-28T11:02:45                      13
/home/airflow/.local/lib/python3.12/site-packages/airflow/example_dags/example_sensor_decorator.py                                                          1           0  0.09s           2026-06-28T11:02:42                      10
/home/airflow/.local/lib/python3.12/site-packages/airflow/example_dags/tutorial_taskflow_api_virtualenv.py                                                  1           0  0.09s           2026-06-28T11:02:45                      10
/home/airflow/.local/lib/python3.12/site-packages/airflow/example_dags/example_external_task_marker_dag.py                                                  2           0  0.09s           2026-06-28T11:02:40                      13
/home/airflow/.local/lib/python3.12/site-packages/airflow/example_dags/tutorial_objectstorage.py                                                            1           0  0.09s           2026-06-28T11:02:45                      10
/home/airflow/.local/lib/python3.12/site-packages/airflow/example_dags/example_time_delta_sensor_async.py                                                   1           0  0.09s           2026-06-28T11:02:44                      10
/home/airflow/.local/lib/python3.12/site-packages/airflow/example_dags/tutorial_taskflow_api.py                                                             1           0  0.08s           2026-06-28T11:02:45                      10
/home/airflow/.local/lib/python3.12/site-packages/airflow/example_dags/tutorial_dag.py                                                                      1           0  0.08s           2026-06-28T11:02:45                      10
/home/airflow/.local/lib/python3.12/site-packages/airflow/example_dags/example_display_name.py                                                              1           0  0.08s           2026-06-28T11:02:39                      10
/home/airflow/.local/lib/python3.12/site-packages/airflow/example_dags/plugins/listener_plugin.py                                                           0           0  0.04s           2026-06-28T11:02:45                       3
/home/airflow/.local/lib/python3.12/site-packages/airflow/example_dags/plugins/event_listener.py                                                            0           0  0.04s           2026-06-28T11:02:45                       3
/home/airflow/.local/lib/python3.12/site-packages/airflow/example_dags/plugins/workday.py                                                                   0           0  0.04s           2026-06-28T11:02:45                       3
/home/airflow/.local/lib/python3.12/site-packages/airflow/example_dags/plugins/decreasing_priority_weight_strategy.py                                       0           0  0.04s           2026-06-28T11:02:45                       3
/home/airflow/.local/lib/python3.12/site-packages/airflow/example_dags/subdags/subdag.py                                                                    0           0  0.04s           2026-06-28T11:02:45                       3
================================================================================
[2026-06-28T11:03:37.210+0000] {manager.py:997} INFO - 
================================================================================
DAG File Processing Stats

File Path                                                                                                                            PID  Runtime      # DAGs    # Errors  Last Runtime    Last Run               Last # of DB Queries
---------------------------------------------------------------------------------------------------------------------------------  -----  ---------  --------  ----------  --------------  -------------------  ----------------------
/home/airflow/.local/lib/python3.12/site-packages/airflow/example_dags/example_outlet_event_extra.py                                                        3           0  0.43s           2026-06-28T11:03:13                      19
/home/airflow/.local/lib/python3.12/site-packages/airflow/example_dags/example_dataset_alias.py                                                             4           0  0.39s           2026-06-28T11:03:09                      27
/home/airflow/.local/lib/python3.12/site-packages/airflow/example_dags/example_dataset_alias_with_no_taskflow.py                                            4           0  0.38s           2026-06-28T11:03:09                      27
/home/airflow/.local/lib/python3.12/site-packages/airflow/example_dags/example_inlet_event_extra.py                                                         2           0  0.38s           2026-06-28T11:03:12                      15
/home/airflow/.local/lib/python3.12/site-packages/airflow/example_dags/example_datasets.py                                                                 10           0  0.31s           2026-06-28T11:03:10                      49
/home/airflow/.local/lib/python3.12/site-packages/airflow/example_dags/example_workday_timetable.py                                                         1           0  0.28s           2026-06-28T11:03:15                      12
/home/airflow/.local/lib/python3.12/site-packages/airflow/example_dags/example_latest_only_with_trigger.py                                                  1           0  0.27s           2026-06-28T11:03:12                      12
/home/airflow/.local/lib/python3.12/site-packages/airflow/example_dags/example_latest_only.py                                                               1           0  0.24s           2026-06-28T11:03:12                      12
/home/airflow/.local/lib/python3.12/site-packages/airflow/example_dags/example_python_operator.py                                                           1           0  0.24s           2026-06-28T11:03:13                      10
/home/airflow/.local/lib/python3.12/site-packages/airflow/example_dags/example_passing_params_via_test_command.py                                           1           0  0.23s           2026-06-28T11:03:13                      12
/home/airflow/.local/lib/python3.12/site-packages/airflow/example_dags/example_nested_branch_dag.py                                                         1           0  0.22s           2026-06-28T11:03:12                      12
/home/airflow/.local/lib/python3.12/site-packages/airflow/example_dags/example_python_decorator.py                                                          1           0  0.22s           2026-06-28T11:03:13                      10
/home/airflow/.local/lib/python3.12/site-packages/airflow/example_dags/example_params_ui_tutorial.py                                                        1           0  0.21s           2026-06-28T11:03:13                      10
/home/airflow/.local/lib/python3.12/site-packages/airflow/example_dags/example_local_kubernetes_executor.py                                                 1           0  0.21s           2026-06-28T11:03:12                      10
/home/airflow/.local/lib/python3.12/site-packages/airflow/example_dags/example_params_trigger_ui.py                                                         1           0  0.21s           2026-06-28T11:03:13                      10
/home/airflow/.local/lib/python3.12/site-packages/airflow/example_dags/example_sensor_decorator.py                                                          1           0  0.19s           2026-06-28T11:03:13                      10
/home/airflow/.local/lib/python3.12/site-packages/airflow/example_dags/example_short_circuit_operator.py                                                    1           0  0.18s           2026-06-28T11:03:14                      12
/home/airflow/.local/lib/python3.12/site-packages/airflow/example_dags/example_short_circuit_decorator.py                                                   1           0  0.17s           2026-06-28T11:03:14                      12
/home/airflow/.local/lib/python3.12/site-packages/airflow/example_dags/example_xcomargs.py                                                                  2           0  0.17s           2026-06-28T11:03:15                      13
/home/airflow/.local/lib/python3.12/site-packages/airflow/example_dags/example_xcom.py                                                                      1           0  0.16s           2026-06-28T11:03:15                      12
/home/airflow/.local/lib/python3.12/site-packages/airflow/example_dags/example_kubernetes_executor.py                                                       1           0  0.16s           2026-06-28T11:03:11                      10
/home/airflow/.local/lib/python3.12/site-packages/airflow/example_dags/example_setup_teardown_taskflow.py                                                   1           0  0.15s           2026-06-28T11:03:14                      12
/home/airflow/.local/lib/python3.12/site-packages/airflow/example_dags/example_setup_teardown.py                                                            1           0  0.15s           2026-06-28T11:03:14                      12
/home/airflow/.local/lib/python3.12/site-packages/airflow/example_dags/example_subdag_operator.py                                                           3           0  0.14s           2026-06-28T11:03:14                      20
/home/airflow/.local/lib/python3.12/site-packages/airflow/example_dags/example_sensors.py                                                                   1           0  0.14s           2026-06-28T11:03:14                      10
/home/airflow/.local/lib/python3.12/site-packages/airflow/example_dags/example_skip_dag.py                                                                  1           0  0.14s           2026-06-28T11:03:14                      12
/home/airflow/.local/lib/python3.12/site-packages/airflow/example_dags/example_bash_decorator.py                                     276  0.03s             1           0  0.13s           2026-06-28T11:03:06                      10
/home/airflow/.local/lib/python3.12/site-packages/airflow/example_dags/example_bash_operator.py                                      277  0.01s             1           0  0.13s           2026-06-28T11:03:06                      12
/home/airflow/.local/lib/python3.12/site-packages/airflow/example_dags/example_task_group_decorator.py                                                      1           0  0.12s           2026-06-28T11:03:14                      12
/home/airflow/.local/lib/python3.12/site-packages/airflow/example_dags/example_branch_operator.py                                                           1           0  0.12s           2026-06-28T11:03:07                      12
/home/airflow/.local/lib/python3.12/site-packages/airflow/example_dags/tutorial.py                                                                          1           0  0.12s           2026-06-28T11:03:15                      12
/home/airflow/.local/lib/python3.12/site-packages/airflow/example_dags/tutorial_taskflow_api_virtualenv.py                                                  1           0  0.12s           2026-06-28T11:03:15                      10
/home/airflow/.local/lib/python3.12/site-packages/airflow/example_dags/example_sla_dag.py                                                                   1           0  0.12s           2026-06-28T11:03:14                      12
/home/airflow/.local/lib/python3.12/site-packages/airflow/example_dags/example_branch_operator_decorator.py                                                 1           0  0.11s           2026-06-28T11:03:07                      12
/home/airflow/.local/lib/python3.12/site-packages/airflow/example_dags/example_dynamic_task_mapping_with_no_taskflow_operators.py                           1           0  0.11s           2026-06-28T11:03:10                      12
/home/airflow/.local/lib/python3.12/site-packages/airflow/example_dags/example_task_group.py                                                                1           0  0.11s           2026-06-28T11:03:14                      12
/home/airflow/.local/lib/python3.12/site-packages/airflow/example_dags/example_branch_python_dop_operator_3.py                                              1           0  0.11s           2026-06-28T11:03:07                      12
/home/airflow/.local/lib/python3.12/site-packages/airflow/example_dags/tutorial_taskflow_api.py                                                             1           0  0.10s           2026-06-28T11:03:15                      10
/home/airflow/.local/lib/python3.12/site-packages/airflow/example_dags/example_dynamic_task_mapping.py                                                      1           0  0.10s           2026-06-28T11:03:10                      12
/home/airflow/.local/lib/python3.12/site-packages/airflow/example_dags/example_external_task_marker_dag.py                                                  2           0  0.10s           2026-06-28T11:03:10                      13
/home/airflow/.local/lib/python3.12/site-packages/airflow/example_dags/tutorial_objectstorage.py                                                            1           0  0.10s           2026-06-28T11:03:15                      10
/home/airflow/.local/lib/python3.12/site-packages/airflow/example_dags/example_complex.py                                                                   1           0  0.10s           2026-06-28T11:03:08                      10
/home/airflow/.local/lib/python3.12/site-packages/airflow/example_dags/example_branch_labels.py                                                             1           0  0.10s           2026-06-28T11:03:07                      12
/home/airflow/.local/lib/python3.12/site-packages/airflow/example_dags/example_dag_decorator.py                                                             1           0  0.10s           2026-06-28T11:03:08                      10
/home/airflow/.local/lib/python3.12/site-packages/airflow/example_dags/tutorial_dag.py                                                                      1           0  0.10s           2026-06-28T11:03:15                      10
/home/airflow/.local/lib/python3.12/site-packages/airflow/example_dags/example_branch_datetime_operator.py                                                  3           0  0.10s           2026-06-28T11:03:06                      18
/home/airflow/.local/lib/python3.12/site-packages/airflow/example_dags/example_trigger_controller_dag.py                                                    1           0  0.09s           2026-06-28T11:03:15                      12
/home/airflow/.local/lib/python3.12/site-packages/airflow/example_dags/example_branch_day_of_week_operator.py                                               1           0  0.09s           2026-06-28T11:03:07                      12
/home/airflow/.local/lib/python3.12/site-packages/airflow/example_dags/example_display_name.py                                                              1           0  0.09s           2026-06-28T11:03:10                      10
/home/airflow/.local/lib/python3.12/site-packages/airflow/example_dags/example_time_delta_sensor_async.py                                                   1           0  0.09s           2026-06-28T11:03:14                      10
/home/airflow/.local/lib/python3.12/site-packages/airflow/example_dags/example_trigger_target_dag.py                                                        1           0  0.09s           2026-06-28T11:03:15                      10
/home/airflow/.local/lib/python3.12/site-packages/airflow/example_dags/plugins/workday.py                                                                   0           0  0.06s           2026-06-28T11:03:15                       3
/home/airflow/.local/lib/python3.12/site-packages/airflow/example_dags/subdags/subdag.py                                                                    0           0  0.05s           2026-06-28T11:03:16                       3
/home/airflow/.local/lib/python3.12/site-packages/airflow/example_dags/plugins/decreasing_priority_weight_strategy.py                                       0           0  0.05s           2026-06-28T11:03:15                       3
/home/airflow/.local/lib/python3.12/site-packages/airflow/example_dags/plugins/event_listener.py                                                            0           0  0.05s           2026-06-28T11:03:15                       3
/home/airflow/.local/lib/python3.12/site-packages/airflow/example_dags/plugins/listener_plugin.py                                                           0           0  0.05s           2026-06-28T11:03:15                       3
================================================================================
[2026-06-28T11:04:07.679+0000] {manager.py:997} INFO - 
================================================================================
DAG File Processing Stats

File Path                                                                                                                            PID  Runtime      # DAGs    # Errors  Last Runtime    Last Run               Last # of DB Queries
---------------------------------------------------------------------------------------------------------------------------------  -----  ---------  --------  ----------  --------------  -------------------  ----------------------
/home/airflow/.local/lib/python3.12/site-packages/airflow/example_dags/example_dataset_alias.py                                                             4           0  0.39s           2026-06-28T11:03:40                      27
/home/airflow/.local/lib/python3.12/site-packages/airflow/example_dags/example_dataset_alias_with_no_taskflow.py                                            4           0  0.38s           2026-06-28T11:03:40                      27
/home/airflow/.local/lib/python3.12/site-packages/airflow/example_dags/example_datasets.py                                                                 10           0  0.38s           2026-06-28T11:03:41                      49
/home/airflow/.local/lib/python3.12/site-packages/airflow/example_dags/example_dag_decorator.py                                                             1           0  0.31s           2026-06-28T11:03:39                      20
/home/airflow/.local/lib/python3.12/site-packages/airflow/example_dags/example_inlet_event_extra.py                                                         2           0  0.29s           2026-06-28T11:03:42                      15
/home/airflow/.local/lib/python3.12/site-packages/airflow/example_dags/example_outlet_event_extra.py                                                        3           0  0.26s           2026-06-28T11:03:43                      19
/home/airflow/.local/lib/python3.12/site-packages/airflow/example_dags/example_bash_decorator.py                                     338  0.02s             1           0  0.22s           2026-06-28T11:03:37                      10
/home/airflow/.local/lib/python3.12/site-packages/airflow/example_dags/example_bash_operator.py                                      339  0.01s             1           0  0.21s           2026-06-28T11:03:37                      12
/home/airflow/.local/lib/python3.12/site-packages/airflow/example_dags/example_workday_timetable.py                                                         1           0  0.17s           2026-06-28T11:03:45                      12
/home/airflow/.local/lib/python3.12/site-packages/airflow/example_dags/example_params_ui_tutorial.py                                                        1           0  0.16s           2026-06-28T11:03:43                      10
/home/airflow/.local/lib/python3.12/site-packages/airflow/example_dags/example_params_trigger_ui.py                                                         1           0  0.15s           2026-06-28T11:03:43                      10
/home/airflow/.local/lib/python3.12/site-packages/airflow/example_dags/example_branch_operator_decorator.py                                                 1           0  0.15s           2026-06-28T11:03:37                      12
/home/airflow/.local/lib/python3.12/site-packages/airflow/example_dags/example_branch_datetime_operator.py                                                  3           0  0.14s           2026-06-28T11:03:37                      18
/home/airflow/.local/lib/python3.12/site-packages/airflow/example_dags/tutorial_dag.py                                                                      1           0  0.14s           2026-06-28T11:03:46                      10
/home/airflow/.local/lib/python3.12/site-packages/airflow/example_dags/example_subdag_operator.py                                                           3           0  0.13s           2026-06-28T11:03:45                      20
/home/airflow/.local/lib/python3.12/site-packages/airflow/example_dags/example_dynamic_task_mapping.py                                                      1           0  0.13s           2026-06-28T11:03:41                      12
/home/airflow/.local/lib/python3.12/site-packages/airflow/example_dags/example_latest_only.py                                                               1           0  0.13s           2026-06-28T11:03:42                      12
/home/airflow/.local/lib/python3.12/site-packages/airflow/example_dags/example_dynamic_task_mapping_with_no_taskflow_operators.py                           1           0  0.13s           2026-06-28T11:03:41                      12
/home/airflow/.local/lib/python3.12/site-packages/airflow/example_dags/example_branch_python_dop_operator_3.py                                              1           0  0.13s           2026-06-28T11:03:37                      12
/home/airflow/.local/lib/python3.12/site-packages/airflow/example_dags/example_short_circuit_operator.py                                                    1           0  0.13s           2026-06-28T11:03:45                      12
/home/airflow/.local/lib/python3.12/site-packages/airflow/example_dags/example_branch_day_of_week_operator.py                                               1           0  0.13s           2026-06-28T11:03:37                      12
/home/airflow/.local/lib/python3.12/site-packages/airflow/example_dags/tutorial.py                                                                          1           0  0.13s           2026-06-28T11:03:45                      12
/home/airflow/.local/lib/python3.12/site-packages/airflow/example_dags/example_complex.py                                                                   1           0  0.13s           2026-06-28T11:03:38                      10
/home/airflow/.local/lib/python3.12/site-packages/airflow/example_dags/example_setup_teardown_taskflow.py                                                   1           0  0.13s           2026-06-28T11:03:44                      12
/home/airflow/.local/lib/python3.12/site-packages/airflow/example_dags/tutorial_taskflow_api.py                                                             1           0  0.13s           2026-06-28T11:03:46                      10
/home/airflow/.local/lib/python3.12/site-packages/airflow/example_dags/example_nested_branch_dag.py                                                         1           0  0.13s           2026-06-28T11:03:43                      12
/home/airflow/.local/lib/python3.12/site-packages/airflow/example_dags/example_branch_operator.py                                                           1           0  0.13s           2026-06-28T11:03:37                      12
/home/airflow/.local/lib/python3.12/site-packages/airflow/example_dags/example_kubernetes_executor.py                                                       1           0  0.13s           2026-06-28T11:03:42                      10
/home/airflow/.local/lib/python3.12/site-packages/airflow/example_dags/tutorial_objectstorage.py                                                            1           0  0.13s           2026-06-28T11:03:46                      10
/home/airflow/.local/lib/python3.12/site-packages/airflow/example_dags/example_xcomargs.py                                                                  2           0  0.12s           2026-06-28T11:03:45                      13
/home/airflow/.local/lib/python3.12/site-packages/airflow/example_dags/example_branch_labels.py                                                             1           0  0.12s           2026-06-28T11:03:37                      12
/home/airflow/.local/lib/python3.12/site-packages/airflow/example_dags/example_task_group_decorator.py                                                      1           0  0.12s           2026-06-28T11:03:45                      12
/home/airflow/.local/lib/python3.12/site-packages/airflow/example_dags/example_setup_teardown.py                                                            1           0  0.12s           2026-06-28T11:03:44                      12
/home/airflow/.local/lib/python3.12/site-packages/airflow/example_dags/example_latest_only_with_trigger.py                                                  1           0  0.12s           2026-06-28T11:03:43                      12
/home/airflow/.local/lib/python3.12/site-packages/airflow/example_dags/example_short_circuit_decorator.py                                                   1           0  0.12s           2026-06-28T11:03:45                      12
/home/airflow/.local/lib/python3.12/site-packages/airflow/example_dags/example_local_kubernetes_executor.py                                                 1           0  0.12s           2026-06-28T11:03:43                      10
/home/airflow/.local/lib/python3.12/site-packages/airflow/example_dags/example_sla_dag.py                                                                   1           0  0.12s           2026-06-28T11:03:45                      12
/home/airflow/.local/lib/python3.12/site-packages/airflow/example_dags/example_task_group.py                                                                1           0  0.12s           2026-06-28T11:03:45                      12
/home/airflow/.local/lib/python3.12/site-packages/airflow/example_dags/example_skip_dag.py                                                                  1           0  0.12s           2026-06-28T11:03:45                      12
/home/airflow/.local/lib/python3.12/site-packages/airflow/example_dags/example_sensors.py                                                                   1           0  0.12s           2026-06-28T11:03:44                      10
/home/airflow/.local/lib/python3.12/site-packages/airflow/example_dags/tutorial_taskflow_api_virtualenv.py                                                  1           0  0.12s           2026-06-28T11:03:46                      10
/home/airflow/.local/lib/python3.12/site-packages/airflow/example_dags/example_xcom.py                                                                      1           0  0.11s           2026-06-28T11:03:45                      12
/home/airflow/.local/lib/python3.12/site-packages/airflow/example_dags/example_python_decorator.py                                                          1           0  0.11s           2026-06-28T11:03:44                      10
/home/airflow/.local/lib/python3.12/site-packages/airflow/example_dags/example_passing_params_via_test_command.py                                           1           0  0.11s           2026-06-28T11:03:43                      12
/home/airflow/.local/lib/python3.12/site-packages/airflow/example_dags/example_trigger_controller_dag.py                                                    1           0  0.11s           2026-06-28T11:03:45                      12
/home/airflow/.local/lib/python3.12/site-packages/airflow/example_dags/example_python_operator.py                                                           1           0  0.10s           2026-06-28T11:03:44                      10
/home/airflow/.local/lib/python3.12/site-packages/airflow/example_dags/example_external_task_marker_dag.py                                                  2           0  0.10s           2026-06-28T11:03:41                      13
/home/airflow/.local/lib/python3.12/site-packages/airflow/example_dags/example_trigger_target_dag.py                                                        1           0  0.10s           2026-06-28T11:03:45                      10
/home/airflow/.local/lib/python3.12/site-packages/airflow/example_dags/example_display_name.py                                                              1           0  0.10s           2026-06-28T11:03:41                      10
/home/airflow/.local/lib/python3.12/site-packages/airflow/example_dags/example_sensor_decorator.py                                                          1           0  0.10s           2026-06-28T11:03:44                      10
/home/airflow/.local/lib/python3.12/site-packages/airflow/example_dags/example_time_delta_sensor_async.py                                                   1           0  0.10s           2026-06-28T11:03:45                      10
/home/airflow/.local/lib/python3.12/site-packages/airflow/example_dags/plugins/listener_plugin.py                                                           0           0  0.06s           2026-06-28T11:03:46                       3
/home/airflow/.local/lib/python3.12/site-packages/airflow/example_dags/plugins/event_listener.py                                                            0           0  0.05s           2026-06-28T11:03:46                       3
/home/airflow/.local/lib/python3.12/site-packages/airflow/example_dags/plugins/decreasing_priority_weight_strategy.py                                       0           0  0.05s           2026-06-28T11:03:46                       3
/home/airflow/.local/lib/python3.12/site-packages/airflow/example_dags/subdags/subdag.py                                                                    0           0  0.05s           2026-06-28T11:03:46                       3
/home/airflow/.local/lib/python3.12/site-packages/airflow/example_dags/plugins/workday.py                                                                   0           0  0.05s           2026-06-28T11:03:46                       3
================================================================================
[2026-06-28T11:04:38.403+0000] {manager.py:997} INFO - 
================================================================================
DAG File Processing Stats

File Path                                                                                                                            PID  Runtime      # DAGs    # Errors  Last Runtime    Last Run               Last # of DB Queries
---------------------------------------------------------------------------------------------------------------------------------  -----  ---------  --------  ----------  --------------  -------------------  ----------------------
/home/airflow/.local/lib/python3.12/site-packages/airflow/example_dags/example_dag_decorator.py                                                             1           0  0.42s           2026-06-28T11:04:09                      20
/home/airflow/.local/lib/python3.12/site-packages/airflow/example_dags/example_dataset_alias.py                                                             4           0  0.41s           2026-06-28T11:04:10                      27
/home/airflow/.local/lib/python3.12/site-packages/airflow/example_dags/example_dataset_alias_with_no_taskflow.py                                            4           0  0.40s           2026-06-28T11:04:10                      27
/home/airflow/.local/lib/python3.12/site-packages/airflow/example_dags/example_datasets.py                                                                 10           0  0.35s           2026-06-28T11:04:12                      49
/home/airflow/.local/lib/python3.12/site-packages/airflow/example_dags/example_inlet_event_extra.py                                                         2           0  0.31s           2026-06-28T11:04:13                      15
/home/airflow/.local/lib/python3.12/site-packages/airflow/example_dags/example_outlet_event_extra.py                                                        3           0  0.29s           2026-06-28T11:04:14                      19
/home/airflow/.local/lib/python3.12/site-packages/airflow/example_dags/example_workday_timetable.py                                                         1           0  0.19s           2026-06-28T11:04:16                      12
/home/airflow/.local/lib/python3.12/site-packages/airflow/example_dags/example_python_decorator.py                                                          1           0  0.18s           2026-06-28T11:04:15                      10
/home/airflow/.local/lib/python3.12/site-packages/airflow/example_dags/example_python_operator.py                                                           1           0  0.18s           2026-06-28T11:04:15                      10
/home/airflow/.local/lib/python3.12/site-packages/airflow/example_dags/example_branch_operator_decorator.py                                                 1           0  0.17s           2026-06-28T11:04:08                      12
/home/airflow/.local/lib/python3.12/site-packages/airflow/example_dags/example_local_kubernetes_executor.py                                                 1           0  0.17s           2026-06-28T11:04:13                      10
/home/airflow/.local/lib/python3.12/site-packages/airflow/example_dags/example_bash_operator.py                                      401  0.01s             1           0  0.16s           2026-06-28T11:04:07                      12
/home/airflow/.local/lib/python3.12/site-packages/airflow/example_dags/example_bash_decorator.py                                     400  0.02s             1           0  0.16s           2026-06-28T11:04:07                      10
/home/airflow/.local/lib/python3.12/site-packages/airflow/example_dags/example_branch_python_dop_operator_3.py                                              1           0  0.15s           2026-06-28T11:04:08                      12
/home/airflow/.local/lib/python3.12/site-packages/airflow/example_dags/example_subdag_operator.py                                                           3           0  0.15s           2026-06-28T11:04:16                      20
/home/airflow/.local/lib/python3.12/site-packages/airflow/example_dags/example_kubernetes_executor.py                                                       1           0  0.15s           2026-06-28T11:04:13                      10
/home/airflow/.local/lib/python3.12/site-packages/airflow/example_dags/example_nested_branch_dag.py                                                         1           0  0.15s           2026-06-28T11:04:13                      12
/home/airflow/.local/lib/python3.12/site-packages/airflow/example_dags/example_params_ui_tutorial.py                                                        1           0  0.14s           2026-06-28T11:04:14                      10
/home/airflow/.local/lib/python3.12/site-packages/airflow/example_dags/example_branch_datetime_operator.py                                                  3           0  0.14s           2026-06-28T11:04:07                      18
/home/airflow/.local/lib/python3.12/site-packages/airflow/example_dags/example_complex.py                                                                   1           0  0.14s           2026-06-28T11:04:09                      10
/home/airflow/.local/lib/python3.12/site-packages/airflow/example_dags/example_branch_operator.py                                                           1           0  0.14s           2026-06-28T11:04:08                      12
/home/airflow/.local/lib/python3.12/site-packages/airflow/example_dags/example_params_trigger_ui.py                                                         1           0  0.14s           2026-06-28T11:04:14                      10
/home/airflow/.local/lib/python3.12/site-packages/airflow/example_dags/example_task_group_decorator.py                                                      1           0  0.14s           2026-06-28T11:04:16                      12
/home/airflow/.local/lib/python3.12/site-packages/airflow/example_dags/example_short_circuit_decorator.py                                                   1           0  0.14s           2026-06-28T11:04:15                      12
/home/airflow/.local/lib/python3.12/site-packages/airflow/example_dags/example_branch_labels.py                                                             1           0  0.13s           2026-06-28T11:04:08                      12
/home/airflow/.local/lib/python3.12/site-packages/airflow/example_dags/example_xcom.py                                                                      1           0  0.13s           2026-06-28T11:04:16                      12
/home/airflow/.local/lib/python3.12/site-packages/airflow/example_dags/example_latest_only.py                                                               1           0  0.13s           2026-06-28T11:04:13                      12
/home/airflow/.local/lib/python3.12/site-packages/airflow/example_dags/example_short_circuit_operator.py                                                    1           0  0.13s           2026-06-28T11:04:15                      12
/home/airflow/.local/lib/python3.12/site-packages/airflow/example_dags/example_sensors.py                                                                   1           0  0.13s           2026-06-28T11:04:15                      10
/home/airflow/.local/lib/python3.12/site-packages/airflow/example_dags/example_task_group.py                                                                1           0  0.13s           2026-06-28T11:04:16                      12
/home/airflow/.local/lib/python3.12/site-packages/airflow/example_dags/tutorial_taskflow_api_virtualenv.py                                                  1           0  0.13s           2026-06-28T11:04:17                      10
/home/airflow/.local/lib/python3.12/site-packages/airflow/example_dags/example_xcomargs.py                                                                  2           0  0.13s           2026-06-28T11:04:16                      13
/home/airflow/.local/lib/python3.12/site-packages/airflow/example_dags/example_branch_day_of_week_operator.py                                               1           0  0.13s           2026-06-28T11:04:08                      12
/home/airflow/.local/lib/python3.12/site-packages/airflow/example_dags/example_setup_teardown.py                                                            1           0  0.13s           2026-06-28T11:04:15                      12
/home/airflow/.local/lib/python3.12/site-packages/airflow/example_dags/example_sla_dag.py                                                                   1           0  0.13s           2026-06-28T11:04:16                      12
/home/airflow/.local/lib/python3.12/site-packages/airflow/example_dags/example_setup_teardown_taskflow.py                                                   1           0  0.13s           2026-06-28T11:04:15                      12
/home/airflow/.local/lib/python3.12/site-packages/airflow/example_dags/example_display_name.py                                                              1           0  0.12s           2026-06-28T11:04:11                      10
/home/airflow/.local/lib/python3.12/site-packages/airflow/example_dags/tutorial.py                                                                          1           0  0.12s           2026-06-28T11:04:16                      12
/home/airflow/.local/lib/python3.12/site-packages/airflow/example_dags/example_skip_dag.py                                                                  1           0  0.12s           2026-06-28T11:04:16                      12
/home/airflow/.local/lib/python3.12/site-packages/airflow/example_dags/example_dynamic_task_mapping_with_no_taskflow_operators.py                           1           0  0.12s           2026-06-28T11:04:12                      12
/home/airflow/.local/lib/python3.12/site-packages/airflow/example_dags/example_latest_only_with_trigger.py                                                  1           0  0.12s           2026-06-28T11:04:13                      12
/home/airflow/.local/lib/python3.12/site-packages/airflow/example_dags/example_passing_params_via_test_command.py                                           1           0  0.12s           2026-06-28T11:04:14                      12
/home/airflow/.local/lib/python3.12/site-packages/airflow/example_dags/tutorial_objectstorage.py                                                            1           0  0.12s           2026-06-28T11:04:16                      10
/home/airflow/.local/lib/python3.12/site-packages/airflow/example_dags/example_dynamic_task_mapping.py                                                      1           0  0.12s           2026-06-28T11:04:12                      12
/home/airflow/.local/lib/python3.12/site-packages/airflow/example_dags/tutorial_taskflow_api.py                                                             1           0  0.11s           2026-06-28T11:04:16                      10
/home/airflow/.local/lib/python3.12/site-packages/airflow/example_dags/tutorial_dag.py                                                                      1           0  0.11s           2026-06-28T11:04:16                      10
/home/airflow/.local/lib/python3.12/site-packages/airflow/example_dags/example_trigger_target_dag.py                                                        1           0  0.11s           2026-06-28T11:04:16                      10
/home/airflow/.local/lib/python3.12/site-packages/airflow/example_dags/example_external_task_marker_dag.py                                                  2           0  0.11s           2026-06-28T11:04:12                      13
/home/airflow/.local/lib/python3.12/site-packages/airflow/example_dags/example_trigger_controller_dag.py                                                    1           0  0.11s           2026-06-28T11:04:16                      12
/home/airflow/.local/lib/python3.12/site-packages/airflow/example_dags/example_sensor_decorator.py                                                          1           0  0.11s           2026-06-28T11:04:15                      10
/home/airflow/.local/lib/python3.12/site-packages/airflow/example_dags/example_time_delta_sensor_async.py                                                   1           0  0.11s           2026-06-28T11:04:16                      10
/home/airflow/.local/lib/python3.12/site-packages/airflow/example_dags/plugins/workday.py                                                                   0           0  0.06s           2026-06-28T11:04:17                       3
/home/airflow/.local/lib/python3.12/site-packages/airflow/example_dags/plugins/decreasing_priority_weight_strategy.py                                       0           0  0.05s           2026-06-28T11:04:17                       3
/home/airflow/.local/lib/python3.12/site-packages/airflow/example_dags/plugins/listener_plugin.py                                                           0           0  0.05s           2026-06-28T11:04:17                       3
/home/airflow/.local/lib/python3.12/site-packages/airflow/example_dags/plugins/event_listener.py                                                            0           0  0.05s           2026-06-28T11:04:17                       3
/home/airflow/.local/lib/python3.12/site-packages/airflow/example_dags/subdags/subdag.py                                                                    0           0  0.05s           2026-06-28T11:04:17                       3
================================================================================
[2026-06-28T11:05:08.638+0000] {manager.py:997} INFO - 
================================================================================
DAG File Processing Stats

File Path                                                                                                                            PID  Runtime      # DAGs    # Errors  Last Runtime    Last Run               Last # of DB Queries
---------------------------------------------------------------------------------------------------------------------------------  -----  ---------  --------  ----------  --------------  -------------------  ----------------------
/home/airflow/.local/lib/python3.12/site-packages/airflow/example_dags/example_bash_operator.py                                                             1           0  0.37s           2026-06-28T11:04:38                      12
/home/airflow/.local/lib/python3.12/site-packages/airflow/example_dags/example_datasets.py                                                                 10           0  0.32s           2026-06-28T11:04:42                      49
/home/airflow/.local/lib/python3.12/site-packages/airflow/example_dags/example_dataset_alias.py                                                             4           0  0.29s           2026-06-28T11:04:41                      27
/home/airflow/.local/lib/python3.12/site-packages/airflow/example_dags/example_inlet_event_extra.py                                                         2           0  0.29s           2026-06-28T11:04:44                      15
/home/airflow/.local/lib/python3.12/site-packages/airflow/example_dags/example_dataset_alias_with_no_taskflow.py                                            4           0  0.28s           2026-06-28T11:04:41                      27
/home/airflow/.local/lib/python3.12/site-packages/airflow/example_dags/example_outlet_event_extra.py                                                        3           0  0.24s           2026-06-28T11:04:44                      19
/home/airflow/.local/lib/python3.12/site-packages/airflow/example_dags/example_branch_datetime_operator.py                                                  3           0  0.23s           2026-06-28T11:04:38                      18
/home/airflow/.local/lib/python3.12/site-packages/airflow/example_dags/example_bash_decorator.py                                     462  0.01s             1           0  0.22s           2026-06-28T11:04:38                      10
/home/airflow/.local/lib/python3.12/site-packages/airflow/example_dags/example_dag_decorator.py                                                             1           0  0.21s           2026-06-28T11:04:40                      20
/home/airflow/.local/lib/python3.12/site-packages/airflow/example_dags/example_workday_timetable.py                                                         1           0  0.16s           2026-06-28T11:04:46                      12
/home/airflow/.local/lib/python3.12/site-packages/airflow/example_dags/example_branch_operator_decorator.py                                                 1           0  0.15s           2026-06-28T11:04:39                      12
/home/airflow/.local/lib/python3.12/site-packages/airflow/example_dags/example_branch_operator.py                                                           1           0  0.15s           2026-06-28T11:04:39                      12
/home/airflow/.local/lib/python3.12/site-packages/airflow/example_dags/example_subdag_operator.py                                                           3           0  0.14s           2026-06-28T11:04:46                      20
/home/airflow/.local/lib/python3.12/site-packages/airflow/example_dags/example_params_ui_tutorial.py                                                        1           0  0.14s           2026-06-28T11:04:44                      10
/home/airflow/.local/lib/python3.12/site-packages/airflow/example_dags/example_params_trigger_ui.py                                                         1           0  0.14s           2026-06-28T11:04:44                      10
/home/airflow/.local/lib/python3.12/site-packages/airflow/example_dags/example_latest_only.py                                                               1           0  0.14s           2026-06-28T11:04:43                      12
/home/airflow/.local/lib/python3.12/site-packages/airflow/example_dags/example_branch_day_of_week_operator.py                                               1           0  0.13s           2026-06-28T11:04:38                      12
/home/airflow/.local/lib/python3.12/site-packages/airflow/example_dags/example_task_group_decorator.py                                                      1           0  0.13s           2026-06-28T11:04:46                      12
/home/airflow/.local/lib/python3.12/site-packages/airflow/example_dags/example_branch_labels.py                                                             1           0  0.13s           2026-06-28T11:04:38                      12
/home/airflow/.local/lib/python3.12/site-packages/airflow/example_dags/example_skip_dag.py                                                                  1           0  0.13s           2026-06-28T11:04:46                      12
/home/airflow/.local/lib/python3.12/site-packages/airflow/example_dags/example_setup_teardown_taskflow.py                                                   1           0  0.12s           2026-06-28T11:04:46                      12
/home/airflow/.local/lib/python3.12/site-packages/airflow/example_dags/example_xcom.py                                                                      1           0  0.12s           2026-06-28T11:04:47                      12
/home/airflow/.local/lib/python3.12/site-packages/airflow/example_dags/example_kubernetes_executor.py                                                       1           0  0.12s           2026-06-28T11:04:43                      10
/home/airflow/.local/lib/python3.12/site-packages/airflow/example_dags/example_branch_python_dop_operator_3.py                                              1           0  0.12s           2026-06-28T11:04:39                      12
/home/airflow/.local/lib/python3.12/site-packages/airflow/example_dags/example_short_circuit_operator.py                                                    1           0  0.12s           2026-06-28T11:04:46                      12
/home/airflow/.local/lib/python3.12/site-packages/airflow/example_dags/example_xcomargs.py                                                                  2           0  0.12s           2026-06-28T11:04:47                      13
/home/airflow/.local/lib/python3.12/site-packages/airflow/example_dags/example_nested_branch_dag.py                                                         1           0  0.12s           2026-06-28T11:04:44                      12
/home/airflow/.local/lib/python3.12/site-packages/airflow/example_dags/example_task_group.py                                                                1           0  0.12s           2026-06-28T11:04:46                      12
/home/airflow/.local/lib/python3.12/site-packages/airflow/example_dags/example_time_delta_sensor_async.py                                                   1           0  0.12s           2026-06-28T11:04:46                      10
/home/airflow/.local/lib/python3.12/site-packages/airflow/example_dags/example_complex.py                                                                   1           0  0.12s           2026-06-28T11:04:40                      10
/home/airflow/.local/lib/python3.12/site-packages/airflow/example_dags/example_setup_teardown.py                                                            1           0  0.12s           2026-06-28T11:04:45                      12
/home/airflow/.local/lib/python3.12/site-packages/airflow/example_dags/example_short_circuit_decorator.py                                                   1           0  0.12s           2026-06-28T11:04:46                      12
/home/airflow/.local/lib/python3.12/site-packages/airflow/example_dags/tutorial_taskflow_api_virtualenv.py                                                  1           0  0.12s           2026-06-28T11:04:47                      10
/home/airflow/.local/lib/python3.12/site-packages/airflow/example_dags/example_dynamic_task_mapping.py                                                      1           0  0.11s           2026-06-28T11:04:42                      12
/home/airflow/.local/lib/python3.12/site-packages/airflow/example_dags/example_passing_params_via_test_command.py                                           1           0  0.11s           2026-06-28T11:04:44                      12
/home/airflow/.local/lib/python3.12/site-packages/airflow/example_dags/example_sla_dag.py                                                                   1           0  0.11s           2026-06-28T11:04:46                      12
/home/airflow/.local/lib/python3.12/site-packages/airflow/example_dags/example_dynamic_task_mapping_with_no_taskflow_operators.py                           1           0  0.11s           2026-06-28T11:04:42                      12
/home/airflow/.local/lib/python3.12/site-packages/airflow/example_dags/example_local_kubernetes_executor.py                                                 1           0  0.11s           2026-06-28T11:04:44                      10
/home/airflow/.local/lib/python3.12/site-packages/airflow/example_dags/example_python_decorator.py                                                          1           0  0.11s           2026-06-28T11:04:45                      10
/home/airflow/.local/lib/python3.12/site-packages/airflow/example_dags/example_sensors.py                                                                   1           0  0.11s           2026-06-28T11:04:45                      10
/home/airflow/.local/lib/python3.12/site-packages/airflow/example_dags/example_trigger_target_dag.py                                                        1           0  0.11s           2026-06-28T11:04:46                      10
/home/airflow/.local/lib/python3.12/site-packages/airflow/example_dags/example_python_operator.py                                                           1           0  0.11s           2026-06-28T11:04:45                      10
/home/airflow/.local/lib/python3.12/site-packages/airflow/example_dags/tutorial_objectstorage.py                                                            1           0  0.11s           2026-06-28T11:04:47                      10
/home/airflow/.local/lib/python3.12/site-packages/airflow/example_dags/example_sensor_decorator.py                                                          1           0  0.11s           2026-06-28T11:04:45                      10
/home/airflow/.local/lib/python3.12/site-packages/airflow/example_dags/tutorial_taskflow_api.py                                                             1           0  0.10s           2026-06-28T11:04:47                      10
/home/airflow/.local/lib/python3.12/site-packages/airflow/example_dags/tutorial.py                                                                          1           0  0.10s           2026-06-28T11:04:47                      12
/home/airflow/.local/lib/python3.12/site-packages/airflow/example_dags/example_external_task_marker_dag.py                                                  2           0  0.10s           2026-06-28T11:04:42                      13
/home/airflow/.local/lib/python3.12/site-packages/airflow/example_dags/example_latest_only_with_trigger.py                                                  1           0  0.10s           2026-06-28T11:04:44                      12
/home/airflow/.local/lib/python3.12/site-packages/airflow/example_dags/tutorial_dag.py                                                                      1           0  0.10s           2026-06-28T11:04:47                      10
/home/airflow/.local/lib/python3.12/site-packages/airflow/example_dags/example_trigger_controller_dag.py                                                    1           0  0.10s           2026-06-28T11:04:46                      12
/home/airflow/.local/lib/python3.12/site-packages/airflow/example_dags/example_display_name.py                                                              1           0  0.09s           2026-06-28T11:04:42                      10
/home/airflow/.local/lib/python3.12/site-packages/airflow/example_dags/plugins/listener_plugin.py                                                           0           0  0.06s           2026-06-28T11:04:47                       3
/home/airflow/.local/lib/python3.12/site-packages/airflow/example_dags/plugins/workday.py                                                                   0           0  0.05s           2026-06-28T11:04:47                       3
/home/airflow/.local/lib/python3.12/site-packages/airflow/example_dags/plugins/event_listener.py                                                            0           0  0.05s           2026-06-28T11:04:47                       3
/home/airflow/.local/lib/python3.12/site-packages/airflow/example_dags/subdags/subdag.py                                                                    0           0  0.05s           2026-06-28T11:04:47                       3
/home/airflow/.local/lib/python3.12/site-packages/airflow/example_dags/plugins/decreasing_priority_weight_strategy.py                                       0           0  0.05s           2026-06-28T11:04:47                       3
================================================================================
[2026-06-28T11:05:39.543+0000] {manager.py:997} INFO - 
================================================================================
DAG File Processing Stats

File Path                                                                                                                            PID  Runtime      # DAGs    # Errors  Last Runtime    Last Run               Last # of DB Queries
---------------------------------------------------------------------------------------------------------------------------------  -----  ---------  --------  ----------  --------------  -------------------  ----------------------
/home/airflow/.local/lib/python3.12/site-packages/airflow/example_dags/example_dataset_alias.py                                                             4           0  0.58s           2026-06-28T11:05:12                      27
/home/airflow/.local/lib/python3.12/site-packages/airflow/example_dags/example_dataset_alias_with_no_taskflow.py                                            4           0  0.55s           2026-06-28T11:05:12                      27
/home/airflow/.local/lib/python3.12/site-packages/airflow/example_dags/example_datasets.py                                                                 10           0  0.38s           2026-06-28T11:05:13                      49
/home/airflow/.local/lib/python3.12/site-packages/airflow/example_dags/example_outlet_event_extra.py                                                        3           0  0.27s           2026-06-28T11:05:15                      19
/home/airflow/.local/lib/python3.12/site-packages/airflow/example_dags/example_inlet_event_extra.py                                                         2           0  0.25s           2026-06-28T11:05:14                      15
/home/airflow/.local/lib/python3.12/site-packages/airflow/example_dags/example_dag_decorator.py                                                             1           0  0.25s           2026-06-28T11:05:10                      20
/home/airflow/.local/lib/python3.12/site-packages/airflow/example_dags/example_branch_operator.py                                                           1           0  0.20s           2026-06-28T11:05:10                      12
/home/airflow/.local/lib/python3.12/site-packages/airflow/example_dags/example_branch_operator_decorator.py                                                 1           0  0.20s           2026-06-28T11:05:10                      12
/home/airflow/.local/lib/python3.12/site-packages/airflow/example_dags/example_branch_labels.py                                                             1           0  0.18s           2026-06-28T11:05:09                      12
/home/airflow/.local/lib/python3.12/site-packages/airflow/example_dags/example_branch_datetime_operator.py                                                  3           0  0.15s           2026-06-28T11:05:09                      18
/home/airflow/.local/lib/python3.12/site-packages/airflow/example_dags/example_display_name.py                                                              1           0  0.15s           2026-06-28T11:05:13                      10
/home/airflow/.local/lib/python3.12/site-packages/airflow/example_dags/example_workday_timetable.py                                                         1           0  0.14s           2026-06-28T11:05:17                      12
/home/airflow/.local/lib/python3.12/site-packages/airflow/example_dags/example_complex.py                                                                   1           0  0.14s           2026-06-28T11:05:10                      10
/home/airflow/.local/lib/python3.12/site-packages/airflow/example_dags/example_branch_python_dop_operator_3.py                                              1           0  0.14s           2026-06-28T11:05:10                      12
/home/airflow/.local/lib/python3.12/site-packages/airflow/example_dags/example_params_ui_tutorial.py                                                        1           0  0.14s           2026-06-28T11:05:15                      10
/home/airflow/.local/lib/python3.12/site-packages/airflow/example_dags/example_subdag_operator.py                                                           3           0  0.13s           2026-06-28T11:05:17                      20
/home/airflow/.local/lib/python3.12/site-packages/airflow/example_dags/example_params_trigger_ui.py                                                         1           0  0.13s           2026-06-28T11:05:15                      10
/home/airflow/.local/lib/python3.12/site-packages/airflow/example_dags/example_setup_teardown_taskflow.py                                                   1           0  0.13s           2026-06-28T11:05:16                      12
/home/airflow/.local/lib/python3.12/site-packages/airflow/example_dags/example_trigger_target_dag.py                                                        1           0  0.13s           2026-06-28T11:05:17                      10
/home/airflow/.local/lib/python3.12/site-packages/airflow/example_dags/example_dynamic_task_mapping.py                                                      1           0  0.13s           2026-06-28T11:05:13                      12
/home/airflow/.local/lib/python3.12/site-packages/airflow/example_dags/example_branch_day_of_week_operator.py                                               1           0  0.12s           2026-06-28T11:05:09                      12
/home/airflow/.local/lib/python3.12/site-packages/airflow/example_dags/example_bash_operator.py                                                             1           0  0.12s           2026-06-28T11:05:09                      12
/home/airflow/.local/lib/python3.12/site-packages/airflow/example_dags/example_trigger_controller_dag.py                                                    1           0  0.12s           2026-06-28T11:05:17                      12
/home/airflow/.local/lib/python3.12/site-packages/airflow/example_dags/example_xcomargs.py                                                                  2           0  0.12s           2026-06-28T11:05:17                      13
/home/airflow/.local/lib/python3.12/site-packages/airflow/example_dags/example_kubernetes_executor.py                                                       1           0  0.12s           2026-06-28T11:05:14                      10
/home/airflow/.local/lib/python3.12/site-packages/airflow/example_dags/example_task_group_decorator.py                                                      1           0  0.12s           2026-06-28T11:05:17                      12
/home/airflow/.local/lib/python3.12/site-packages/airflow/example_dags/example_nested_branch_dag.py                                                         1           0  0.12s           2026-06-28T11:05:15                      12
/home/airflow/.local/lib/python3.12/site-packages/airflow/example_dags/example_sensors.py                                                                   1           0  0.12s           2026-06-28T11:05:16                      10
/home/airflow/.local/lib/python3.12/site-packages/airflow/example_dags/example_xcom.py                                                                      1           0  0.12s           2026-06-28T11:05:17                      12
/home/airflow/.local/lib/python3.12/site-packages/airflow/example_dags/example_python_decorator.py                                                          1           0  0.12s           2026-06-28T11:05:16                      10
/home/airflow/.local/lib/python3.12/site-packages/airflow/example_dags/example_bash_decorator.py                                     524  0.01s             1           0  0.12s           2026-06-28T11:05:08                      10
/home/airflow/.local/lib/python3.12/site-packages/airflow/example_dags/example_external_task_marker_dag.py                                                  2           0  0.11s           2026-06-28T11:05:13                      13
/home/airflow/.local/lib/python3.12/site-packages/airflow/example_dags/example_local_kubernetes_executor.py                                                 1           0  0.11s           2026-06-28T11:05:15                      10
/home/airflow/.local/lib/python3.12/site-packages/airflow/example_dags/example_dynamic_task_mapping_with_no_taskflow_operators.py                           1           0  0.11s           2026-06-28T11:05:13                      12
/home/airflow/.local/lib/python3.12/site-packages/airflow/example_dags/example_passing_params_via_test_command.py                                           1           0  0.11s           2026-06-28T11:05:15                      12
/home/airflow/.local/lib/python3.12/site-packages/airflow/example_dags/example_short_circuit_decorator.py                                                   1           0  0.11s           2026-06-28T11:05:17                      12
/home/airflow/.local/lib/python3.12/site-packages/airflow/example_dags/example_short_circuit_operator.py                                                    1           0  0.11s           2026-06-28T11:05:17                      12
/home/airflow/.local/lib/python3.12/site-packages/airflow/example_dags/example_sla_dag.py                                                                   1           0  0.11s           2026-06-28T11:05:17                      12
/home/airflow/.local/lib/python3.12/site-packages/airflow/example_dags/tutorial_objectstorage.py                                                            1           0  0.11s           2026-06-28T11:05:18                      10
/home/airflow/.local/lib/python3.12/site-packages/airflow/example_dags/example_skip_dag.py                                                                  1           0  0.11s           2026-06-28T11:05:17                      12
/home/airflow/.local/lib/python3.12/site-packages/airflow/example_dags/example_setup_teardown.py                                                            1           0  0.11s           2026-06-28T11:05:16                      12
/home/airflow/.local/lib/python3.12/site-packages/airflow/example_dags/example_task_group.py                                                                1           0  0.11s           2026-06-28T11:05:17                      12
/home/airflow/.local/lib/python3.12/site-packages/airflow/example_dags/example_python_operator.py                                                           1           0  0.11s           2026-06-28T11:05:16                      10
/home/airflow/.local/lib/python3.12/site-packages/airflow/example_dags/tutorial_taskflow_api_virtualenv.py                                                  1           0  0.11s           2026-06-28T11:05:18                      10
/home/airflow/.local/lib/python3.12/site-packages/airflow/example_dags/tutorial.py                                                                          1           0  0.11s           2026-06-28T11:05:17                      12
/home/airflow/.local/lib/python3.12/site-packages/airflow/example_dags/example_latest_only.py                                                               1           0  0.10s           2026-06-28T11:05:14                      12
/home/airflow/.local/lib/python3.12/site-packages/airflow/example_dags/example_sensor_decorator.py                                                          1           0  0.10s           2026-06-28T11:05:16                      10
/home/airflow/.local/lib/python3.12/site-packages/airflow/example_dags/example_time_delta_sensor_async.py                                                   1           0  0.10s           2026-06-28T11:05:17                      10
/home/airflow/.local/lib/python3.12/site-packages/airflow/example_dags/tutorial_dag.py                                                                      1           0  0.10s           2026-06-28T11:05:18                      10
/home/airflow/.local/lib/python3.12/site-packages/airflow/example_dags/example_latest_only_with_trigger.py                                                  1           0  0.10s           2026-06-28T11:05:15                      12
/home/airflow/.local/lib/python3.12/site-packages/airflow/example_dags/tutorial_taskflow_api.py                                                             1           0  0.09s           2026-06-28T11:05:18                      10
/home/airflow/.local/lib/python3.12/site-packages/airflow/example_dags/plugins/event_listener.py                                                            0           0  0.05s           2026-06-28T11:05:18                       3
/home/airflow/.local/lib/python3.12/site-packages/airflow/example_dags/plugins/decreasing_priority_weight_strategy.py                                       0           0  0.05s           2026-06-28T11:05:18                       3
/home/airflow/.local/lib/python3.12/site-packages/airflow/example_dags/subdags/subdag.py                                                                    0           0  0.05s           2026-06-28T11:05:18                       3
/home/airflow/.local/lib/python3.12/site-packages/airflow/example_dags/plugins/workday.py                                                                   0           0  0.05s           2026-06-28T11:05:18                       3
/home/airflow/.local/lib/python3.12/site-packages/airflow/example_dags/plugins/listener_plugin.py                                                           0           0  0.04s           2026-06-28T11:05:18                       3
================================================================================
[2026-06-28T11:06:10.194+0000] {manager.py:997} INFO - 
================================================================================
DAG File Processing Stats

File Path                                                                                                                            PID  Runtime      # DAGs    # Errors  Last Runtime    Last Run               Last # of DB Queries
---------------------------------------------------------------------------------------------------------------------------------  -----  ---------  --------  ----------  --------------  -------------------  ----------------------
/home/airflow/.local/lib/python3.12/site-packages/airflow/example_dags/example_datasets.py                                                                 10           0  0.44s           2026-06-28T11:05:44                      49
/home/airflow/.local/lib/python3.12/site-packages/airflow/example_dags/example_outlet_event_extra.py                                                        3           0  0.35s           2026-06-28T11:05:46                      19
/home/airflow/.local/lib/python3.12/site-packages/airflow/example_dags/example_dataset_alias_with_no_taskflow.py                                            4           0  0.35s           2026-06-28T11:05:42                      27
/home/airflow/.local/lib/python3.12/site-packages/airflow/example_dags/example_dataset_alias.py                                                             4           0  0.33s           2026-06-28T11:05:42                      27
/home/airflow/.local/lib/python3.12/site-packages/airflow/example_dags/example_inlet_event_extra.py                                                         2           0  0.31s           2026-06-28T11:05:45                      15
/home/airflow/.local/lib/python3.12/site-packages/airflow/example_dags/example_dag_decorator.py                                                             1           0  0.21s           2026-06-28T11:05:41                      20
/home/airflow/.local/lib/python3.12/site-packages/airflow/example_dags/example_params_trigger_ui.py                                                         1           0  0.17s           2026-06-28T11:05:45                      10
/home/airflow/.local/lib/python3.12/site-packages/airflow/example_dags/example_local_kubernetes_executor.py                                                 1           0  0.17s           2026-06-28T11:05:45                      10
/home/airflow/.local/lib/python3.12/site-packages/airflow/example_dags/example_subdag_operator.py                                                           3           0  0.16s           2026-06-28T11:05:47                      20
/home/airflow/.local/lib/python3.12/site-packages/airflow/example_dags/example_kubernetes_executor.py                                                       1           0  0.16s           2026-06-28T11:05:45                      10
/home/airflow/.local/lib/python3.12/site-packages/airflow/example_dags/example_workday_timetable.py                                                         1           0  0.16s           2026-06-28T11:05:48                      12
/home/airflow/.local/lib/python3.12/site-packages/airflow/example_dags/example_latest_only_with_trigger.py                                                  1           0  0.16s           2026-06-28T11:05:45                      12
/home/airflow/.local/lib/python3.12/site-packages/airflow/example_dags/example_external_task_marker_dag.py                                                  2           0  0.16s           2026-06-28T11:05:44                      13
/home/airflow/.local/lib/python3.12/site-packages/airflow/example_dags/example_params_ui_tutorial.py                                                        1           0  0.15s           2026-06-28T11:05:46                      10
/home/airflow/.local/lib/python3.12/site-packages/airflow/example_dags/example_branch_operator.py                                                           1           0  0.14s           2026-06-28T11:05:40                      12
/home/airflow/.local/lib/python3.12/site-packages/airflow/example_dags/example_nested_branch_dag.py                                                         1           0  0.14s           2026-06-28T11:05:45                      12
/home/airflow/.local/lib/python3.12/site-packages/airflow/example_dags/example_dynamic_task_mapping_with_no_taskflow_operators.py                           1           0  0.14s           2026-06-28T11:05:44                      12
/home/airflow/.local/lib/python3.12/site-packages/airflow/example_dags/example_branch_operator_decorator.py                                                 1           0  0.14s           2026-06-28T11:05:41                      12
/home/airflow/.local/lib/python3.12/site-packages/airflow/example_dags/example_short_circuit_operator.py                                                    1           0  0.13s           2026-06-28T11:05:47                      12
/home/airflow/.local/lib/python3.12/site-packages/airflow/example_dags/example_setup_teardown_taskflow.py                                                   1           0  0.13s           2026-06-28T11:05:47                      12
/home/airflow/.local/lib/python3.12/site-packages/airflow/example_dags/example_short_circuit_decorator.py                                                   1           0  0.13s           2026-06-28T11:05:47                      12
/home/airflow/.local/lib/python3.12/site-packages/airflow/example_dags/example_task_group_decorator.py                                                      1           0  0.13s           2026-06-28T11:05:48                      12
/home/airflow/.local/lib/python3.12/site-packages/airflow/example_dags/example_passing_params_via_test_command.py                                           1           0  0.13s           2026-06-28T11:05:46                      12
/home/airflow/.local/lib/python3.12/site-packages/airflow/example_dags/example_python_operator.py                                                           1           0  0.13s           2026-06-28T11:05:47                      10
/home/airflow/.local/lib/python3.12/site-packages/airflow/example_dags/example_latest_only.py                                                               1           0  0.13s           2026-06-28T11:05:45                      12
/home/airflow/.local/lib/python3.12/site-packages/airflow/example_dags/example_branch_python_dop_operator_3.py                                              1           0  0.13s           2026-06-28T11:05:41                      12
/home/airflow/.local/lib/python3.12/site-packages/airflow/example_dags/example_python_decorator.py                                                          1           0  0.13s           2026-06-28T11:05:47                      10
/home/airflow/.local/lib/python3.12/site-packages/airflow/example_dags/example_setup_teardown.py                                                            1           0  0.13s           2026-06-28T11:05:47                      12
/home/airflow/.local/lib/python3.12/site-packages/airflow/example_dags/example_dynamic_task_mapping.py                                                      1           0  0.13s           2026-06-28T11:05:43                      12
/home/airflow/.local/lib/python3.12/site-packages/airflow/example_dags/example_branch_datetime_operator.py                                                  3           0  0.13s           2026-06-28T11:05:40                      18
/home/airflow/.local/lib/python3.12/site-packages/airflow/example_dags/tutorial.py                                                                          1           0  0.13s           2026-06-28T11:05:48                      12
/home/airflow/.local/lib/python3.12/site-packages/airflow/example_dags/example_skip_dag.py                                                                  1           0  0.13s           2026-06-28T11:05:47                      12
/home/airflow/.local/lib/python3.12/site-packages/airflow/example_dags/example_xcom.py                                                                      1           0  0.12s           2026-06-28T11:05:48                      12
/home/airflow/.local/lib/python3.12/site-packages/airflow/example_dags/example_branch_labels.py                                                             1           0  0.12s           2026-06-28T11:05:40                      12
/home/airflow/.local/lib/python3.12/site-packages/airflow/example_dags/example_bash_operator.py                                                             1           0  0.12s           2026-06-28T11:05:40                      12
/home/airflow/.local/lib/python3.12/site-packages/airflow/example_dags/example_task_group.py                                                                1           0  0.12s           2026-06-28T11:05:47                      12
/home/airflow/.local/lib/python3.12/site-packages/airflow/example_dags/example_xcomargs.py                                                                  2           0  0.12s           2026-06-28T11:05:48                      13
/home/airflow/.local/lib/python3.12/site-packages/airflow/example_dags/example_sla_dag.py                                                                   1           0  0.12s           2026-06-28T11:05:47                      12
/home/airflow/.local/lib/python3.12/site-packages/airflow/example_dags/example_sensors.py                                                                   1           0  0.12s           2026-06-28T11:05:47                      10
/home/airflow/.local/lib/python3.12/site-packages/airflow/example_dags/tutorial_taskflow_api.py                                                             1           0  0.12s           2026-06-28T11:05:48                      10
/home/airflow/.local/lib/python3.12/site-packages/airflow/example_dags/example_display_name.py                                                              1           0  0.12s           2026-06-28T11:05:43                      10
/home/airflow/.local/lib/python3.12/site-packages/airflow/example_dags/example_complex.py                                                                   1           0  0.11s           2026-06-28T11:05:41                      10
/home/airflow/.local/lib/python3.12/site-packages/airflow/example_dags/example_sensor_decorator.py                                                          1           0  0.11s           2026-06-28T11:05:47                      10
/home/airflow/.local/lib/python3.12/site-packages/airflow/example_dags/tutorial_objectstorage.py                                                            1           0  0.11s           2026-06-28T11:05:48                      10
/home/airflow/.local/lib/python3.12/site-packages/airflow/example_dags/example_branch_day_of_week_operator.py                                               1           0  0.11s           2026-06-28T11:05:40                      12
/home/airflow/.local/lib/python3.12/site-packages/airflow/example_dags/tutorial_dag.py                                                                      1           0  0.11s           2026-06-28T11:05:48                      10
/home/airflow/.local/lib/python3.12/site-packages/airflow/example_dags/example_trigger_controller_dag.py                                                    1           0  0.11s           2026-06-28T11:05:48                      12
/home/airflow/.local/lib/python3.12/site-packages/airflow/example_dags/tutorial_taskflow_api_virtualenv.py                                                  1           0  0.11s           2026-06-28T11:05:48                      10
/home/airflow/.local/lib/python3.12/site-packages/airflow/example_dags/example_bash_decorator.py                                     585  0.01s             1           0  0.11s           2026-06-28T11:05:39                      10
/home/airflow/.local/lib/python3.12/site-packages/airflow/example_dags/example_time_delta_sensor_async.py                                                   1           0  0.10s           2026-06-28T11:05:48                      10
/home/airflow/.local/lib/python3.12/site-packages/airflow/example_dags/example_trigger_target_dag.py                                                        1           0  0.10s           2026-06-28T11:05:48                      10
/home/airflow/.local/lib/python3.12/site-packages/airflow/example_dags/plugins/listener_plugin.py                                                           0           0  0.06s           2026-06-28T11:05:48                       3
/home/airflow/.local/lib/python3.12/site-packages/airflow/example_dags/plugins/event_listener.py                                                            0           0  0.06s           2026-06-28T11:05:48                       3
/home/airflow/.local/lib/python3.12/site-packages/airflow/example_dags/plugins/decreasing_priority_weight_strategy.py                                       0           0  0.05s           2026-06-28T11:05:48                       3
/home/airflow/.local/lib/python3.12/site-packages/airflow/example_dags/subdags/subdag.py                                                                    0           0  0.05s           2026-06-28T11:05:49                       3
/home/airflow/.local/lib/python3.12/site-packages/airflow/example_dags/plugins/workday.py                                                                   0           0  0.05s           2026-06-28T11:05:49                       3
================================================================================
[2026-06-28T11:06:34.395+0000] {manager.py:821} INFO - Searching for files in /opt/airflow/dags
[2026-06-28T11:06:34.441+0000] {manager.py:824} INFO - There are 56 files in /opt/airflow/dags
[2026-06-28T11:06:40.529+0000] {manager.py:997} INFO - 
================================================================================
DAG File Processing Stats

File Path                                                                                                                            PID  Runtime      # DAGs    # Errors  Last Runtime    Last Run               Last # of DB Queries
---------------------------------------------------------------------------------------------------------------------------------  -----  ---------  --------  ----------  --------------  -------------------  ----------------------
/home/airflow/.local/lib/python3.12/site-packages/airflow/example_dags/example_datasets.py                                                                 10           0  0.44s           2026-06-28T11:06:14                      49
/home/airflow/.local/lib/python3.12/site-packages/airflow/example_dags/example_dataset_alias.py                                                             4           0  0.35s           2026-06-28T11:06:13                      27
/home/airflow/.local/lib/python3.12/site-packages/airflow/example_dags/example_dataset_alias_with_no_taskflow.py                                            4           0  0.35s           2026-06-28T11:06:13                      27
/home/airflow/.local/lib/python3.12/site-packages/airflow/example_dags/example_inlet_event_extra.py                                                         2           0  0.32s           2026-06-28T11:06:15                      15
/home/airflow/.local/lib/python3.12/site-packages/airflow/example_dags/example_outlet_event_extra.py                                                        3           0  0.31s           2026-06-28T11:06:16                      19
/home/airflow/.local/lib/python3.12/site-packages/airflow/example_dags/example_dag_decorator.py                                                             1           0  0.24s           2026-06-28T11:06:12                      20
/home/airflow/.local/lib/python3.12/site-packages/airflow/example_dags/example_short_circuit_operator.py                                                    1           0  0.24s           2026-06-28T11:06:18                      12
/home/airflow/.local/lib/python3.12/site-packages/airflow/example_dags/example_xcom.py                                                                      1           0  0.23s           2026-06-28T11:06:19                      12
/home/airflow/.local/lib/python3.12/site-packages/airflow/example_dags/example_workday_timetable.py                                                         1           0  0.23s           2026-06-28T11:06:19                      12
/home/airflow/.local/lib/python3.12/site-packages/airflow/example_dags/example_short_circuit_decorator.py                                                   1           0  0.20s           2026-06-28T11:06:18                      12
/home/airflow/.local/lib/python3.12/site-packages/airflow/example_dags/example_subdag_operator.py                                                           3           0  0.19s           2026-06-28T11:06:18                      20
/home/airflow/.local/lib/python3.12/site-packages/airflow/example_dags/tutorial.py                                                                          1           0  0.19s           2026-06-28T11:06:19                      12
/home/airflow/.local/lib/python3.12/site-packages/airflow/example_dags/example_xcomargs.py                                                                  2           0  0.19s           2026-06-28T11:06:19                      13
/home/airflow/.local/lib/python3.12/site-packages/airflow/example_dags/example_branch_datetime_operator.py                                                  3           0  0.19s           2026-06-28T11:06:11                      18
/home/airflow/.local/lib/python3.12/site-packages/airflow/example_dags/tutorial_dag.py                                                                      1           0  0.18s           2026-06-28T11:06:19                      10
/home/airflow/.local/lib/python3.12/site-packages/airflow/example_dags/example_bash_operator.py                                                             1           0  0.17s           2026-06-28T11:06:11                      12
/home/airflow/.local/lib/python3.12/site-packages/airflow/example_dags/example_skip_dag.py                                                                  1           0  0.17s           2026-06-28T11:06:18                      12
/home/airflow/.local/lib/python3.12/site-packages/airflow/example_dags/example_latest_only_with_trigger.py                                                  1           0  0.17s           2026-06-28T11:06:16                      12
/home/airflow/.local/lib/python3.12/site-packages/airflow/example_dags/example_nested_branch_dag.py                                                         1           0  0.17s           2026-06-28T11:06:16                      12
/home/airflow/.local/lib/python3.12/site-packages/airflow/example_dags/example_trigger_target_dag.py                                                        1           0  0.17s           2026-06-28T11:06:19                      10
/home/airflow/.local/lib/python3.12/site-packages/airflow/example_dags/example_dynamic_task_mapping_with_no_taskflow_operators.py                           1           0  0.17s           2026-06-28T11:06:14                      12
/home/airflow/.local/lib/python3.12/site-packages/airflow/example_dags/example_local_kubernetes_executor.py                                                 1           0  0.17s           2026-06-28T11:06:16                      10
/home/airflow/.local/lib/python3.12/site-packages/airflow/example_dags/example_task_group_decorator.py                                                      1           0  0.16s           2026-06-28T11:06:19                      12
/home/airflow/.local/lib/python3.12/site-packages/airflow/example_dags/example_kubernetes_executor.py                                                       1           0  0.16s           2026-06-28T11:06:15                      10
/home/airflow/.local/lib/python3.12/site-packages/airflow/example_dags/example_params_ui_tutorial.py                                                        1           0  0.16s           2026-06-28T11:06:16                      10
/home/airflow/.local/lib/python3.12/site-packages/airflow/example_dags/example_params_trigger_ui.py                                                         1           0  0.16s           2026-06-28T11:06:16                      10
/home/airflow/.local/lib/python3.12/site-packages/airflow/example_dags/example_complex.py                                                                   1           0  0.16s           2026-06-28T11:06:11                      10
/home/airflow/.local/lib/python3.12/site-packages/airflow/example_dags/example_trigger_controller_dag.py                                                    1           0  0.15s           2026-06-28T11:06:19                      12
/home/airflow/.local/lib/python3.12/site-packages/airflow/example_dags/example_task_group.py                                                                1           0  0.15s           2026-06-28T11:06:18                      12
/home/airflow/.local/lib/python3.12/site-packages/airflow/example_dags/example_dynamic_task_mapping.py                                                      1           0  0.15s           2026-06-28T11:06:14                      12
/home/airflow/.local/lib/python3.12/site-packages/airflow/example_dags/example_external_task_marker_dag.py                                                  2           0  0.15s           2026-06-28T11:06:14                      13
/home/airflow/.local/lib/python3.12/site-packages/airflow/example_dags/example_setup_teardown_taskflow.py                                                   1           0  0.15s           2026-06-28T11:06:18                      12
/home/airflow/.local/lib/python3.12/site-packages/airflow/example_dags/example_setup_teardown.py                                                            1           0  0.15s           2026-06-28T11:06:18                      12
/home/airflow/.local/lib/python3.12/site-packages/airflow/example_dags/example_branch_python_dop_operator_3.py                                              1           0  0.14s           2026-06-28T11:06:11                      12
/home/airflow/.local/lib/python3.12/site-packages/airflow/example_dags/example_time_delta_sensor_async.py                                                   1           0  0.14s           2026-06-28T11:06:19                      10
/home/airflow/.local/lib/python3.12/site-packages/airflow/example_dags/example_python_operator.py                                                           1           0  0.14s           2026-06-28T11:06:17                      10
/home/airflow/.local/lib/python3.12/site-packages/airflow/example_dags/example_display_name.py                                                              1           0  0.14s           2026-06-28T11:06:14                      10
/home/airflow/.local/lib/python3.12/site-packages/airflow/example_dags/example_sensors.py                                                                   1           0  0.14s           2026-06-28T11:06:18                      10
/home/airflow/.local/lib/python3.12/site-packages/airflow/example_dags/example_bash_decorator.py                                     647  0.01s             1           0  0.14s           2026-06-28T11:06:10                      10
/home/airflow/.local/lib/python3.12/site-packages/airflow/example_dags/example_python_decorator.py                                                          1           0  0.14s           2026-06-28T11:06:17                      10
/home/airflow/.local/lib/python3.12/site-packages/airflow/example_dags/example_sla_dag.py                                                                   1           0  0.14s           2026-06-28T11:06:18                      12
/home/airflow/.local/lib/python3.12/site-packages/airflow/example_dags/example_branch_operator_decorator.py                                                 1           0  0.14s           2026-06-28T11:06:11                      12
/home/airflow/.local/lib/python3.12/site-packages/airflow/example_dags/tutorial_objectstorage.py                                                            1           0  0.13s           2026-06-28T11:06:19                      10
/home/airflow/.local/lib/python3.12/site-packages/airflow/example_dags/example_branch_operator.py                                                           1           0  0.13s           2026-06-28T11:06:11                      12
/home/airflow/.local/lib/python3.12/site-packages/airflow/example_dags/tutorial_taskflow_api_virtualenv.py                                                  1           0  0.13s           2026-06-28T11:06:20                      10
/home/airflow/.local/lib/python3.12/site-packages/airflow/example_dags/example_latest_only.py                                                               1           0  0.13s           2026-06-28T11:06:15                      12
/home/airflow/.local/lib/python3.12/site-packages/airflow/example_dags/example_sensor_decorator.py                                                          1           0  0.12s           2026-06-28T11:06:18                      10
/home/airflow/.local/lib/python3.12/site-packages/airflow/example_dags/tutorial_taskflow_api.py                                                             1           0  0.12s           2026-06-28T11:06:20                      10
/home/airflow/.local/lib/python3.12/site-packages/airflow/example_dags/example_passing_params_via_test_command.py                                           1           0  0.12s           2026-06-28T11:06:16                      12
/home/airflow/.local/lib/python3.12/site-packages/airflow/example_dags/example_branch_day_of_week_operator.py                                               1           0  0.12s           2026-06-28T11:06:11                      12
/home/airflow/.local/lib/python3.12/site-packages/airflow/example_dags/example_branch_labels.py                                                             1           0  0.12s           2026-06-28T11:06:11                      12
/home/airflow/.local/lib/python3.12/site-packages/airflow/example_dags/plugins/workday.py                                                                   0           0  0.09s           2026-06-28T11:06:20                       3
/home/airflow/.local/lib/python3.12/site-packages/airflow/example_dags/plugins/event_listener.py                                                            0           0  0.07s           2026-06-28T11:06:20                       3
/home/airflow/.local/lib/python3.12/site-packages/airflow/example_dags/subdags/subdag.py                                                                    0           0  0.06s           2026-06-28T11:06:20                       3
/home/airflow/.local/lib/python3.12/site-packages/airflow/example_dags/plugins/decreasing_priority_weight_strategy.py                                       0           0  0.06s           2026-06-28T11:06:20                       3
/home/airflow/.local/lib/python3.12/site-packages/airflow/example_dags/plugins/listener_plugin.py                                                           0           0  0.06s           2026-06-28T11:06:20                       3
================================================================================
[2026-06-28T11:07:11.248+0000] {manager.py:997} INFO - 
================================================================================
DAG File Processing Stats

File Path                                                                                                                            PID  Runtime      # DAGs    # Errors  Last Runtime    Last Run               Last # of DB Queries
---------------------------------------------------------------------------------------------------------------------------------  -----  ---------  --------  ----------  --------------  -------------------  ----------------------
/home/airflow/.local/lib/python3.12/site-packages/airflow/example_dags/example_datasets.py                                                                 10           0  0.36s           2026-06-28T11:06:45                      49
/home/airflow/.local/lib/python3.12/site-packages/airflow/example_dags/example_inlet_event_extra.py                                                         2           0  0.36s           2026-06-28T11:06:46                      15
/home/airflow/.local/lib/python3.12/site-packages/airflow/example_dags/example_dataset_alias.py                                                             4           0  0.35s           2026-06-28T11:06:43                      27
/home/airflow/.local/lib/python3.12/site-packages/airflow/example_dags/example_dataset_alias_with_no_taskflow.py                                            4           0  0.34s           2026-06-28T11:06:43                      27
/home/airflow/.local/lib/python3.12/site-packages/airflow/example_dags/example_outlet_event_extra.py                                                        3           0  0.27s           2026-06-28T11:06:46                      19
/home/airflow/.local/lib/python3.12/site-packages/airflow/example_dags/example_dag_decorator.py                                                             1           0  0.20s           2026-06-28T11:06:42                      20
/home/airflow/.local/lib/python3.12/site-packages/airflow/example_dags/example_branch_operator.py                                                           1           0  0.18s           2026-06-28T11:06:42                      12
/home/airflow/.local/lib/python3.12/site-packages/airflow/example_dags/example_workday_timetable.py                                                         1           0  0.17s           2026-06-28T11:06:50                      12
/home/airflow/.local/lib/python3.12/site-packages/airflow/example_dags/example_task_group_decorator.py                                                      1           0  0.17s           2026-06-28T11:06:50                      12
/home/airflow/.local/lib/python3.12/site-packages/airflow/example_dags/example_local_kubernetes_executor.py                                                 1           0  0.16s           2026-06-28T11:06:46                      10
/home/airflow/.local/lib/python3.12/site-packages/airflow/example_dags/example_branch_datetime_operator.py                                                  3           0  0.16s           2026-06-28T11:06:41                      18
/home/airflow/.local/lib/python3.12/site-packages/airflow/example_dags/example_subdag_operator.py                                                           3           0  0.15s           2026-06-28T11:06:49                      20
/home/airflow/.local/lib/python3.12/site-packages/airflow/example_dags/example_latest_only_with_trigger.py                                                  1           0  0.15s           2026-06-28T11:06:46                      12
/home/airflow/.local/lib/python3.12/site-packages/airflow/example_dags/example_bash_operator.py                                                             1           0  0.15s           2026-06-28T11:06:41                      12
/home/airflow/.local/lib/python3.12/site-packages/airflow/example_dags/example_branch_operator_decorator.py                                                 1           0  0.15s           2026-06-28T11:06:42                      12
/home/airflow/.local/lib/python3.12/site-packages/airflow/example_dags/example_params_ui_tutorial.py                                                        1           0  0.15s           2026-06-28T11:06:47                      10
/home/airflow/.local/lib/python3.12/site-packages/airflow/example_dags/tutorial.py                                                                          1           0  0.15s           2026-06-28T11:06:50                      12
/home/airflow/.local/lib/python3.12/site-packages/airflow/example_dags/example_branch_labels.py                                                             1           0  0.15s           2026-06-28T11:06:41                      12
/home/airflow/.local/lib/python3.12/site-packages/airflow/example_dags/example_params_trigger_ui.py                                                         1           0  0.15s           2026-06-28T11:06:47                      10
/home/airflow/.local/lib/python3.12/site-packages/airflow/example_dags/example_dynamic_task_mapping_with_no_taskflow_operators.py                           1           0  0.14s           2026-06-28T11:06:44                      12
/home/airflow/.local/lib/python3.12/site-packages/airflow/example_dags/example_branch_python_dop_operator_3.py                                              1           0  0.14s           2026-06-28T11:06:42                      12
/home/airflow/.local/lib/python3.12/site-packages/airflow/example_dags/example_kubernetes_executor.py                                                       1           0  0.14s           2026-06-28T11:06:45                      10
/home/airflow/.local/lib/python3.12/site-packages/airflow/example_dags/example_trigger_controller_dag.py                                                    1           0  0.14s           2026-06-28T11:06:50                      12
/home/airflow/.local/lib/python3.12/site-packages/airflow/example_dags/example_latest_only.py                                                               1           0  0.13s           2026-06-28T11:06:46                      12
/home/airflow/.local/lib/python3.12/site-packages/airflow/example_dags/example_external_task_marker_dag.py                                                  2           0  0.13s           2026-06-28T11:06:44                      13
/home/airflow/.local/lib/python3.12/site-packages/airflow/example_dags/example_time_delta_sensor_async.py                                                   1           0  0.13s           2026-06-28T11:06:50                      10
/home/airflow/.local/lib/python3.12/site-packages/airflow/example_dags/example_setup_teardown.py                                                            1           0  0.13s           2026-06-28T11:06:49                      12
/home/airflow/.local/lib/python3.12/site-packages/airflow/example_dags/example_python_decorator.py                                                          1           0  0.13s           2026-06-28T11:06:48                      10
/home/airflow/.local/lib/python3.12/site-packages/airflow/example_dags/example_short_circuit_operator.py                                                    1           0  0.13s           2026-06-28T11:06:49                      12
/home/airflow/.local/lib/python3.12/site-packages/airflow/example_dags/example_nested_branch_dag.py                                                         1           0  0.12s           2026-06-28T11:06:46                      12
/home/airflow/.local/lib/python3.12/site-packages/airflow/example_dags/example_xcom.py                                                                      1           0  0.12s           2026-06-28T11:06:50                      12
/home/airflow/.local/lib/python3.12/site-packages/airflow/example_dags/tutorial_dag.py                                                                      1           0  0.12s           2026-06-28T11:06:50                      10
/home/airflow/.local/lib/python3.12/site-packages/airflow/example_dags/example_branch_day_of_week_operator.py                                               1           0  0.12s           2026-06-28T11:06:41                      12
/home/airflow/.local/lib/python3.12/site-packages/airflow/example_dags/example_complex.py                                                                   1           0  0.12s           2026-06-28T11:06:42                      10
/home/airflow/.local/lib/python3.12/site-packages/airflow/example_dags/example_passing_params_via_test_command.py                                           1           0  0.12s           2026-06-28T11:06:47                      12
/home/airflow/.local/lib/python3.12/site-packages/airflow/example_dags/example_bash_decorator.py                                     709  0.01s             1           0  0.12s           2026-06-28T11:06:40                      10
/home/airflow/.local/lib/python3.12/site-packages/airflow/example_dags/example_short_circuit_decorator.py                                                   1           0  0.12s           2026-06-28T11:06:49                      12
/home/airflow/.local/lib/python3.12/site-packages/airflow/example_dags/example_dynamic_task_mapping.py                                                      1           0  0.12s           2026-06-28T11:06:44                      12
/home/airflow/.local/lib/python3.12/site-packages/airflow/example_dags/example_task_group.py                                                                1           0  0.12s           2026-06-28T11:06:49                      12
/home/airflow/.local/lib/python3.12/site-packages/airflow/example_dags/example_sla_dag.py                                                                   1           0  0.12s           2026-06-28T11:06:49                      12
/home/airflow/.local/lib/python3.12/site-packages/airflow/example_dags/tutorial_objectstorage.py                                                            1           0  0.12s           2026-06-28T11:06:50                      10
/home/airflow/.local/lib/python3.12/site-packages/airflow/example_dags/example_sensors.py                                                                   1           0  0.12s           2026-06-28T11:06:49                      10
/home/airflow/.local/lib/python3.12/site-packages/airflow/example_dags/example_python_operator.py                                                           1           0  0.12s           2026-06-28T11:06:48                      10
/home/airflow/.local/lib/python3.12/site-packages/airflow/example_dags/example_trigger_target_dag.py                                                        1           0  0.11s           2026-06-28T11:06:50                      10
/home/airflow/.local/lib/python3.12/site-packages/airflow/example_dags/example_xcomargs.py                                                                  2           0  0.11s           2026-06-28T11:06:50                      13
/home/airflow/.local/lib/python3.12/site-packages/airflow/example_dags/example_skip_dag.py                                                                  1           0  0.11s           2026-06-28T11:06:49                      12
/home/airflow/.local/lib/python3.12/site-packages/airflow/example_dags/example_setup_teardown_taskflow.py                                                   1           0  0.11s           2026-06-28T11:06:49                      12
/home/airflow/.local/lib/python3.12/site-packages/airflow/example_dags/example_display_name.py                                                              1           0  0.11s           2026-06-28T11:06:44                      10
/home/airflow/.local/lib/python3.12/site-packages/airflow/example_dags/tutorial_taskflow_api_virtualenv.py                                                  1           0  0.10s           2026-06-28T11:06:50                      10
/home/airflow/.local/lib/python3.12/site-packages/airflow/example_dags/tutorial_taskflow_api.py                                                             1           0  0.10s           2026-06-28T11:06:50                      10
/home/airflow/.local/lib/python3.12/site-packages/airflow/example_dags/example_sensor_decorator.py                                                          1           0  0.10s           2026-06-28T11:06:49                      10
/home/airflow/.local/lib/python3.12/site-packages/airflow/example_dags/plugins/decreasing_priority_weight_strategy.py                                       0           0  0.05s           2026-06-28T11:06:50                       3
/home/airflow/.local/lib/python3.12/site-packages/airflow/example_dags/plugins/listener_plugin.py                                                           0           0  0.05s           2026-06-28T11:06:51                       3
/home/airflow/.local/lib/python3.12/site-packages/airflow/example_dags/plugins/event_listener.py                                                            0           0  0.05s           2026-06-28T11:06:50                       3
/home/airflow/.local/lib/python3.12/site-packages/airflow/example_dags/plugins/workday.py                                                                   0           0  0.05s           2026-06-28T11:06:51                       3
/home/airflow/.local/lib/python3.12/site-packages/airflow/example_dags/subdags/subdag.py                                                                    0           0  0.05s           2026-06-28T11:06:51                       3
================================================================================
[2026-06-28T11:07:41.773+0000] {manager.py:997} INFO - 
================================================================================
DAG File Processing Stats

File Path                                                                                                                            PID  Runtime      # DAGs    # Errors  Last Runtime    Last Run               Last # of DB Queries
---------------------------------------------------------------------------------------------------------------------------------  -----  ---------  --------  ----------  --------------  -------------------  ----------------------
/home/airflow/.local/lib/python3.12/site-packages/airflow/example_dags/example_inlet_event_extra.py                                                         2           0  0.36s           2026-06-28T11:07:16                      15
/home/airflow/.local/lib/python3.12/site-packages/airflow/example_dags/example_outlet_event_extra.py                                                        3           0  0.34s           2026-06-28T11:07:17                      19
/home/airflow/.local/lib/python3.12/site-packages/airflow/example_dags/example_datasets.py                                                                 10           0  0.32s           2026-06-28T11:07:15                      49
/home/airflow/.local/lib/python3.12/site-packages/airflow/example_dags/example_dataset_alias.py                                                             4           0  0.30s           2026-06-28T11:07:14                      27
/home/airflow/.local/lib/python3.12/site-packages/airflow/example_dags/example_dataset_alias_with_no_taskflow.py                                            4           0  0.29s           2026-06-28T11:07:14                      27
/home/airflow/.local/lib/python3.12/site-packages/airflow/example_dags/example_sensors.py                                                                   1           0  0.18s           2026-06-28T11:07:19                      10
/home/airflow/.local/lib/python3.12/site-packages/airflow/example_dags/example_local_kubernetes_executor.py                                                 1           0  0.18s           2026-06-28T11:07:17                      10
/home/airflow/.local/lib/python3.12/site-packages/airflow/example_dags/example_subdag_operator.py                                                           3           0  0.17s           2026-06-28T11:07:20                      20
/home/airflow/.local/lib/python3.12/site-packages/airflow/example_dags/example_latest_only_with_trigger.py                                                  1           0  0.17s           2026-06-28T11:07:17                      12
/home/airflow/.local/lib/python3.12/site-packages/airflow/example_dags/example_sensor_decorator.py                                                          1           0  0.16s           2026-06-28T11:07:19                      10
/home/airflow/.local/lib/python3.12/site-packages/airflow/example_dags/example_params_ui_tutorial.py                                                        1           0  0.16s           2026-06-28T11:07:17                      10
/home/airflow/.local/lib/python3.12/site-packages/airflow/example_dags/example_task_group_decorator.py                                                      1           0  0.16s           2026-06-28T11:07:20                      12
/home/airflow/.local/lib/python3.12/site-packages/airflow/example_dags/example_short_circuit_decorator.py                                                   1           0  0.15s           2026-06-28T11:07:20                      12
/home/airflow/.local/lib/python3.12/site-packages/airflow/example_dags/example_setup_teardown_taskflow.py                                                   1           0  0.15s           2026-06-28T11:07:20                      12
/home/airflow/.local/lib/python3.12/site-packages/airflow/example_dags/example_short_circuit_operator.py                                                    1           0  0.15s           2026-06-28T11:07:20                      12
/home/airflow/.local/lib/python3.12/site-packages/airflow/example_dags/example_task_group.py                                                                1           0  0.14s           2026-06-28T11:07:20                      12
/home/airflow/.local/lib/python3.12/site-packages/airflow/example_dags/example_params_trigger_ui.py                                                         1           0  0.14s           2026-06-28T11:07:17                      10
/home/airflow/.local/lib/python3.12/site-packages/airflow/example_dags/example_python_operator.py                                                           1           0  0.14s           2026-06-28T11:07:18                      10
/home/airflow/.local/lib/python3.12/site-packages/airflow/example_dags/example_setup_teardown.py                                                            1           0  0.14s           2026-06-28T11:07:19                      12
/home/airflow/.local/lib/python3.12/site-packages/airflow/example_dags/example_branch_operator.py                                                           1           0  0.14s           2026-06-28T11:07:12                      12
/home/airflow/.local/lib/python3.12/site-packages/airflow/example_dags/example_python_decorator.py                                                          1           0  0.14s           2026-06-28T11:07:18                      10
/home/airflow/.local/lib/python3.12/site-packages/airflow/example_dags/example_kubernetes_executor.py                                                       1           0  0.13s           2026-06-28T11:07:16                      10
/home/airflow/.local/lib/python3.12/site-packages/airflow/example_dags/example_bash_decorator.py                                     771  0.01s             1           0  0.13s           2026-06-28T11:07:11                      10
/home/airflow/.local/lib/python3.12/site-packages/airflow/example_dags/example_dag_decorator.py                                                             1           0  0.13s           2026-06-28T11:07:13                      10
/home/airflow/.local/lib/python3.12/site-packages/airflow/example_dags/example_workday_timetable.py                                                         1           0  0.13s           2026-06-28T11:07:20                      12
/home/airflow/.local/lib/python3.12/site-packages/airflow/example_dags/example_latest_only.py                                                               1           0  0.13s           2026-06-28T11:07:16                      12
/home/airflow/.local/lib/python3.12/site-packages/airflow/example_dags/example_branch_operator_decorator.py                                                 1           0  0.13s           2026-06-28T11:07:12                      12
/home/airflow/.local/lib/python3.12/site-packages/airflow/example_dags/example_complex.py                                                                   1           0  0.13s           2026-06-28T11:07:13                      10
/home/airflow/.local/lib/python3.12/site-packages/airflow/example_dags/example_branch_labels.py                                                             1           0  0.12s           2026-06-28T11:07:12                      12
/home/airflow/.local/lib/python3.12/site-packages/airflow/example_dags/example_nested_branch_dag.py                                                         1           0  0.12s           2026-06-28T11:07:17                      12
/home/airflow/.local/lib/python3.12/site-packages/airflow/example_dags/example_sla_dag.py                                                                   1           0  0.12s           2026-06-28T11:07:20                      12
/home/airflow/.local/lib/python3.12/site-packages/airflow/example_dags/example_passing_params_via_test_command.py                                           1           0  0.12s           2026-06-28T11:07:17                      12
/home/airflow/.local/lib/python3.12/site-packages/airflow/example_dags/example_dynamic_task_mapping.py                                                      1           0  0.12s           2026-06-28T11:07:15                      12
/home/airflow/.local/lib/python3.12/site-packages/airflow/example_dags/example_branch_datetime_operator.py                                                  3           0  0.12s           2026-06-28T11:07:12                      18
/home/airflow/.local/lib/python3.12/site-packages/airflow/example_dags/example_skip_dag.py                                                                  1           0  0.12s           2026-06-28T11:07:20                      12
/home/airflow/.local/lib/python3.12/site-packages/airflow/example_dags/example_bash_operator.py                                                             1           0  0.12s           2026-06-28T11:07:12                      12
/home/airflow/.local/lib/python3.12/site-packages/airflow/example_dags/tutorial_taskflow_api_virtualenv.py                                                  1           0  0.12s           2026-06-28T11:07:21                      10
/home/airflow/.local/lib/python3.12/site-packages/airflow/example_dags/example_dynamic_task_mapping_with_no_taskflow_operators.py                           1           0  0.11s           2026-06-28T11:07:15                      12
/home/airflow/.local/lib/python3.12/site-packages/airflow/example_dags/example_branch_day_of_week_operator.py                                               1           0  0.11s           2026-06-28T11:07:12                      12
/home/airflow/.local/lib/python3.12/site-packages/airflow/example_dags/example_trigger_target_dag.py                                                        1           0  0.11s           2026-06-28T11:07:20                      10
/home/airflow/.local/lib/python3.12/site-packages/airflow/example_dags/example_xcomargs.py                                                                  2           0  0.11s           2026-06-28T11:07:21                      13
/home/airflow/.local/lib/python3.12/site-packages/airflow/example_dags/example_branch_python_dop_operator_3.py                                              1           0  0.11s           2026-06-28T11:07:12                      12
/home/airflow/.local/lib/python3.12/site-packages/airflow/example_dags/tutorial_taskflow_api.py                                                             1           0  0.11s           2026-06-28T11:07:21                      10
/home/airflow/.local/lib/python3.12/site-packages/airflow/example_dags/example_trigger_controller_dag.py                                                    1           0  0.11s           2026-06-28T11:07:20                      12
/home/airflow/.local/lib/python3.12/site-packages/airflow/example_dags/example_external_task_marker_dag.py                                                  2           0  0.11s           2026-06-28T11:07:15                      13
/home/airflow/.local/lib/python3.12/site-packages/airflow/example_dags/example_xcom.py                                                                      1           0  0.11s           2026-06-28T11:07:21                      12
/home/airflow/.local/lib/python3.12/site-packages/airflow/example_dags/example_display_name.py                                                              1           0  0.11s           2026-06-28T11:07:15                      10
/home/airflow/.local/lib/python3.12/site-packages/airflow/example_dags/tutorial.py                                                                          1           0  0.10s           2026-06-28T11:07:21                      12
/home/airflow/.local/lib/python3.12/site-packages/airflow/example_dags/tutorial_objectstorage.py                                                            1           0  0.10s           2026-06-28T11:07:21                      10
/home/airflow/.local/lib/python3.12/site-packages/airflow/example_dags/tutorial_dag.py                                                                      1           0  0.10s           2026-06-28T11:07:21                      10
/home/airflow/.local/lib/python3.12/site-packages/airflow/example_dags/example_time_delta_sensor_async.py                                                   1           0  0.10s           2026-06-28T11:07:20                      10
/home/airflow/.local/lib/python3.12/site-packages/airflow/example_dags/plugins/decreasing_priority_weight_strategy.py                                       0           0  0.06s           2026-06-28T11:07:21                       3
/home/airflow/.local/lib/python3.12/site-packages/airflow/example_dags/plugins/workday.py                                                                   0           0  0.05s           2026-06-28T11:07:21                       3
/home/airflow/.local/lib/python3.12/site-packages/airflow/example_dags/plugins/event_listener.py                                                            0           0  0.05s           2026-06-28T11:07:21                       3
/home/airflow/.local/lib/python3.12/site-packages/airflow/example_dags/plugins/listener_plugin.py                                                           0           0  0.05s           2026-06-28T11:07:21                       3
/home/airflow/.local/lib/python3.12/site-packages/airflow/example_dags/subdags/subdag.py                                                                    0           0  0.05s           2026-06-28T11:07:21                       3
================================================================================
[2026-06-28T11:08:12.097+0000] {manager.py:997} INFO - 
================================================================================
DAG File Processing Stats

File Path                                                                                                                            PID  Runtime      # DAGs    # Errors  Last Runtime    Last Run               Last # of DB Queries
---------------------------------------------------------------------------------------------------------------------------------  -----  ---------  --------  ----------  --------------  -------------------  ----------------------
/home/airflow/.local/lib/python3.12/site-packages/airflow/example_dags/example_dataset_alias.py                                                             4           0  0.36s           2026-06-28T11:07:44                      27
/home/airflow/.local/lib/python3.12/site-packages/airflow/example_dags/example_dataset_alias_with_no_taskflow.py                                            4           0  0.35s           2026-06-28T11:07:44                      27
/home/airflow/.local/lib/python3.12/site-packages/airflow/example_dags/example_datasets.py                                                                 10           0  0.32s           2026-06-28T11:07:46                      49
/home/airflow/.local/lib/python3.12/site-packages/airflow/example_dags/example_inlet_event_extra.py                                                         2           0  0.29s           2026-06-28T11:07:47                      15
/home/airflow/.local/lib/python3.12/site-packages/airflow/example_dags/example_outlet_event_extra.py                                                        3           0  0.28s           2026-06-28T11:07:47                      19
/home/airflow/.local/lib/python3.12/site-packages/airflow/example_dags/example_dag_decorator.py                                                             1           0  0.20s           2026-06-28T11:07:43                      20
/home/airflow/.local/lib/python3.12/site-packages/airflow/example_dags/tutorial_taskflow_api.py                                                             1           0  0.18s           2026-06-28T11:07:51                      10
/home/airflow/.local/lib/python3.12/site-packages/airflow/example_dags/tutorial_objectstorage.py                                                            1           0  0.15s           2026-06-28T11:07:51                      10
/home/airflow/.local/lib/python3.12/site-packages/airflow/example_dags/example_dynamic_task_mapping.py                                                      1           0  0.15s           2026-06-28T11:07:45                      12
/home/airflow/.local/lib/python3.12/site-packages/airflow/example_dags/example_workday_timetable.py                                                         1           0  0.15s           2026-06-28T11:07:51                      12
/home/airflow/.local/lib/python3.12/site-packages/airflow/example_dags/example_latest_only.py                                                               1           0  0.15s           2026-06-28T11:07:47                      12
/home/airflow/.local/lib/python3.12/site-packages/airflow/example_dags/example_branch_operator_decorator.py                                                 1           0  0.14s           2026-06-28T11:07:43                      12
/home/airflow/.local/lib/python3.12/site-packages/airflow/example_dags/example_kubernetes_executor.py                                                       1           0  0.14s           2026-06-28T11:07:47                      10
/home/airflow/.local/lib/python3.12/site-packages/airflow/example_dags/example_branch_datetime_operator.py                                                  3           0  0.14s           2026-06-28T11:07:42                      18
/home/airflow/.local/lib/python3.12/site-packages/airflow/example_dags/example_task_group_decorator.py                                                      1           0  0.14s           2026-06-28T11:07:50                      12
/home/airflow/.local/lib/python3.12/site-packages/airflow/example_dags/example_branch_operator.py                                                           1           0  0.14s           2026-06-28T11:07:43                      12
/home/airflow/.local/lib/python3.12/site-packages/airflow/example_dags/example_python_decorator.py                                                          1           0  0.14s           2026-06-28T11:07:48                      10
/home/airflow/.local/lib/python3.12/site-packages/airflow/example_dags/example_display_name.py                                                              1           0  0.14s           2026-06-28T11:07:45                      10
/home/airflow/.local/lib/python3.12/site-packages/airflow/example_dags/example_bash_operator.py                                                             1           0  0.13s           2026-06-28T11:07:42                      12
/home/airflow/.local/lib/python3.12/site-packages/airflow/example_dags/example_short_circuit_decorator.py                                                   1           0  0.13s           2026-06-28T11:07:50                      12
/home/airflow/.local/lib/python3.12/site-packages/airflow/example_dags/example_subdag_operator.py                                                           3           0  0.13s           2026-06-28T11:07:50                      20
/home/airflow/.local/lib/python3.12/site-packages/airflow/example_dags/tutorial_taskflow_api_virtualenv.py                                                  1           0  0.13s           2026-06-28T11:07:51                      10
/home/airflow/.local/lib/python3.12/site-packages/airflow/example_dags/example_python_operator.py                                                           1           0  0.13s           2026-06-28T11:07:48                      10
/home/airflow/.local/lib/python3.12/site-packages/airflow/example_dags/example_passing_params_via_test_command.py                                           1           0  0.13s           2026-06-28T11:07:47                      12
/home/airflow/.local/lib/python3.12/site-packages/airflow/example_dags/example_complex.py                                                                   1           0  0.13s           2026-06-28T11:07:43                      10
/home/airflow/.local/lib/python3.12/site-packages/airflow/example_dags/example_nested_branch_dag.py                                                         1           0  0.13s           2026-06-28T11:07:47                      12
/home/airflow/.local/lib/python3.12/site-packages/airflow/example_dags/example_params_ui_tutorial.py                                                        1           0  0.13s           2026-06-28T11:07:47                      10
/home/airflow/.local/lib/python3.12/site-packages/airflow/example_dags/example_branch_labels.py                                                             1           0  0.13s           2026-06-28T11:07:43                      12
/home/airflow/.local/lib/python3.12/site-packages/airflow/example_dags/example_bash_decorator.py                                     833  0.01s             1           0  0.12s           2026-06-28T11:07:41                      10
/home/airflow/.local/lib/python3.12/site-packages/airflow/example_dags/example_local_kubernetes_executor.py                                                 1           0  0.12s           2026-06-28T11:07:47                      10
/home/airflow/.local/lib/python3.12/site-packages/airflow/example_dags/example_branch_python_dop_operator_3.py                                              1           0  0.12s           2026-06-28T11:07:43                      12
/home/airflow/.local/lib/python3.12/site-packages/airflow/example_dags/example_sensors.py                                                                   1           0  0.12s           2026-06-28T11:07:50                      10
/home/airflow/.local/lib/python3.12/site-packages/airflow/example_dags/example_dynamic_task_mapping_with_no_taskflow_operators.py                           1           0  0.12s           2026-06-28T11:07:45                      12
/home/airflow/.local/lib/python3.12/site-packages/airflow/example_dags/example_sensor_decorator.py                                                          1           0  0.12s           2026-06-28T11:07:49                      10
/home/airflow/.local/lib/python3.12/site-packages/airflow/example_dags/example_xcomargs.py                                                                  2           0  0.12s           2026-06-28T11:07:51                      13
/home/airflow/.local/lib/python3.12/site-packages/airflow/example_dags/example_params_trigger_ui.py                                                         1           0  0.12s           2026-06-28T11:07:47                      10
/home/airflow/.local/lib/python3.12/site-packages/airflow/example_dags/example_xcom.py                                                                      1           0  0.12s           2026-06-28T11:07:51                      12
/home/airflow/.local/lib/python3.12/site-packages/airflow/example_dags/tutorial.py                                                                          1           0  0.11s           2026-06-28T11:07:51                      12
/home/airflow/.local/lib/python3.12/site-packages/airflow/example_dags/example_branch_day_of_week_operator.py                                               1           0  0.11s           2026-06-28T11:07:43                      12
/home/airflow/.local/lib/python3.12/site-packages/airflow/example_dags/example_short_circuit_operator.py                                                    1           0  0.11s           2026-06-28T11:07:50                      12
/home/airflow/.local/lib/python3.12/site-packages/airflow/example_dags/example_task_group.py                                                                1           0  0.11s           2026-06-28T11:07:50                      12
/home/airflow/.local/lib/python3.12/site-packages/airflow/example_dags/example_external_task_marker_dag.py                                                  2           0  0.11s           2026-06-28T11:07:45                      13
/home/airflow/.local/lib/python3.12/site-packages/airflow/example_dags/example_trigger_controller_dag.py                                                    1           0  0.11s           2026-06-28T11:07:50                      12
/home/airflow/.local/lib/python3.12/site-packages/airflow/example_dags/example_time_delta_sensor_async.py                                                   1           0  0.11s           2026-06-28T11:07:50                      10
/home/airflow/.local/lib/python3.12/site-packages/airflow/example_dags/example_trigger_target_dag.py                                                        1           0  0.11s           2026-06-28T11:07:51                      10
/home/airflow/.local/lib/python3.12/site-packages/airflow/example_dags/example_latest_only_with_trigger.py                                                  1           0  0.11s           2026-06-28T11:07:47                      12
/home/airflow/.local/lib/python3.12/site-packages/airflow/example_dags/example_setup_teardown_taskflow.py                                                   1           0  0.11s           2026-06-28T11:07:50                      12
/home/airflow/.local/lib/python3.12/site-packages/airflow/example_dags/example_sla_dag.py                                                                   1           0  0.11s           2026-06-28T11:07:50                      12
/home/airflow/.local/lib/python3.12/site-packages/airflow/example_dags/example_skip_dag.py                                                                  1           0  0.10s           2026-06-28T11:07:50                      12
/home/airflow/.local/lib/python3.12/site-packages/airflow/example_dags/example_setup_teardown.py                                                            1           0  0.10s           2026-06-28T11:07:50                      12
/home/airflow/.local/lib/python3.12/site-packages/airflow/example_dags/tutorial_dag.py                                                                      1           0  0.10s           2026-06-28T11:07:51                      10
/home/airflow/.local/lib/python3.12/site-packages/airflow/example_dags/plugins/event_listener.py                                                            0           0  0.06s           2026-06-28T11:07:51                       3
/home/airflow/.local/lib/python3.12/site-packages/airflow/example_dags/plugins/workday.py                                                                   0           0  0.05s           2026-06-28T11:07:51                       3
/home/airflow/.local/lib/python3.12/site-packages/airflow/example_dags/subdags/subdag.py                                                                    0           0  0.05s           2026-06-28T11:07:51                       3
/home/airflow/.local/lib/python3.12/site-packages/airflow/example_dags/plugins/listener_plugin.py                                                           0           0  0.05s           2026-06-28T11:07:51                       3
/home/airflow/.local/lib/python3.12/site-packages/airflow/example_dags/plugins/decreasing_priority_weight_strategy.py                                       0           0  0.05s           2026-06-28T11:07:51                       3
================================================================================
[2026-06-28T11:08:41.501+0000] {manager.py:465} INFO - Exiting gracefully upon receiving signal 15
[2026-06-28T11:09:45.562+0000] {manager.py:483} INFO - Processing files using up to 2 processes at a time 
[2026-06-28T11:09:45.562+0000] {manager.py:484} INFO - Process each file at most once every 30 seconds
[2026-06-28T11:09:45.563+0000] {manager.py:485} INFO - Checking for new files in /opt/airflow/dags every 300 seconds
[2026-06-28T11:09:45.563+0000] {manager.py:821} INFO - Searching for files in /opt/airflow/dags
[2026-06-28T11:09:45.573+0000] {manager.py:824} INFO - There are 0 files in /opt/airflow/dags
[2026-06-28T11:12:42.638+0000] {manager.py:483} INFO - Processing files using up to 2 processes at a time 
[2026-06-28T11:12:42.639+0000] {manager.py:484} INFO - Process each file at most once every 30 seconds
[2026-06-28T11:12:42.640+0000] {manager.py:485} INFO - Checking for new files in /opt/airflow/dags every 300 seconds
[2026-06-28T11:12:42.640+0000] {manager.py:821} INFO - Searching for files in /opt/airflow/dags
[2026-06-28T11:12:42.668+0000] {manager.py:824} INFO - There are 0 files in /opt/airflow/dags
[2026-06-28T11:17:42.925+0000] {manager.py:821} INFO - Searching for files in /opt/airflow/dags
[2026-06-28T11:17:42.938+0000] {manager.py:824} INFO - There are 0 files in /opt/airflow/dags
[2026-06-28T11:19:03.820+0000] {manager.py:465} INFO - Exiting gracefully upon receiving signal 15
[2026-06-28T11:20:03.800+0000] {manager.py:483} INFO - Processing files using up to 2 processes at a time 
[2026-06-28T11:20:03.801+0000] {manager.py:484} INFO - Process each file at most once every 30 seconds
[2026-06-28T11:20:03.801+0000] {manager.py:485} INFO - Checking for new files in /opt/airflow/dags every 300 seconds
[2026-06-28T11:20:03.802+0000] {manager.py:821} INFO - Searching for files in /opt/airflow/dags
[2026-06-28T11:20:03.813+0000] {manager.py:824} INFO - There are 0 files in /opt/airflow/dags
[2026-06-28T11:25:04.215+0000] {manager.py:821} INFO - Searching for files in /opt/airflow/dags
[2026-06-28T11:25:04.228+0000] {manager.py:824} INFO - There are 0 files in /opt/airflow/dags
[2026-06-28T11:30:04.552+0000] {manager.py:821} INFO - Searching for files in /opt/airflow/dags
[2026-06-28T11:30:04.609+0000] {manager.py:824} INFO - There are 0 files in /opt/airflow/dags
[2026-06-28T11:35:04.858+0000] {manager.py:821} INFO - Searching for files in /opt/airflow/dags
[2026-06-28T11:35:04.870+0000] {manager.py:824} INFO - There are 0 files in /opt/airflow/dags
[2026-06-28T11:37:53.800+0000] {manager.py:465} INFO - Exiting gracefully upon receiving signal 15
[2026-06-28T11:38:45.755+0000] {manager.py:483} INFO - Processing files using up to 2 processes at a time 
[2026-06-28T11:38:45.756+0000] {manager.py:484} INFO - Process each file at most once every 30 seconds
[2026-06-28T11:38:45.756+0000] {manager.py:485} INFO - Checking for new files in /opt/airflow/dags every 300 seconds
[2026-06-28T11:38:45.757+0000] {manager.py:821} INFO - Searching for files in /opt/airflow/dags
[2026-06-28T11:38:45.773+0000] {manager.py:824} INFO - There are 0 files in /opt/airflow/dags
[2026-06-28T11:39:32.610+0000] {manager.py:465} INFO - Exiting gracefully upon receiving signal 15
[2026-06-28T11:40:49.573+0000] {manager.py:483} INFO - Processing files using up to 2 processes at a time 
[2026-06-28T11:40:49.574+0000] {manager.py:484} INFO - Process each file at most once every 30 seconds
[2026-06-28T11:40:49.574+0000] {manager.py:485} INFO - Checking for new files in /opt/airflow/dags every 300 seconds
[2026-06-28T11:40:49.575+0000] {manager.py:821} INFO - Searching for files in /opt/airflow/dags
[2026-06-28T11:40:49.585+0000] {manager.py:824} INFO - There are 0 files in /opt/airflow/dags
[2026-06-28T11:45:48.185+0000] {manager.py:465} INFO - Exiting gracefully upon receiving signal 15
[2026-06-28T11:46:38.705+0000] {manager.py:483} INFO - Processing files using up to 2 processes at a time 
[2026-06-28T11:46:38.706+0000] {manager.py:484} INFO - Process each file at most once every 30 seconds
[2026-06-28T11:46:38.706+0000] {manager.py:485} INFO - Checking for new files in /opt/airflow/dags every 300 seconds
[2026-06-28T11:46:38.707+0000] {manager.py:821} INFO - Searching for files in /opt/airflow/dags
[2026-06-28T11:46:38.722+0000] {manager.py:824} INFO - There are 0 files in /opt/airflow/dags
[2026-06-28T11:51:38.947+0000] {manager.py:821} INFO - Searching for files in /opt/airflow/dags
[2026-06-28T11:51:38.955+0000] {manager.py:824} INFO - There are 0 files in /opt/airflow/dags
[2026-06-28T11:56:39.156+0000] {manager.py:821} INFO - Searching for files in /opt/airflow/dags
[2026-06-28T11:56:39.166+0000] {manager.py:824} INFO - There are 0 files in /opt/airflow/dags
[2026-06-28T12:01:39.442+0000] {manager.py:821} INFO - Searching for files in /opt/airflow/dags
[2026-06-28T12:01:39.453+0000] {manager.py:824} INFO - There are 0 files in /opt/airflow/dags
[2026-06-28T12:06:39.644+0000] {manager.py:821} INFO - Searching for files in /opt/airflow/dags
[2026-06-28T12:06:39.654+0000] {manager.py:824} INFO - There are 0 files in /opt/airflow/dags
[2026-06-28T12:11:39.846+0000] {manager.py:821} INFO - Searching for files in /opt/airflow/dags
[2026-06-28T12:11:39.855+0000] {manager.py:824} INFO - There are 0 files in /opt/airflow/dags
